{"type":"FeatureCollection","crs":{"type":"name","properties":{"name":"EPSG:32639"}},"features":[{"type":"Feature","id":1,"geometry":{"type":"Point","coordinates":[404351.3049999997,2923008.6549999993]},"properties":{"OBJECTID":1,"Zone":"ZONE A","STRCTDPTH":7.194,"ELEV_GND":6.8460000000000001,"ELEV_INV":-0.34799999999999998,"LABEL":"A-MH-1","Inastallation_Status":4,"X":404351.3049999997,"Y":2923008.6549999993,"Depth_Class":"7 - 8 m","District":"Ahad"}},{"type":"Feature","id":2,"geometry":{"type":"Point","coordinates":[404387.08600000013,2923027.7716000006]},"properties":{"OBJECTID":2,"Zone":"ZONE A","STRCTDPTH":6.1129999999999995,"ELEV_GND":6.9669999999999996,"ELEV_INV":0.85399999999999998,"LABEL":"A-MH-1-1","Inastallation_Status":4,"X":404387.08600000013,"Y":2923027.7716000006,"Depth_Class":"6 - 7 m","District":"Ahad"}},{"type":"Feature","id":3,"geometry":{"type":"Point","coordinates":[404532.49199999962,2923416.8220000006]},"properties":{"OBJECTID":3,"Zone":"ZONE A","STRCTDPTH":5.6680000000000001,"ELEV_GND":7.0289999999999999,"ELEV_INV":1.361,"LABEL":"A-MH-1-10","Inastallation_Status":4,"X":404532.49199999962,"Y":2923416.8220000006,"Depth_Class":"5 - 6 m","District":"Ad Dabab"}},{"type":"Feature","id":4,"geometry":{"type":"Point","coordinates":[404590.12100000028,2923448.7390000001]},"properties":{"OBJECTID":4,"Zone":"ZONE A","STRCTDPTH":5.399,"ELEV_GND":6.8120000000000003,"ELEV_INV":1.413,"LABEL":"A-MH-1-11","Inastallation_Status":4,"X":404590.12100000028,"Y":2923448.7390000001,"Depth_Class":"5 - 6 m","District":"Ad Dabab"}},{"type":"Feature","id":5,"geometry":{"type":"Point","coordinates":[404647.27199999988,2923478.4169999994]},"properties":{"OBJECTID":5,"Zone":"ZONE A","STRCTDPTH":5.4610000000000003,"ELEV_GND":6.9260000000000002,"ELEV_INV":1.4650000000000001,"LABEL":"A-MH-1-12","Inastallation_Status":4,"X":404647.27199999988,"Y":2923478.4169999994,"Depth_Class":"5 - 6 m","District":"Ad Dabab"}},{"type":"Feature","id":6,"geometry":{"type":"Point","coordinates":[404453.23670000024,2923063.1139000002]},"properties":{"OBJECTID":6,"Zone":"ZONE A","STRCTDPTH":6.1520000000000001,"ELEV_GND":7.0659999999999998,"ELEV_INV":0.91400000000000003,"LABEL":"A-MH-1-2","Inastallation_Status":4,"X":404453.23670000024,"Y":2923063.1139000002,"Depth_Class":"6 - 7 m","District":"Ahad"}},{"type":"Feature","id":7,"geometry":{"type":"Point","coordinates":[404519.38750000019,2923098.4561000001]},"properties":{"OBJECTID":7,"Zone":"ZONE A","STRCTDPTH":6.2789999999999999,"ELEV_GND":7.2530000000000001,"ELEV_INV":0.97399999999999998,"LABEL":"A-MH-1-3","Inastallation_Status":4,"X":404519.38750000019,"Y":2923098.4561000001,"Depth_Class":"6 - 7 m","District":"Ahad"}},{"type":"Feature","id":8,"geometry":{"type":"Point","coordinates":[404585.53830000013,2923133.7983999997]},"properties":{"OBJECTID":8,"Zone":"ZONE A","STRCTDPTH":6.5289999999999999,"ELEV_GND":7.5629999999999997,"ELEV_INV":1.034,"LABEL":"A-MH-1-4","Inastallation_Status":4,"X":404585.53830000013,"Y":2923133.7983999997,"Depth_Class":"6 - 7 m","District":"Ahad"}},{"type":"Feature","id":9,"geometry":{"type":"Point","coordinates":[404651.68910000008,2923169.1405999996]},"properties":{"OBJECTID":9,"Zone":"ZONE A","STRCTDPTH":6.3479999999999999,"ELEV_GND":7.4420000000000002,"ELEV_INV":1.0940000000000001,"LABEL":"A-MH-1-5","Inastallation_Status":4,"X":404651.68910000008,"Y":2923169.1405999996,"Depth_Class":"6 - 7 m","District":"Ahad"}},{"type":"Feature","id":10,"geometry":{"type":"Point","coordinates":[404619.99760000035,2923210.7754999995]},"properties":{"OBJECTID":10,"Zone":"ZONE A","STRCTDPTH":6.4630000000000001,"ELEV_GND":7.5990000000000002,"ELEV_INV":1.1359999999999999,"LABEL":"A-MH-1-6","Inastallation_Status":4,"X":404619.99760000035,"Y":2923210.7754999995,"Depth_Class":"6 - 7 m","District":"Ahad"}},{"type":"Feature","id":11,"geometry":{"type":"Point","coordinates":[404574.57199999969,2923270.4539000001]},"properties":{"OBJECTID":11,"Zone":"ZONE A","STRCTDPTH":6.2240000000000002,"ELEV_GND":7.4199999999999999,"ELEV_INV":1.196,"LABEL":"A-MH-1-7","Inastallation_Status":4,"X":404574.57199999969,"Y":2923270.4539000001,"Depth_Class":"6 - 7 m","District":"Ahad"}},{"type":"Feature","id":12,"geometry":{"type":"Point","coordinates":[404529.14630000014,2923330.1323000006]},"properties":{"OBJECTID":12,"Zone":"ZONE A","STRCTDPTH":5.8359999999999994,"ELEV_GND":7.0919999999999996,"ELEV_INV":1.256,"LABEL":"A-MH-1-8","Inastallation_Status":4,"X":404529.14630000014,"Y":2923330.1323000006,"Depth_Class":"5 - 6 m","District":"Ahad"}},{"type":"Feature","id":13,"geometry":{"type":"Point","coordinates":[404483.72070000041,2923389.8106999993]},"properties":{"OBJECTID":13,"Zone":"ZONE A","STRCTDPTH":5.6909999999999998,"ELEV_GND":7.0069999999999997,"ELEV_INV":1.3160000000000001,"LABEL":"A-MH-1-9","Inastallation_Status":4,"X":404483.72070000041,"Y":2923389.8106999993,"Depth_Class":"5 - 6 m","District":"Ahad"}},{"type":"Feature","id":14,"geometry":{"type":"Point","coordinates":[404287.96600000001,2922974.8149999995]},"properties":{"OBJECTID":14,"Zone":"ZONE A","STRCTDPTH":7.1280000000000001,"ELEV_GND":6.8460000000000001,"ELEV_INV":-0.28199999999999997,"LABEL":"A-MH-2","Inastallation_Status":1,"X":404287.96600000001,"Y":2922974.8149999995,"Depth_Class":"7 - 8 m","District":"Ahad"}},{"type":"Feature","id":15,"geometry":{"type":"Point","coordinates":[404335.42700000014,2922887.1199999992]},"properties":{"OBJECTID":15,"Zone":"ZONE A","STRCTDPTH":6.7199999999999998,"ELEV_GND":7.1529999999999996,"ELEV_INV":0.433,"LABEL":"A-MH-2-1","Inastallation_Status":4,"X":404335.42700000014,"Y":2922887.1199999992,"Depth_Class":"6 - 7 m","District":"Ahad"}},{"type":"Feature","id":16,"geometry":{"type":"Point","coordinates":[404395.01699999999,2922920.3839999996]},"properties":{"OBJECTID":16,"Zone":"ZONE A","STRCTDPTH":6.5030000000000001,"ELEV_GND":7.3310000000000004,"ELEV_INV":0.82799999999999996,"LABEL":"A-MH-2-1-1","Inastallation_Status":4,"X":404395.01699999999,"Y":2922920.3839999996,"Depth_Class":"6 - 7 m","District":"Ahad"}},{"type":"Feature","id":17,"geometry":{"type":"Point","coordinates":[404821.03100000042,2922816.8959999997]},"properties":{"OBJECTID":17,"Zone":"ZONE A","STRCTDPTH":5.9359999999999999,"ELEV_GND":7.8150000000000004,"ELEV_INV":1.879,"LABEL":"A-MH-2-1-10","Inastallation_Status":4,"X":404821.03100000042,"Y":2922816.8959999997,"Depth_Class":"5 - 6 m","District":"Ahad"}},{"type":"Feature","id":18,"geometry":{"type":"Point","coordinates":[404862.87899999972,2922761.841]},"properties":{"OBJECTID":18,"Zone":"ZONE A","STRCTDPTH":5.5249999999999995,"ELEV_GND":7.6479999999999997,"ELEV_INV":2.1230000000000002,"LABEL":"A-MH-2-1-11","Inastallation_Status":4,"X":404862.87899999972,"Y":2922761.841,"Depth_Class":"5 - 6 m","District":"Ahad"}},{"type":"Feature","id":19,"geometry":{"type":"Point","coordinates":[404903.29700000025,2922708.4269999992]},"properties":{"OBJECTID":19,"Zone":"ZONE A","STRCTDPTH":5.5410000000000004,"ELEV_GND":7.798,"ELEV_INV":2.2570000000000001,"LABEL":"A-MH-2-1-12","Inastallation_Status":4,"X":404903.29700000025,"Y":2922708.4269999992,"Depth_Class":"5 - 6 m","District":"Ahad"}},{"type":"Feature","id":20,"geometry":{"type":"Point","coordinates":[404943.7379999999,2922656.1750000007]},"properties":{"OBJECTID":20,"Zone":"ZONE A","STRCTDPTH":5.5999999999999996,"ELEV_GND":7.9889999999999999,"ELEV_INV":2.3889999999999998,"LABEL":"A-MH-2-1-13","Inastallation_Status":4,"X":404943.7379999999,"Y":2922656.1750000007,"Depth_Class":"5 - 6 m","District":"Ahad"}},{"type":"Feature","id":21,"geometry":{"type":"Point","coordinates":[404988.1660000002,2922597.3829999994]},"properties":{"OBJECTID":21,"Zone":"ZONE A","STRCTDPTH":5.5969999999999995,"ELEV_GND":8.1329999999999991,"ELEV_INV":2.536,"LABEL":"A-MH-2-1-14","Inastallation_Status":4,"X":404988.1660000002,"Y":2922597.3829999994,"Depth_Class":"5 - 6 m","District":"Ahad"}},{"type":"Feature","id":22,"geometry":{"type":"Point","coordinates":[405018.34900000039,2922557.4560000002]},"properties":{"OBJECTID":22,"Zone":"ZONE A","STRCTDPTH":5.7379999999999995,"ELEV_GND":8.375,"ELEV_INV":2.637,"LABEL":"A-MH-2-1-15","Inastallation_Status":4,"X":405018.34900000039,"Y":2922557.4560000002,"Depth_Class":"5 - 6 m","District":"Ahad"}},{"type":"Feature","id":23,"geometry":{"type":"Point","coordinates":[405047.90500000026,2922518.5850000009]},"properties":{"OBJECTID":23,"Zone":"ZONE A","STRCTDPTH":5.6549999999999994,"ELEV_GND":8.3889999999999993,"ELEV_INV":2.734,"LABEL":"A-MH-2-1-16","Inastallation_Status":4,"X":405047.90500000026,"Y":2922518.5850000009,"Depth_Class":"5 - 6 m","District":"Ahad"}},{"type":"Feature","id":24,"geometry":{"type":"Point","coordinates":[405087.42700000014,2922466.8599999994]},"properties":{"OBJECTID":24,"Zone":"ZONE A","STRCTDPTH":5.7500000000000009,"ELEV_GND":8.6140000000000008,"ELEV_INV":2.8639999999999999,"LABEL":"A-MH-2-1-17","Inastallation_Status":4,"X":405087.42700000014,"Y":2922466.8599999994,"Depth_Class":"5 - 6 m","District":"Ahad"}},{"type":"Feature","id":25,"geometry":{"type":"Point","coordinates":[405124.82299999986,2922417.6280000005]},"properties":{"OBJECTID":25,"Zone":"ZONE A","STRCTDPTH":5.7599999999999998,"ELEV_GND":8.7479999999999993,"ELEV_INV":2.988,"LABEL":"A-MH-2-1-18","Inastallation_Status":4,"X":405124.82299999986,"Y":2922417.6280000005,"Depth_Class":"5 - 6 m","District":"Ahad"}},{"type":"Feature","id":26,"geometry":{"type":"Point","coordinates":[405170.20399999991,2922357.9460000005]},"properties":{"OBJECTID":26,"Zone":"ZONE A","STRCTDPTH":5.8499999999999996,"ELEV_GND":8.9879999999999995,"ELEV_INV":3.1379999999999999,"LABEL":"A-MH-2-1-19","Inastallation_Status":4,"X":405170.20399999991,"Y":2922357.9460000005,"Depth_Class":"5 - 6 m","District":"Ahad"}},{"type":"Feature","id":27,"geometry":{"type":"Point","coordinates":[404450.43499999959,2922950.6870000008]},"properties":{"OBJECTID":27,"Zone":"ZONE A","STRCTDPTH":6.5449999999999999,"ELEV_GND":7.4740000000000002,"ELEV_INV":0.92900000000000005,"LABEL":"A-MH-2-1-2","Inastallation_Status":4,"X":404450.43499999959,"Y":2922950.6870000008,"Depth_Class":"6 - 7 m","District":"Ahad"}},{"type":"Feature","id":28,"geometry":{"type":"Point","coordinates":[405212.4040000001,2922305.625]},"properties":{"OBJECTID":28,"Zone":"ZONE A","STRCTDPTH":5.3170000000000002,"ELEV_GND":8.8140000000000001,"ELEV_INV":3.4969999999999999,"LABEL":"A-MH-2-1-20","Inastallation_Status":4,"X":405212.4040000001,"Y":2922305.625,"Depth_Class":"5 - 6 m","District":"Ahad"}},{"type":"Feature","id":29,"geometry":{"type":"Point","coordinates":[405197.17599999998,2922296.8080000002]},"properties":{"OBJECTID":29,"Zone":"ZONE A","STRCTDPTH":5.3740000000000006,"ELEV_GND":8.9320000000000004,"ELEV_INV":3.5579999999999998,"LABEL":"A-MH-2-1-21","Inastallation_Status":4,"X":405197.17599999998,"Y":2922296.8080000002,"Depth_Class":"5 - 6 m","District":"Ahad"}},{"type":"Feature","id":30,"geometry":{"type":"Point","coordinates":[405203.89199999999,2922285.5549999997]},"properties":{"OBJECTID":30,"Zone":"ZONE A","STRCTDPTH":5.2839999999999998,"ELEV_GND":8.8879999999999999,"ELEV_INV":3.6040000000000001,"LABEL":"A-MH-2-1-22","Inastallation_Status":4,"X":405203.89199999999,"Y":2922285.5549999997,"Depth_Class":"5 - 6 m","District":"Ahad"}},{"type":"Feature","id":31,"geometry":{"type":"Point","coordinates":[405240.31900000013,2922219.9348000009]},"properties":{"OBJECTID":31,"Zone":"ZONE A","STRCTDPTH":5.1629999999999994,"ELEV_GND":9.0299999999999994,"ELEV_INV":3.867,"LABEL":"A-MH-2-1-23","Inastallation_Status":4,"X":405240.31900000013,"Y":2922219.9348000009,"Depth_Class":"5 - 6 m","District":"Ahad"}},{"type":"Feature","id":32,"geometry":{"type":"Point","coordinates":[405272.56799999997,2922161.841]},"properties":{"OBJECTID":32,"Zone":"ZONE A","STRCTDPTH":5.1300000000000008,"ELEV_GND":9.2300000000000004,"ELEV_INV":4.0999999999999996,"LABEL":"A-MH-2-1-24","Inastallation_Status":4,"X":405272.56799999997,"Y":2922161.841,"Depth_Class":"5 - 6 m","District":"Ahad"}},{"type":"Feature","id":33,"geometry":{"type":"Point","coordinates":[405309.93300000019,2922094.5409999993]},"properties":{"OBJECTID":33,"Zone":"ZONE A","STRCTDPTH":4.8420000000000005,"ELEV_GND":9.2110000000000003,"ELEV_INV":4.3689999999999998,"LABEL":"A-MH-2-1-25","Inastallation_Status":4,"X":405309.93300000019,"Y":2922094.5409999993,"Depth_Class":"4 - 5 m","District":"Ahad"}},{"type":"Feature","id":34,"geometry":{"type":"Point","coordinates":[405341.85699999984,2922036.6260000002]},"properties":{"OBJECTID":34,"Zone":"ZONE A","STRCTDPTH":4.8520000000000003,"ELEV_GND":9.452,"ELEV_INV":4.5999999999999996,"LABEL":"A-MH-2-1-26","Inastallation_Status":4,"X":405341.85699999984,"Y":2922036.6260000002,"Depth_Class":"4 - 5 m","District":"Ahad"}},{"type":"Feature","id":35,"geometry":{"type":"Point","coordinates":[405376.5393000003,2921974.2185999993]},"properties":{"OBJECTID":35,"Zone":"ZONE A","STRCTDPTH":4.8780000000000001,"ELEV_GND":9.7279999999999998,"ELEV_INV":4.8499999999999996,"LABEL":"A-MH-2-1-27","Inastallation_Status":4,"X":405376.5393000003,"Y":2921974.2185999993,"Depth_Class":"4 - 5 m","District":"Ahad"}},{"type":"Feature","id":36,"geometry":{"type":"Point","coordinates":[405408.9709999999,2921915.8609999996]},"properties":{"OBJECTID":36,"Zone":"ZONE A","STRCTDPTH":4.979000000000001,"ELEV_GND":10.063000000000001,"ELEV_INV":5.0839999999999996,"LABEL":"A-MH-2-1-28","Inastallation_Status":4,"X":405408.9709999999,"Y":2921915.8609999996,"Depth_Class":"4 - 5 m","District":"Ahad"}},{"type":"Feature","id":37,"geometry":{"type":"Point","coordinates":[405446.66399999987,2921847.1050000004]},"properties":{"OBJECTID":37,"Zone":"ZONE A","STRCTDPTH":5.391,"ELEV_GND":10.625,"ELEV_INV":5.234,"LABEL":"A-MH-2-1-29","Inastallation_Status":4,"X":405446.66399999987,"Y":2921847.1050000004,"Depth_Class":"5 - 6 m","District":"Ahad"}},{"type":"Feature","id":38,"geometry":{"type":"Point","coordinates":[404505.27799999993,2922981.4560000002]},"properties":{"OBJECTID":38,"Zone":"ZONE A","STRCTDPTH":6.282,"ELEV_GND":7.3109999999999999,"ELEV_INV":1.0289999999999999,"LABEL":"A-MH-2-1-3","Inastallation_Status":4,"X":404505.27799999993,"Y":2922981.4560000002,"Depth_Class":"6 - 7 m","District":"Ahad"}},{"type":"Feature","id":39,"geometry":{"type":"Point","coordinates":[405485.06199999992,2921778.5859999992]},"properties":{"OBJECTID":39,"Zone":"ZONE A","STRCTDPTH":5.3350000000000009,"ELEV_GND":10.707000000000001,"ELEV_INV":5.3719999999999999,"LABEL":"A-MH-2-1-30","Inastallation_Status":4,"X":405485.06199999992,"Y":2921778.5859999992,"Depth_Class":"5 - 6 m","District":"Ahad"}},{"type":"Feature","id":40,"geometry":{"type":"Point","coordinates":[405529.49600000028,2921697.0840000007]},"properties":{"OBJECTID":40,"Zone":"ZONE A","STRCTDPTH":4.9479999999999995,"ELEV_GND":10.481999999999999,"ELEV_INV":5.5339999999999998,"LABEL":"A-MH-2-1-31","Inastallation_Status":4,"X":405529.49600000028,"Y":2921697.0840000007,"Depth_Class":"4 - 5 m","District":"Ahad"}},{"type":"Feature","id":41,"geometry":{"type":"Point","coordinates":[405560.98500000034,2921639.4189999998]},"properties":{"OBJECTID":41,"Zone":"ZONE A","STRCTDPTH":4.8409999999999993,"ELEV_GND":10.77,"ELEV_INV":5.9290000000000003,"LABEL":"A-MH-2-1-32","Inastallation_Status":4,"X":405560.98500000034,"Y":2921639.4189999998,"Depth_Class":"4 - 5 m","District":"Ahad"}},{"type":"Feature","id":42,"geometry":{"type":"Point","coordinates":[405587.72800000012,2921591.102]},"properties":{"OBJECTID":42,"Zone":"ZONE A","STRCTDPTH":4.9349999999999996,"ELEV_GND":11.071,"ELEV_INV":6.1360000000000001,"LABEL":"A-MH-2-1-33","Inastallation_Status":4,"X":405587.72800000012,"Y":2921591.102,"Depth_Class":"4 - 5 m","District":"Ahad"}},{"type":"Feature","id":43,"geometry":{"type":"Point","coordinates":[405624.98500000034,2921524.1199999992]},"properties":{"OBJECTID":43,"Zone":"ZONE A","STRCTDPTH":4.9909999999999988,"ELEV_GND":11.414999999999999,"ELEV_INV":6.4240000000000004,"LABEL":"A-MH-2-1-34","Inastallation_Status":4,"X":405624.98500000034,"Y":2921524.1199999992,"Depth_Class":"4 - 5 m","District":"Ahad"}},{"type":"Feature","id":44,"geometry":{"type":"Point","coordinates":[405659.76400000043,2921460.3300000001]},"properties":{"OBJECTID":44,"Zone":"ZONE A","STRCTDPTH":4.9860000000000007,"ELEV_GND":11.682,"ELEV_INV":6.6959999999999997,"LABEL":"A-MH-2-1-35","Inastallation_Status":4,"X":405659.76400000043,"Y":2921460.3300000001,"Depth_Class":"4 - 5 m","District":"Ahad"}},{"type":"Feature","id":45,"geometry":{"type":"Point","coordinates":[405689.86089999974,2921406.1403000001]},"properties":{"OBJECTID":45,"Zone":"ZONE A","STRCTDPTH":4.7669999999999995,"ELEV_GND":11.696,"ELEV_INV":6.9290000000000003,"LABEL":"A-MH-2-1-36","Inastallation_Status":4,"X":405689.86089999974,"Y":2921406.1403000001,"Depth_Class":"4 - 5 m","District":"Ahad"}},{"type":"Feature","id":46,"geometry":{"type":"Point","coordinates":[405722.92899999954,2921346.6009999998]},"properties":{"OBJECTID":46,"Zone":"ZONE A","STRCTDPTH":4.6109999999999998,"ELEV_GND":11.795,"ELEV_INV":7.1840000000000002,"LABEL":"A-MH-2-1-37","Inastallation_Status":4,"X":405722.92899999954,"Y":2921346.6009999998,"Depth_Class":"4 - 5 m","District":"Ahad"}},{"type":"Feature","id":47,"geometry":{"type":"Point","coordinates":[404575.65000000037,2923020.3249999993]},"properties":{"OBJECTID":47,"Zone":"ZONE A","STRCTDPTH":6.0060000000000002,"ELEV_GND":7.1639999999999997,"ELEV_INV":1.1579999999999999,"LABEL":"A-MH-2-1-4","Inastallation_Status":4,"X":404575.65000000037,"Y":2923020.3249999993,"Depth_Class":"6 - 7 m","District":"Ahad"}},{"type":"Feature","id":48,"geometry":{"type":"Point","coordinates":[404639.03000000026,2923055.4199999999]},"properties":{"OBJECTID":48,"Zone":"ZONE A","STRCTDPTH":5.7450000000000001,"ELEV_GND":7.0190000000000001,"ELEV_INV":1.274,"LABEL":"A-MH-2-1-5","Inastallation_Status":4,"X":404639.03000000026,"Y":2923055.4199999999,"Depth_Class":"5 - 6 m","District":"Ahad"}},{"type":"Feature","id":49,"geometry":{"type":"Point","coordinates":[404680.1660000002,2923001.8880000003]},"properties":{"OBJECTID":49,"Zone":"ZONE A","STRCTDPTH":5.7949999999999999,"ELEV_GND":7.2089999999999996,"ELEV_INV":1.4139999999999999,"LABEL":"A-MH-2-1-6","Inastallation_Status":4,"X":404680.1660000002,"Y":2923001.8880000003,"Depth_Class":"5 - 6 m","District":"Ahad"}},{"type":"Feature","id":50,"geometry":{"type":"Point","coordinates":[404701.87700000033,2922973.7369999997]},"properties":{"OBJECTID":50,"Zone":"ZONE A","STRCTDPTH":5.8409999999999993,"ELEV_GND":7.3259999999999996,"ELEV_INV":1.4850000000000001,"LABEL":"A-MH-2-1-7","Inastallation_Status":4,"X":404701.87700000033,"Y":2922973.7369999997,"Depth_Class":"5 - 6 m","District":"Ahad"}},{"type":"Feature","id":51,"geometry":{"type":"Point","coordinates":[404741.93800000008,2922920.5889999997]},"properties":{"OBJECTID":51,"Zone":"ZONE A","STRCTDPTH":5.8819999999999997,"ELEV_GND":7.5,"ELEV_INV":1.6180000000000001,"LABEL":"A-MH-2-1-8","Inastallation_Status":4,"X":404741.93800000008,"Y":2922920.5889999997,"Depth_Class":"5 - 6 m","District":"Ahad"}},{"type":"Feature","id":52,"geometry":{"type":"Point","coordinates":[404781.20100000035,2922868.9849999994]},"properties":{"OBJECTID":52,"Zone":"ZONE A","STRCTDPTH":5.835,"ELEV_GND":7.5830000000000002,"ELEV_INV":1.748,"LABEL":"A-MH-2-1-9","Inastallation_Status":4,"X":404781.20100000035,"Y":2922868.9849999994,"Depth_Class":"5 - 6 m","District":"Ahad"}},{"type":"Feature","id":53,"geometry":{"type":"Point","coordinates":[404690.80700000003,2922415.6989999991]},"properties":{"OBJECTID":53,"Zone":"ZONE A","STRCTDPTH":5.745000000000001,"ELEV_GND":8.0440000000000005,"ELEV_INV":2.2989999999999999,"LABEL":"A-MH-2-10","Inastallation_Status":4,"X":404690.80700000003,"Y":2922415.6989999991,"Depth_Class":"5 - 6 m","District":"Ahad"}},{"type":"Feature","id":54,"geometry":{"type":"Point","coordinates":[404724.73500000034,2922354.4539999999]},"properties":{"OBJECTID":54,"Zone":"ZONE A","STRCTDPTH":5.8099999999999987,"ELEV_GND":8.2769999999999992,"ELEV_INV":2.4670000000000001,"LABEL":"A-MH-2-11","Inastallation_Status":4,"X":404724.73500000034,"Y":2922354.4539999999,"Depth_Class":"5 - 6 m","District":"Ahad"}},{"type":"Feature","id":55,"geometry":{"type":"Point","coordinates":[404757.46800000034,2922295.4529999997]},"properties":{"OBJECTID":55,"Zone":"ZONE A","STRCTDPTH":5.8940000000000001,"ELEV_GND":8.5229999999999997,"ELEV_INV":2.629,"LABEL":"A-MH-2-12","Inastallation_Status":4,"X":404757.46800000034,"Y":2922295.4529999997,"Depth_Class":"5 - 6 m","District":"Ahad"}},{"type":"Feature","id":56,"geometry":{"type":"Point","coordinates":[404793.41899999976,2922230.1449999996]},"properties":{"OBJECTID":56,"Zone":"ZONE A","STRCTDPTH":5.9749999999999996,"ELEV_GND":8.7829999999999995,"ELEV_INV":2.8079999999999998,"LABEL":"A-MH-2-13","Inastallation_Status":4,"X":404793.41899999976,"Y":2922230.1449999996,"Depth_Class":"5 - 6 m","District":"Ahad"}},{"type":"Feature","id":57,"geometry":{"type":"Point","coordinates":[404827.10500000045,2922169.5620000008]},"properties":{"OBJECTID":57,"Zone":"ZONE A","STRCTDPTH":6.0749999999999993,"ELEV_GND":9.0489999999999995,"ELEV_INV":2.9740000000000002,"LABEL":"A-MH-2-14","Inastallation_Status":4,"X":404827.10500000045,"Y":2922169.5620000008,"Depth_Class":"6 - 7 m","District":"Ahad"}},{"type":"Feature","id":58,"geometry":{"type":"Point","coordinates":[404859.99199999962,2922111.2510000002]},"properties":{"OBJECTID":58,"Zone":"ZONE A","STRCTDPTH":6.423,"ELEV_GND":9.5579999999999998,"ELEV_INV":3.1349999999999998,"LABEL":"A-MH-2-15","Inastallation_Status":4,"X":404859.99199999962,"Y":2922111.2510000002,"Depth_Class":"6 - 7 m","District":"Ahad"}},{"type":"Feature","id":59,"geometry":{"type":"Point","coordinates":[404781.33800000045,2922067.7650000006]},"properties":{"OBJECTID":59,"Zone":"ZONE A","STRCTDPTH":6.1219999999999999,"ELEV_GND":9.5449999999999999,"ELEV_INV":3.423,"LABEL":"A-MH-2-16","Inastallation_Status":4,"X":404781.33800000045,"Y":2922067.7650000006,"Depth_Class":"6 - 7 m","District":"Ahad"}},{"type":"Feature","id":60,"geometry":{"type":"Point","coordinates":[404824.87299999967,2921989.7469999995]},"properties":{"OBJECTID":60,"Zone":"ZONE A","STRCTDPTH":5.8620000000000001,"ELEV_GND":9.5800000000000001,"ELEV_INV":3.718,"LABEL":"A-MH-2-17","Inastallation_Status":4,"X":404824.87299999967,"Y":2921989.7469999995,"Depth_Class":"5 - 6 m","District":"Ahad"}},{"type":"Feature","id":61,"geometry":{"type":"Point","coordinates":[404872.9879999999,2921902.6669999994]},"properties":{"OBJECTID":61,"Zone":"ZONE A","STRCTDPTH":5.7640000000000011,"ELEV_GND":9.7550000000000008,"ELEV_INV":3.9910000000000001,"LABEL":"A-MH-2-18","Inastallation_Status":4,"X":404872.9879999999,"Y":2921902.6669999994,"Depth_Class":"5 - 6 m","District":"Ahad"}},{"type":"Feature","id":62,"geometry":{"type":"Point","coordinates":[404908.23400000017,2921838.9639999997]},"properties":{"OBJECTID":62,"Zone":"ZONE A","STRCTDPTH":5.7670000000000003,"ELEV_GND":9.9580000000000002,"ELEV_INV":4.1909999999999998,"LABEL":"A-MH-2-19","Inastallation_Status":4,"X":404908.23400000017,"Y":2921838.9639999997,"Depth_Class":"5 - 6 m","District":"Ahad"}},{"type":"Feature","id":63,"geometry":{"type":"Point","coordinates":[404367.95199999958,2922829.1850000005]},"properties":{"OBJECTID":63,"Zone":"ZONE A","STRCTDPTH":6.3740000000000006,"ELEV_GND":7.2610000000000001,"ELEV_INV":0.88700000000000001,"LABEL":"A-MH-2-2","Inastallation_Status":4,"X":404367.95199999958,"Y":2922829.1850000005,"Depth_Class":"6 - 7 m","District":"Ahad"}},{"type":"Feature","id":64,"geometry":{"type":"Point","coordinates":[404933.21300000045,2921794.6190000009]},"properties":{"OBJECTID":64,"Zone":"ZONE A","STRCTDPTH":5.5219999999999994,"ELEV_GND":9.8529999999999998,"ELEV_INV":4.3310000000000004,"LABEL":"A-MH-2-20","Inastallation_Status":4,"X":404933.21300000045,"Y":2921794.6190000009,"Depth_Class":"5 - 6 m","District":"Ahad"}},{"type":"Feature","id":65,"geometry":{"type":"Point","coordinates":[404959.16500000004,2921746.8699999992]},"properties":{"OBJECTID":65,"Zone":"ZONE A","STRCTDPTH":5.2509999999999994,"ELEV_GND":9.7319999999999993,"ELEV_INV":4.4809999999999999,"LABEL":"A-MH-2-21","Inastallation_Status":4,"X":404959.16500000004,"Y":2921746.8699999992,"Depth_Class":"5 - 6 m","District":"Ahad"}},{"type":"Feature","id":66,"geometry":{"type":"Point","coordinates":[404988.00299999956,2921695.3499999996]},"properties":{"OBJECTID":66,"Zone":"ZONE A","STRCTDPTH":5.2229999999999999,"ELEV_GND":9.8659999999999997,"ELEV_INV":4.6429999999999998,"LABEL":"A-MH-2-22","Inastallation_Status":4,"X":404988.00299999956,"Y":2921695.3499999996,"Depth_Class":"5 - 6 m","District":"Ahad"}},{"type":"Feature","id":67,"geometry":{"type":"Point","coordinates":[405017.1799999997,2921641.9879999999]},"properties":{"OBJECTID":67,"Zone":"ZONE A","STRCTDPTH":5.1890000000000009,"ELEV_GND":9.9990000000000006,"ELEV_INV":4.8099999999999996,"LABEL":"A-MH-2-23","Inastallation_Status":4,"X":405017.1799999997,"Y":2921641.9879999999,"Depth_Class":"5 - 6 m","District":"Ahad"}},{"type":"Feature","id":68,"geometry":{"type":"Point","coordinates":[405040.13999999966,2921600.3460000008]},"properties":{"OBJECTID":68,"Zone":"ZONE A","STRCTDPTH":5.1540000000000008,"ELEV_GND":10.095000000000001,"ELEV_INV":4.9409999999999998,"LABEL":"A-MH-2-24","Inastallation_Status":4,"X":405040.13999999966,"Y":2921600.3460000008,"Depth_Class":"5 - 6 m","District":"Ahad"}},{"type":"Feature","id":69,"geometry":{"type":"Point","coordinates":[405068.5549999997,2921549.2980000004]},"properties":{"OBJECTID":69,"Zone":"ZONE A","STRCTDPTH":5.0340000000000007,"ELEV_GND":10.185,"ELEV_INV":5.1509999999999998,"LABEL":"A-MH-2-25","Inastallation_Status":4,"X":405068.5549999997,"Y":2921549.2980000004,"Depth_Class":"5 - 6 m","District":"Ahad"}},{"type":"Feature","id":70,"geometry":{"type":"Point","coordinates":[405092.3049999997,2921506.3090000004]},"properties":{"OBJECTID":70,"Zone":"ZONE A","STRCTDPTH":4.8209999999999997,"ELEV_GND":10.106999999999999,"ELEV_INV":5.2859999999999996,"LABEL":"A-MH-2-26","Inastallation_Status":4,"X":405092.3049999997,"Y":2921506.3090000004,"Depth_Class":"4 - 5 m","District":"Ahad"}},{"type":"Feature","id":71,"geometry":{"type":"Point","coordinates":[405100.74799999967,2921490.7139999997]},"properties":{"OBJECTID":71,"Zone":"ZONE A","STRCTDPTH":4.7969999999999997,"ELEV_GND":10.132,"ELEV_INV":5.335,"LABEL":"A-MH-2-27","Inastallation_Status":4,"X":405100.74799999967,"Y":2921490.7139999997,"Depth_Class":"4 - 5 m","District":"Ahad"}},{"type":"Feature","id":72,"geometry":{"type":"Point","coordinates":[405108.45299999975,2921476.5879999995]},"properties":{"OBJECTID":72,"Zone":"ZONE A","STRCTDPTH":4.6899999999999995,"ELEV_GND":10.093999999999999,"ELEV_INV":5.4039999999999999,"LABEL":"A-MH-2-28","Inastallation_Status":4,"X":405108.45299999975,"Y":2921476.5879999995,"Depth_Class":"4 - 5 m","District":"Ahad"}},{"type":"Feature","id":73,"geometry":{"type":"Point","coordinates":[405144.23599999957,2921411.591]},"properties":{"OBJECTID":73,"Zone":"ZONE A","STRCTDPTH":4.694,"ELEV_GND":10.32,"ELEV_INV":5.6260000000000003,"LABEL":"A-MH-2-29","Inastallation_Status":4,"X":405144.23599999957,"Y":2921411.591,"Depth_Class":"4 - 5 m","District":"Ahad"}},{"type":"Feature","id":74,"geometry":{"type":"Point","coordinates":[404385.34800000023,2922796.9289999995]},"properties":{"OBJECTID":74,"Zone":"ZONE A","STRCTDPTH":6.3409999999999993,"ELEV_GND":7.3049999999999997,"ELEV_INV":0.96399999999999997,"LABEL":"A-MH-2-3","Inastallation_Status":4,"X":404385.34800000023,"Y":2922796.9289999995,"Depth_Class":"6 - 7 m","District":"Ahad"}},{"type":"Feature","id":75,"geometry":{"type":"Point","coordinates":[405171.9299999997,2921361.693]},"properties":{"OBJECTID":75,"Zone":"ZONE A","STRCTDPTH":4.5749999999999993,"ELEV_GND":10.404999999999999,"ELEV_INV":5.8300000000000001,"LABEL":"A-MH-2-30","Inastallation_Status":4,"X":405171.9299999997,"Y":2921361.693,"Depth_Class":"4 - 5 m","District":"Ahad"}},{"type":"Feature","id":76,"geometry":{"type":"Point","coordinates":[405198.1370000001,2921313.8379999995]},"properties":{"OBJECTID":76,"Zone":"ZONE A","STRCTDPTH":4.4980000000000011,"ELEV_GND":10.492000000000001,"ELEV_INV":5.9939999999999998,"LABEL":"A-MH-2-31","Inastallation_Status":4,"X":405198.1370000001,"Y":2921313.8379999995,"Depth_Class":"4 - 5 m","District":"Ahad"}},{"type":"Feature","id":77,"geometry":{"type":"Point","coordinates":[405225.28600000031,2921265.4020000007]},"properties":{"OBJECTID":77,"Zone":"ZONE A","STRCTDPTH":4.4510000000000005,"ELEV_GND":10.612,"ELEV_INV":6.1609999999999996,"LABEL":"A-MH-2-32","Inastallation_Status":4,"X":405225.28600000031,"Y":2921265.4020000007,"Depth_Class":"4 - 5 m","District":"Ahad"}},{"type":"Feature","id":78,"geometry":{"type":"Point","coordinates":[405250.0290000001,2921220.7390000001]},"properties":{"OBJECTID":78,"Zone":"ZONE A","STRCTDPTH":4.3789999999999996,"ELEV_GND":10.68,"ELEV_INV":6.3010000000000002,"LABEL":"A-MH-2-33","Inastallation_Status":4,"X":405250.0290000001,"Y":2921220.7390000001,"Depth_Class":"4 - 5 m","District":"Ahad"}},{"type":"Feature","id":79,"geometry":{"type":"Point","coordinates":[405270.95000000019,2921182.0969999991]},"properties":{"OBJECTID":79,"Zone":"ZONE A","STRCTDPTH":4.2679999999999998,"ELEV_GND":10.69,"ELEV_INV":6.4219999999999997,"LABEL":"A-MH-2-34","Inastallation_Status":4,"X":405270.95000000019,"Y":2921182.0969999991,"Depth_Class":"4 - 5 m","District":"Ahad"}},{"type":"Feature","id":80,"geometry":{"type":"Point","coordinates":[405301.82100000046,2921127.2459999993]},"properties":{"OBJECTID":80,"Zone":"ZONE A","STRCTDPTH":4.2999999999999998,"ELEV_GND":10.895,"ELEV_INV":6.5949999999999998,"LABEL":"A-MH-2-35","Inastallation_Status":4,"X":405301.82100000046,"Y":2921127.2459999993,"Depth_Class":"4 - 5 m","District":"Ahad"}},{"type":"Feature","id":81,"geometry":{"type":"Point","coordinates":[404432.76999999955,2922711.6329999994]},"properties":{"OBJECTID":81,"Zone":"ZONE A","STRCTDPTH":6.2430000000000003,"ELEV_GND":7.4119999999999999,"ELEV_INV":1.169,"LABEL":"A-MH-2-4","Inastallation_Status":4,"X":404432.76999999955,"Y":2922711.6329999994,"Depth_Class":"6 - 7 m","District":"Ahad"}},{"type":"Feature","id":82,"geometry":{"type":"Point","coordinates":[404478.87299999967,2922628.1190000009]},"properties":{"OBJECTID":82,"Zone":"ZONE A","STRCTDPTH":6.133,"ELEV_GND":7.5019999999999998,"ELEV_INV":1.369,"LABEL":"A-MH-2-5","Inastallation_Status":4,"X":404478.87299999967,"Y":2922628.1190000009,"Depth_Class":"6 - 7 m","District":"Ahad"}},{"type":"Feature","id":83,"geometry":{"type":"Point","coordinates":[404512.06900000013,2922568.3029999994]},"properties":{"OBJECTID":83,"Zone":"ZONE A","STRCTDPTH":6.1139999999999999,"ELEV_GND":7.6269999999999998,"ELEV_INV":1.5129999999999999,"LABEL":"A-MH-2-6","Inastallation_Status":4,"X":404512.06900000013,"Y":2922568.3029999994,"Depth_Class":"6 - 7 m","District":"Ahad"}},{"type":"Feature","id":84,"geometry":{"type":"Point","coordinates":[404549.17599999998,2922501.8780000005]},"properties":{"OBJECTID":84,"Zone":"ZONE A","STRCTDPTH":6.0020000000000007,"ELEV_GND":7.6740000000000004,"ELEV_INV":1.6719999999999999,"LABEL":"A-MH-2-7","Inastallation_Status":4,"X":404549.17599999998,"Y":2922501.8780000005,"Depth_Class":"6 - 7 m","District":"Ahad"}},{"type":"Feature","id":85,"geometry":{"type":"Point","coordinates":[404587.08499999996,2922432.8499999996]},"properties":{"OBJECTID":85,"Zone":"ZONE A","STRCTDPTH":5.9210000000000003,"ELEV_GND":7.7590000000000003,"ELEV_INV":1.8380000000000001,"LABEL":"A-MH-2-8","Inastallation_Status":4,"X":404587.08499999996,"Y":2922432.8499999996,"Depth_Class":"5 - 6 m","District":"Ahad"}},{"type":"Feature","id":86,"geometry":{"type":"Point","coordinates":[404618.52799999993,2922375.6050000004]},"properties":{"OBJECTID":86,"Zone":"ZONE A","STRCTDPTH":5.911999999999999,"ELEV_GND":7.8869999999999996,"ELEV_INV":1.9750000000000001,"LABEL":"A-MH-2-9","Inastallation_Status":4,"X":404618.52799999993,"Y":2922375.6050000004,"Depth_Class":"5 - 6 m","District":"Ahad"}},{"type":"Feature","id":87,"geometry":{"type":"Point","coordinates":[404136.25999999978,2922889.4670000002]},"properties":{"OBJECTID":87,"Zone":"ZONE A","STRCTDPTH":7.3890000000000002,"ELEV_GND":7.3470000000000004,"ELEV_INV":-0.042000000000000003,"LABEL":"A-MH-3","Inastallation_Status":1,"X":404136.25999999978,"Y":2922889.4670000002,"Depth_Class":"7 - 8 m","District":"Ahad"}},{"type":"Feature","id":88,"geometry":{"type":"Point","coordinates":[403946.4160000002,2923158.6319999993]},"properties":{"OBJECTID":88,"Zone":"ZONE A","STRCTDPTH":3.6059999999999994,"ELEV_GND":6.7089999999999996,"ELEV_INV":3.1030000000000002,"LABEL":"A-MH-3-10","Inastallation_Status":1,"X":403946.4160000002,"Y":2923158.6319999993,"Depth_Class":"3 - 4 m","District":"Ahad"}},{"type":"Feature","id":89,"geometry":{"type":"Point","coordinates":[403900.60300000012,2923243.7970000003]},"properties":{"OBJECTID":89,"Zone":"ZONE A","STRCTDPTH":2.8680000000000003,"ELEV_GND":6.2190000000000003,"ELEV_INV":3.351,"LABEL":"A-MH-3-11","Inastallation_Status":1,"X":403900.60300000012,"Y":2923243.7970000003,"Depth_Class":"2 - 3 m","District":"Ahad"}},{"type":"Feature","id":90,"geometry":{"type":"Point","coordinates":[404102.75399999972,2922877.4780000001]},"properties":{"OBJECTID":90,"Zone":"ZONE A","STRCTDPTH":5.0280000000000005,"ELEV_GND":7.327,"ELEV_INV":2.2989999999999999,"LABEL":"A-MH-3-2","Inastallation_Status":1,"X":404102.75399999972,"Y":2922877.4780000001,"Depth_Class":"5 - 6 m","District":"Ahad"}},{"type":"Feature","id":91,"geometry":{"type":"Point","coordinates":[404085.0700000003,2922907.4159999993]},"properties":{"OBJECTID":91,"Zone":"ZONE A","STRCTDPTH":5.0860000000000003,"ELEV_GND":7.4720000000000004,"ELEV_INV":2.3860000000000001,"LABEL":"A-MH-3-3","Inastallation_Status":1,"X":404085.0700000003,"Y":2922907.4159999993,"Depth_Class":"5 - 6 m","District":"Ahad"}},{"type":"Feature","id":92,"geometry":{"type":"Point","coordinates":[404065.2790000001,2922942.8550000004]},"properties":{"OBJECTID":92,"Zone":"ZONE A","STRCTDPTH":4.9669999999999996,"ELEV_GND":7.4539999999999997,"ELEV_INV":2.4870000000000001,"LABEL":"A-MH-3-4","Inastallation_Status":1,"X":404065.2790000001,"Y":2922942.8550000004,"Depth_Class":"4 - 5 m","District":"Ahad"}},{"type":"Feature","id":93,"geometry":{"type":"Point","coordinates":[404046.44900000002,2922976.9839999992]},"properties":{"OBJECTID":93,"Zone":"ZONE A","STRCTDPTH":4.6859999999999999,"ELEV_GND":7.2709999999999999,"ELEV_INV":2.585,"LABEL":"A-MH-3-5","Inastallation_Status":1,"X":404046.44900000002,"Y":2922976.9839999992,"Depth_Class":"4 - 5 m","District":"Ahad"}},{"type":"Feature","id":94,"geometry":{"type":"Point","coordinates":[404026.40199999977,2923013.2469999995]},"properties":{"OBJECTID":94,"Zone":"ZONE A","STRCTDPTH":4.4749999999999996,"ELEV_GND":7.1630000000000003,"ELEV_INV":2.6880000000000002,"LABEL":"A-MH-3-6","Inastallation_Status":1,"X":404026.40199999977,"Y":2923013.2469999995,"Depth_Class":"4 - 5 m","District":"Ahad"}},{"type":"Feature","id":95,"geometry":{"type":"Point","coordinates":[404004.53500000015,2923052.6219999995]},"properties":{"OBJECTID":95,"Zone":"ZONE A","STRCTDPTH":4.2589999999999995,"ELEV_GND":7.0599999999999996,"ELEV_INV":2.8010000000000002,"LABEL":"A-MH-3-7","Inastallation_Status":1,"X":404004.53500000015,"Y":2923052.6219999995,"Depth_Class":"4 - 5 m","District":"Ahad"}},{"type":"Feature","id":96,"geometry":{"type":"Point","coordinates":[403985.00299999956,2923087.9049999993]},"properties":{"OBJECTID":96,"Zone":"ZONE A","STRCTDPTH":4.0289999999999999,"ELEV_GND":6.931,"ELEV_INV":2.9020000000000001,"LABEL":"A-MH-3-8","Inastallation_Status":1,"X":403985.00299999956,"Y":2923087.9049999993,"Depth_Class":"4 - 5 m","District":"Ahad"}},{"type":"Feature","id":97,"geometry":{"type":"Point","coordinates":[403965.94099999964,2923122.9849999994]},"properties":{"OBJECTID":97,"Zone":"ZONE A","STRCTDPTH":3.8640000000000003,"ELEV_GND":6.8650000000000002,"ELEV_INV":3.0009999999999999,"LABEL":"A-MH-3-9","Inastallation_Status":1,"X":403965.94099999964,"Y":2923122.9849999994,"Depth_Class":"3 - 4 m","District":"Ahad"}},{"type":"Feature","id":98,"geometry":{"type":"Point","coordinates":[403979.70799999963,2922802.7029999997]},"properties":{"OBJECTID":98,"Zone":"ZONE A","STRCTDPTH":7.8719999999999999,"ELEV_GND":7.9729999999999999,"ELEV_INV":0.10100000000000001,"LABEL":"A-MH-4","Inastallation_Status":4,"X":403979.70799999963,"Y":2922802.7029999997,"Depth_Class":"7 - 8 m","District":"Ahad"}},{"type":"Feature","id":99,"geometry":{"type":"Point","coordinates":[403826.87399999984,2922719.7469999995]},"properties":{"OBJECTID":99,"Zone":"ZONE A","STRCTDPTH":7.54,"ELEV_GND":7.7800000000000002,"ELEV_INV":0.23999999999999999,"LABEL":"A-MH-5","Inastallation_Status":4,"X":403826.87399999984,"Y":2922719.7469999995,"Depth_Class":"7 - 8 m","District":"Ahad"}},{"type":"Feature","id":100,"geometry":{"type":"Point","coordinates":[403836.5345999999,2922702.3662]},"properties":{"OBJECTID":100,"Zone":"ZONE A","STRCTDPTH":4.6900000000000004,"ELEV_GND":7.8600000000000003,"ELEV_INV":3.1699999999999999,"LABEL":"A-MH-5-1","Inastallation_Status":4,"X":403836.5345999999,"Y":2922702.3662,"Depth_Class":"4 - 5 m","District":"Ahad"}},{"type":"Feature","id":101,"geometry":{"type":"Point","coordinates":[404089.60300000012,2922245.0879999995]},"properties":{"OBJECTID":101,"Zone":"ZONE A","STRCTDPTH":4.8389999999999995,"ELEV_GND":8.9399999999999995,"ELEV_INV":4.101,"LABEL":"A-MH-5-10","Inastallation_Status":4,"X":404089.60300000012,"Y":2922245.0879999995,"Depth_Class":"4 - 5 m","District":"Ahad"}},{"type":"Feature","id":102,"geometry":{"type":"Point","coordinates":[404127.38800000027,2922177.1909999996]},"properties":{"OBJECTID":102,"Zone":"ZONE A","STRCTDPTH":4.8729999999999993,"ELEV_GND":9.1099999999999994,"ELEV_INV":4.2370000000000001,"LABEL":"A-MH-5-11","Inastallation_Status":4,"X":404127.38800000027,"Y":2922177.1909999996,"Depth_Class":"4 - 5 m","District":"Ahad"}},{"type":"Feature","id":103,"geometry":{"type":"Point","coordinates":[404158.6370000001,2922120.6490000002]},"properties":{"OBJECTID":103,"Zone":"ZONE A","STRCTDPTH":4.8499999999999996,"ELEV_GND":9.1999999999999993,"ELEV_INV":4.3499999999999996,"LABEL":"A-MH-5-12","Inastallation_Status":4,"X":404158.6370000001,"Y":2922120.6490000002,"Depth_Class":"4 - 5 m","District":"Ahad"}},{"type":"Feature","id":104,"geometry":{"type":"Point","coordinates":[404196.34700000007,2922051.6079999991]},"properties":{"OBJECTID":104,"Zone":"ZONE A","STRCTDPTH":2.2290000000000001,"ELEV_GND":9.4299999999999997,"ELEV_INV":7.2009999999999996,"LABEL":"A-MH-5-13","Inastallation_Status":4,"X":404196.34700000007,"Y":2922051.6079999991,"Depth_Class":"2 - 3 m","District":"Ahad"}},{"type":"Feature","id":105,"geometry":{"type":"Point","coordinates":[404268.08899999969,2921923.5449999999]},"properties":{"OBJECTID":105,"Zone":"ZONE A","STRCTDPTH":6.7530000000000001,"ELEV_GND":9.6699999999999999,"ELEV_INV":2.9169999999999998,"LABEL":"A-MH-5-14","Inastallation_Status":4,"X":404268.08899999969,"Y":2921923.5449999999,"Depth_Class":"6 - 7 m","District":"Ahad"}},{"type":"Feature","id":106,"geometry":{"type":"Point","coordinates":[404297.66700000037,2921868.6879999992]},"properties":{"OBJECTID":106,"Zone":"ZONE A","STRCTDPTH":6.5970000000000004,"ELEV_GND":9.8100000000000005,"ELEV_INV":3.2130000000000001,"LABEL":"A-MH-5-15","Inastallation_Status":4,"X":404297.66700000037,"Y":2921868.6879999992,"Depth_Class":"6 - 7 m","District":"Ahad"}},{"type":"Feature","id":107,"geometry":{"type":"Point","coordinates":[404327.67200000025,2921815.1659999993]},"properties":{"OBJECTID":107,"Zone":"ZONE A","STRCTDPTH":6.5739999999999998,"ELEV_GND":9.9399999999999995,"ELEV_INV":3.3660000000000001,"LABEL":"A-MH-5-16","Inastallation_Status":4,"X":404327.67200000025,"Y":2921815.1659999993,"Depth_Class":"6 - 7 m","District":"Ahad"}},{"type":"Feature","id":108,"geometry":{"type":"Point","coordinates":[404333.52500000037,2921803.6960000005]},"properties":{"OBJECTID":108,"Zone":"ZONE A","STRCTDPTH":6.6219999999999999,"ELEV_GND":10.02,"ELEV_INV":3.3980000000000001,"LABEL":"A-MH-5-17","Inastallation_Status":4,"X":404333.52500000037,"Y":2921803.6960000005,"Depth_Class":"6 - 7 m","District":"Ahad"}},{"type":"Feature","id":109,"geometry":{"type":"Point","coordinates":[404367.7790000001,2921741.25]},"properties":{"OBJECTID":109,"Zone":"ZONE A","STRCTDPTH":6.6239999999999988,"ELEV_GND":10.199999999999999,"ELEV_INV":3.5760000000000001,"LABEL":"A-MH-5-18","Inastallation_Status":4,"X":404367.7790000001,"Y":2921741.25,"Depth_Class":"6 - 7 m","District":"Ahad"}},{"type":"Feature","id":110,"geometry":{"type":"Point","coordinates":[404397.44299999997,2921687.3369999994]},"properties":{"OBJECTID":110,"Zone":"ZONE A","STRCTDPTH":6.5199999999999996,"ELEV_GND":10.25,"ELEV_INV":3.73,"LABEL":"A-MH-5-19","Inastallation_Status":4,"X":404397.44299999997,"Y":2921687.3369999994,"Depth_Class":"6 - 7 m","District":"Ahad"}},{"type":"Feature","id":111,"geometry":{"type":"Point","coordinates":[403875.36600000039,2922632.5030000005]},"properties":{"OBJECTID":111,"Zone":"ZONE A","STRCTDPTH":4.6500000000000004,"ELEV_GND":7.9800000000000004,"ELEV_INV":3.3300000000000001,"LABEL":"A-MH-5-2","Inastallation_Status":4,"X":403875.36600000039,"Y":2922632.5030000005,"Depth_Class":"4 - 5 m","District":"Ahad"}},{"type":"Feature","id":112,"geometry":{"type":"Point","coordinates":[404435.27099999972,2921619.5130000003]},"properties":{"OBJECTID":112,"Zone":"ZONE A","STRCTDPTH":6.4860000000000007,"ELEV_GND":10.41,"ELEV_INV":3.9239999999999999,"LABEL":"A-MH-5-20","Inastallation_Status":4,"X":404435.27099999972,"Y":2921619.5130000003,"Depth_Class":"6 - 7 m","District":"Ahad"}},{"type":"Feature","id":113,"geometry":{"type":"Point","coordinates":[404453.85699999984,2921585.9149999991]},"properties":{"OBJECTID":113,"Zone":"ZONE A","STRCTDPTH":6.5,"ELEV_GND":10.52,"ELEV_INV":4.0199999999999996,"LABEL":"A-MH-5-21","Inastallation_Status":4,"X":404453.85699999984,"Y":2921585.9149999991,"Depth_Class":"6 - 7 m","District":"Ahad"}},{"type":"Feature","id":114,"geometry":{"type":"Point","coordinates":[404504.75879999995,2921493.7873999998]},"properties":{"OBJECTID":114,"Zone":"ZONE A","STRCTDPTH":6.4830000000000005,"ELEV_GND":10.74,"ELEV_INV":4.2569999999999997,"LABEL":"A-MH-5-22","Inastallation_Status":4,"X":404504.75879999995,"Y":2921493.7873999998,"Depth_Class":"6 - 7 m","District":"Ahad"}},{"type":"Feature","id":115,"geometry":{"type":"Point","coordinates":[404525.38599999994,2921456.4539999999]},"properties":{"OBJECTID":115,"Zone":"ZONE A","STRCTDPTH":6.3140000000000009,"ELEV_GND":10.800000000000001,"ELEV_INV":4.4859999999999998,"LABEL":"A-MH-5-23","Inastallation_Status":4,"X":404525.38599999994,"Y":2921456.4539999999,"Depth_Class":"6 - 7 m","District":"Ahad"}},{"type":"Feature","id":116,"geometry":{"type":"Point","coordinates":[404566.22800000012,2921383.2780000009]},"properties":{"OBJECTID":116,"Zone":"ZONE A","STRCTDPTH":6.2619999999999996,"ELEV_GND":11,"ELEV_INV":4.7380000000000004,"LABEL":"A-MH-5-24","Inastallation_Status":4,"X":404566.22800000012,"Y":2921383.2780000009,"Depth_Class":"6 - 7 m","District":"Ahad"}},{"type":"Feature","id":117,"geometry":{"type":"Point","coordinates":[404588.57299999986,2921342.7709999997]},"properties":{"OBJECTID":117,"Zone":"ZONE A","STRCTDPTH":6.2130000000000001,"ELEV_GND":11.09,"ELEV_INV":4.8769999999999998,"LABEL":"A-MH-5-25","Inastallation_Status":4,"X":404588.57299999986,"Y":2921342.7709999997,"Depth_Class":"6 - 7 m","District":"Ahad"}},{"type":"Feature","id":118,"geometry":{"type":"Point","coordinates":[404611.3629999999,2921301.7100000009]},"properties":{"OBJECTID":118,"Zone":"ZONE A","STRCTDPTH":6.1529999999999996,"ELEV_GND":11.17,"ELEV_INV":5.0170000000000003,"LABEL":"A-MH-5-26","Inastallation_Status":4,"X":404611.3629999999,"Y":2921301.7100000009,"Depth_Class":"6 - 7 m","District":"Ahad"}},{"type":"Feature","id":119,"geometry":{"type":"Point","coordinates":[404645.76099999994,2921239.6429999992]},"properties":{"OBJECTID":119,"Zone":"ZONE A","STRCTDPTH":6.1399999999999988,"ELEV_GND":11.369999999999999,"ELEV_INV":5.2300000000000004,"LABEL":"A-MH-5-27","Inastallation_Status":4,"X":404645.76099999994,"Y":2921239.6429999992,"Depth_Class":"6 - 7 m","District":"Ahad"}},{"type":"Feature","id":120,"geometry":{"type":"Point","coordinates":[404653.28000000026,2921226.0779999997]},"properties":{"OBJECTID":120,"Zone":"ZONE A","STRCTDPTH":6.0729999999999995,"ELEV_GND":11.35,"ELEV_INV":5.2770000000000001,"LABEL":"A-MH-5-28","Inastallation_Status":4,"X":404653.28000000026,"Y":2921226.0779999997,"Depth_Class":"6 - 7 m","District":"Ahad"}},{"type":"Feature","id":121,"geometry":{"type":"Point","coordinates":[404573.62320000026,2921182.2874999996]},"properties":{"OBJECTID":121,"Zone":"ZONE A","STRCTDPTH":5.8440000000000003,"ELEV_GND":11.42,"ELEV_INV":5.5759999999999996,"LABEL":"A-MH-5-29","Inastallation_Status":4,"X":404573.62320000026,"Y":2921182.2874999996,"Depth_Class":"5 - 6 m","District":"Ahad"}},{"type":"Feature","id":122,"geometry":{"type":"Point","coordinates":[403900.00100000016,2922588.2650000006]},"properties":{"OBJECTID":122,"Zone":"ZONE A","STRCTDPTH":4.7049999999999992,"ELEV_GND":8.1199999999999992,"ELEV_INV":3.415,"LABEL":"A-MH-5-3","Inastallation_Status":4,"X":403900.00100000016,"Y":2922588.2650000006,"Depth_Class":"4 - 5 m","District":"Ahad"}},{"type":"Feature","id":123,"geometry":{"type":"Point","coordinates":[404604.54399999976,2921124.3369999994]},"properties":{"OBJECTID":123,"Zone":"ZONE A","STRCTDPTH":5.7729999999999997,"ELEV_GND":11.529999999999999,"ELEV_INV":5.7569999999999997,"LABEL":"A-MH-5-30","Inastallation_Status":4,"X":404604.54399999976,"Y":2921124.3369999994,"Depth_Class":"5 - 6 m","District":"Ahad"}},{"type":"Feature","id":124,"geometry":{"type":"Point","coordinates":[404635.31900000013,2921067.7589999996]},"properties":{"OBJECTID":124,"Zone":"ZONE A","STRCTDPTH":5.7160000000000002,"ELEV_GND":11.65,"ELEV_INV":5.9340000000000002,"LABEL":"A-MH-5-31","Inastallation_Status":4,"X":404635.31900000013,"Y":2921067.7589999996,"Depth_Class":"5 - 6 m","District":"Ahad"}},{"type":"Feature","id":125,"geometry":{"type":"Point","coordinates":[404671.48500000034,2921002.5]},"properties":{"OBJECTID":125,"Zone":"ZONE A","STRCTDPTH":5.4709999999999992,"ELEV_GND":11.609999999999999,"ELEV_INV":6.1390000000000002,"LABEL":"A-MH-5-32","Inastallation_Status":4,"X":404671.48500000034,"Y":2921002.5,"Depth_Class":"5 - 6 m","District":"Ahad"}},{"type":"Feature","id":126,"geometry":{"type":"Point","coordinates":[404813.55999999959,2920928.8440000005]},"properties":{"OBJECTID":126,"Zone":"ZONE A","STRCTDPTH":4.4770000000000003,"ELEV_GND":11.220000000000001,"ELEV_INV":6.7430000000000003,"LABEL":"A-MH-5-35","Inastallation_Status":1,"X":404813.55999999959,"Y":2920928.8440000005,"Depth_Class":"4 - 5 m","District":"Ahad"}},{"type":"Feature","id":127,"geometry":{"type":"Point","coordinates":[404846.30099999998,2920870.1319999993]},"properties":{"OBJECTID":127,"Zone":"ZONE A","STRCTDPTH":4.3130000000000006,"ELEV_GND":11.224,"ELEV_INV":6.9109999999999996,"LABEL":"A-MH-5-36","Inastallation_Status":1,"X":404846.30099999998,"Y":2920870.1319999993,"Depth_Class":"4 - 5 m","District":"Ahad"}},{"type":"Feature","id":128,"geometry":{"type":"Point","coordinates":[403925.17800000031,2922542.8609999996]},"properties":{"OBJECTID":128,"Zone":"ZONE A","STRCTDPTH":4.7439999999999998,"ELEV_GND":8.25,"ELEV_INV":3.5059999999999998,"LABEL":"A-MH-5-4","Inastallation_Status":4,"X":403925.17800000031,"Y":2922542.8609999996,"Depth_Class":"4 - 5 m","District":"Ahad"}},{"type":"Feature","id":129,"geometry":{"type":"Point","coordinates":[403957.26099999994,2922484.5360000003]},"properties":{"OBJECTID":129,"Zone":"ZONE A","STRCTDPTH":4.7479999999999993,"ELEV_GND":8.3699999999999992,"ELEV_INV":3.6219999999999999,"LABEL":"A-MH-5-5","Inastallation_Status":4,"X":403957.26099999994,"Y":2922484.5360000003,"Depth_Class":"4 - 5 m","District":"Ahad"}},{"type":"Feature","id":130,"geometry":{"type":"Point","coordinates":[403985.55200000014,2922433.4859999996]},"properties":{"OBJECTID":130,"Zone":"ZONE A","STRCTDPTH":4.7759999999999998,"ELEV_GND":8.5,"ELEV_INV":3.7240000000000002,"LABEL":"A-MH-5-6","Inastallation_Status":4,"X":403985.55200000014,"Y":2922433.4859999996,"Depth_Class":"4 - 5 m","District":"Ahad"}},{"type":"Feature","id":131,"geometry":{"type":"Point","coordinates":[404019.41899999976,2922372.3210000005]},"properties":{"OBJECTID":131,"Zone":"ZONE A","STRCTDPTH":4.793000000000001,"ELEV_GND":8.6400000000000006,"ELEV_INV":3.847,"LABEL":"A-MH-5-7","Inastallation_Status":4,"X":404019.41899999976,"Y":2922372.3210000005,"Depth_Class":"4 - 5 m","District":"Ahad"}},{"type":"Feature","id":132,"geometry":{"type":"Point","coordinates":[404040.07400000002,2922337.2249999996]},"properties":{"OBJECTID":132,"Zone":"ZONE A","STRCTDPTH":4.8600000000000003,"ELEV_GND":8.7780000000000005,"ELEV_INV":3.9180000000000001,"LABEL":"A-MH-5-8","Inastallation_Status":4,"X":404040.07400000002,"Y":2922337.2249999996,"Depth_Class":"4 - 5 m","District":"Ahad"}},{"type":"Feature","id":133,"geometry":{"type":"Point","coordinates":[404056.42899999954,2922305.2440000009]},"properties":{"OBJECTID":133,"Zone":"ZONE A","STRCTDPTH":4.8290000000000006,"ELEV_GND":8.8100000000000005,"ELEV_INV":3.9809999999999999,"LABEL":"A-MH-5-9","Inastallation_Status":4,"X":404056.42899999954,"Y":2922305.2440000009,"Depth_Class":"4 - 5 m","District":"Ahad"}},{"type":"Feature","id":134,"geometry":{"type":"Point","coordinates":[403702.80599999987,2922651.0999999996]},"properties":{"OBJECTID":134,"Zone":"ZONE A","STRCTDPTH":6.8029999999999999,"ELEV_GND":7.4489999999999998,"ELEV_INV":0.64600000000000002,"LABEL":"A-MH-6","Inastallation_Status":4,"X":403702.80599999987,"Y":2922651.0999999996,"Depth_Class":"6 - 7 m","District":"Ahad"}},{"type":"Feature","id":135,"geometry":{"type":"Point","coordinates":[403583.53500000015,2922585.0830000006]},"properties":{"OBJECTID":135,"Zone":"ZONE A","STRCTDPTH":6.6660000000000004,"ELEV_GND":7.4960000000000004,"ELEV_INV":0.82999999999999996,"LABEL":"A-MH-7","Inastallation_Status":4,"X":403583.53500000015,"Y":2922585.0830000006,"Depth_Class":"6 - 7 m","District":"Ahad"}},{"type":"Feature","id":136,"geometry":{"type":"Point","coordinates":[403431.46100000013,2922500.7770000007]},"properties":{"OBJECTID":136,"Zone":"ZONE A","STRCTDPTH":6.7850000000000001,"ELEV_GND":7.8499999999999996,"ELEV_INV":1.0649999999999999,"LABEL":"A-MH-8","Inastallation_Status":4,"X":403431.46100000013,"Y":2922500.7770000007,"Depth_Class":"6 - 7 m","District":"Ahad"}},{"type":"Feature","id":137,"geometry":{"type":"Point","coordinates":[403358.4654000001,2922461.3102000002]},"properties":{"OBJECTID":137,"Zone":"ZONE A","STRCTDPTH":6.5990000000000002,"ELEV_GND":7.7759999999999998,"ELEV_INV":1.177,"LABEL":"A-MH-9","Inastallation_Status":4,"X":403358.4654000001,"Y":2922461.3102000002,"Depth_Class":"6 - 7 m","District":"Ahad"}},{"type":"Feature","id":138,"geometry":{"type":"Point","coordinates":[403284.86799999978,2922421.5179999992]},"properties":{"OBJECTID":138,"Zone":"ZONE A","STRCTDPTH":6.1929999999999996,"ELEV_GND":7.4829999999999997,"ELEV_INV":1.29,"LABEL":"A-MH-10","Inastallation_Status":4,"X":403284.86799999978,"Y":2922421.5179999992,"Depth_Class":"6 - 7 m","District":"Ahad"}},{"type":"Feature","id":139,"geometry":{"type":"Point","coordinates":[403127.54600000009,2922332.8540000003]},"properties":{"OBJECTID":139,"Zone":"ZONE A","STRCTDPTH":5.2679999999999998,"ELEV_GND":6.8019999999999996,"ELEV_INV":1.534,"LABEL":"A-MH-11","Inastallation_Status":4,"X":403127.54600000009,"Y":2922332.8540000003,"Depth_Class":"5 - 6 m","District":"Ahad"}},{"type":"Feature","id":140,"geometry":{"type":"Point","coordinates":[403137.43099999987,2922315.2070000004]},"properties":{"OBJECTID":140,"Zone":"ZONE A","STRCTDPTH":4.4879999999999995,"ELEV_GND":6.8739999999999997,"ELEV_INV":2.3860000000000001,"LABEL":"A-MH-11-1","Inastallation_Status":4,"X":403137.43099999987,"Y":2922315.2070000004,"Depth_Class":"4 - 5 m","District":"Ahad"}},{"type":"Feature","id":141,"geometry":{"type":"Point","coordinates":[403515.19099999964,2921891.7329999991]},"properties":{"OBJECTID":141,"Zone":"ZONE A","STRCTDPTH":5.4769999999999994,"ELEV_GND":8.6999999999999993,"ELEV_INV":3.2229999999999999,"LABEL":"A-MH-11-10","Inastallation_Status":4,"X":403515.19099999964,"Y":2921891.7329999991,"Depth_Class":"5 - 6 m","District":"Ahad"}},{"type":"Feature","id":142,"geometry":{"type":"Point","coordinates":[403545.57799999975,2921843.5460000001]},"properties":{"OBJECTID":142,"Zone":"ZONE A","STRCTDPTH":5.1050000000000004,"ELEV_GND":8.3650000000000002,"ELEV_INV":3.2599999999999998,"LABEL":"A-MH-11-11","Inastallation_Status":4,"X":403545.57799999975,"Y":2921843.5460000001,"Depth_Class":"5 - 6 m","District":"Ahad"}},{"type":"Feature","id":143,"geometry":{"type":"Point","coordinates":[403577.88399999961,2921790.4269999992]},"properties":{"OBJECTID":143,"Zone":"ZONE A","STRCTDPTH":5.1750000000000007,"ELEV_GND":8.8130000000000006,"ELEV_INV":3.6379999999999999,"LABEL":"A-MH-11-12","Inastallation_Status":4,"X":403577.88399999961,"Y":2921790.4269999992,"Depth_Class":"5 - 6 m","District":"Ahad"}},{"type":"Feature","id":144,"geometry":{"type":"Point","coordinates":[403610.12299999967,2921738.0010000002]},"properties":{"OBJECTID":144,"Zone":"ZONE A","STRCTDPTH":5.4410000000000007,"ELEV_GND":9.2940000000000005,"ELEV_INV":3.8530000000000002,"LABEL":"A-MH-11-13","Inastallation_Status":4,"X":403610.12299999967,"Y":2921738.0010000002,"Depth_Class":"5 - 6 m","District":"Ahad"}},{"type":"Feature","id":145,"geometry":{"type":"Point","coordinates":[403644.57100000046,2921682.6720000003]},"properties":{"OBJECTID":145,"Zone":"ZONE A","STRCTDPTH":5.7069999999999999,"ELEV_GND":9.7880000000000003,"ELEV_INV":4.0810000000000004,"LABEL":"A-MH-11-14","Inastallation_Status":4,"X":403644.57100000046,"Y":2921682.6720000003,"Depth_Class":"5 - 6 m","District":"Ahad"}},{"type":"Feature","id":146,"geometry":{"type":"Point","coordinates":[403678.46100000013,2921628.4379999992]},"properties":{"OBJECTID":146,"Zone":"ZONE A","STRCTDPTH":5.9870000000000001,"ELEV_GND":10.292,"ELEV_INV":4.3049999999999997,"LABEL":"A-MH-11-15","Inastallation_Status":4,"X":403678.46100000013,"Y":2921628.4379999992,"Depth_Class":"5 - 6 m","District":"Ahad"}},{"type":"Feature","id":147,"geometry":{"type":"Point","coordinates":[403712.26999999955,2921573.8300000001]},"properties":{"OBJECTID":147,"Zone":"ZONE A","STRCTDPTH":5.6209999999999996,"ELEV_GND":10.151,"ELEV_INV":4.5300000000000002,"LABEL":"A-MH-11-16","Inastallation_Status":4,"X":403712.26999999955,"Y":2921573.8300000001,"Depth_Class":"5 - 6 m","District":"Ahad"}},{"type":"Feature","id":148,"geometry":{"type":"Point","coordinates":[403746.92300000042,2921517.9120000005]},"properties":{"OBJECTID":148,"Zone":"ZONE A","STRCTDPTH":5.1099999999999994,"ELEV_GND":9.8699999999999992,"ELEV_INV":4.7599999999999998,"LABEL":"A-MH-11-17","Inastallation_Status":3,"X":403746.92300000042,"Y":2921517.9120000005,"Depth_Class":"5 - 6 m","District":"Ahad"}},{"type":"Feature","id":149,"geometry":{"type":"Point","coordinates":[403786.3629999999,2921455.1459999997]},"properties":{"OBJECTID":149,"Zone":"ZONE A","STRCTDPTH":4.8500000000000005,"ELEV_GND":9.7300000000000004,"ELEV_INV":4.8799999999999999,"LABEL":"A-MH-11-18","Inastallation_Status":3,"X":403786.3629999999,"Y":2921455.1459999997,"Depth_Class":"4 - 5 m","District":"Ahad"}},{"type":"Feature","id":150,"geometry":{"type":"Point","coordinates":[403826.62100000028,2921389.9810000006]},"properties":{"OBJECTID":150,"Zone":"ZONE A","STRCTDPTH":2.7300000000000004,"ELEV_GND":9.8200000000000003,"ELEV_INV":7.0899999999999999,"LABEL":"A-MH-11-19","Inastallation_Status":2,"X":403826.62100000028,"Y":2921389.9810000006,"Depth_Class":"2 - 3 m","District":"Ahad"}},{"type":"Feature","id":151,"geometry":{"type":"Point","coordinates":[403180.14099999983,2922248.8570000008]},"properties":{"OBJECTID":151,"Zone":"ZONE A","STRCTDPTH":4.9700000000000006,"ELEV_GND":7.407,"ELEV_INV":2.4369999999999998,"LABEL":"A-MH-11-2","Inastallation_Status":4,"X":403180.14099999983,"Y":2922248.8570000008,"Depth_Class":"4 - 5 m","District":"Ahad"}},{"type":"Feature","id":152,"geometry":{"type":"Point","coordinates":[403881.0700000003,2921421.3440000005]},"properties":{"OBJECTID":152,"Zone":"ZONE A","STRCTDPTH":3.1000000000000005,"ELEV_GND":10.41,"ELEV_INV":7.3099999999999996,"LABEL":"A-MH-11-20","Inastallation_Status":2,"X":403881.0700000003,"Y":2921421.3440000005,"Depth_Class":"3 - 4 m","District":"Ahad"}},{"type":"Feature","id":153,"geometry":{"type":"Point","coordinates":[403929.07199999969,2921448.9000000004]},"properties":{"OBJECTID":153,"Zone":"ZONE A","STRCTDPTH":2.5010000000000012,"ELEV_GND":10.005000000000001,"ELEV_INV":7.5039999999999996,"LABEL":"A-MH-11-21","Inastallation_Status":2,"X":403929.07199999969,"Y":2921448.9000000004,"Depth_Class":"2 - 3 m","District":"Ahad"}},{"type":"Feature","id":154,"geometry":{"type":"Point","coordinates":[403977.8459999999,2921478.2320000008]},"properties":{"OBJECTID":154,"Zone":"ZONE A","STRCTDPTH":2.1160000000000005,"ELEV_GND":9.8190000000000008,"ELEV_INV":7.7030000000000003,"LABEL":"A-MH-11-22","Inastallation_Status":2,"X":403977.8459999999,"Y":2921478.2320000008,"Depth_Class":"2 - 3 m","District":"Ahad"}},{"type":"Feature","id":155,"geometry":{"type":"Point","coordinates":[404001.00100000016,2921436.6769999992]},"properties":{"OBJECTID":155,"Zone":"ZONE A","STRCTDPTH":2.1140000000000008,"ELEV_GND":9.9830000000000005,"ELEV_INV":7.8689999999999998,"LABEL":"A-MH-11-23","Inastallation_Status":2,"X":404001.00100000016,"Y":2921436.6769999992,"Depth_Class":"2 - 3 m","District":"Ahad"}},{"type":"Feature","id":156,"geometry":{"type":"Point","coordinates":[404030.20100000035,2921384.5859999992]},"properties":{"OBJECTID":156,"Zone":"ZONE A","STRCTDPTH":2.0939999999999994,"ELEV_GND":10.010999999999999,"ELEV_INV":7.9169999999999998,"LABEL":"A-MH-11-24","Inastallation_Status":2,"X":404030.20100000035,"Y":2921384.5859999992,"Depth_Class":"2 - 3 m","District":"Ahad"}},{"type":"Feature","id":157,"geometry":{"type":"Point","coordinates":[404060.03000000026,2921331.9069999997]},"properties":{"OBJECTID":157,"Zone":"ZONE A","STRCTDPTH":2.1910000000000007,"ELEV_GND":10.156000000000001,"ELEV_INV":7.9649999999999999,"LABEL":"A-MH-11-25","Inastallation_Status":4,"X":404060.03000000026,"Y":2921331.9069999997,"Depth_Class":"2 - 3 m","District":"Ahad"}},{"type":"Feature","id":158,"geometry":{"type":"Point","coordinates":[404067.89400000032,2921315.5639999993]},"properties":{"OBJECTID":158,"Zone":"ZONE A","STRCTDPTH":2.1050000000000004,"ELEV_GND":10.085000000000001,"ELEV_INV":7.9800000000000004,"LABEL":"A-MH-11-26","Inastallation_Status":4,"X":404067.89400000032,"Y":2921315.5639999993,"Depth_Class":"2 - 3 m","District":"Ahad"}},{"type":"Feature","id":159,"geometry":{"type":"Point","coordinates":[404138.96300000045,2921350.9120000005]},"properties":{"OBJECTID":159,"Zone":"ZONE A","STRCTDPTH":6.3800000000000008,"ELEV_GND":10.377000000000001,"ELEV_INV":3.9969999999999999,"LABEL":"A-MH-11-27","Inastallation_Status":4,"X":404138.96300000045,"Y":2921350.9120000005,"Depth_Class":"6 - 7 m","District":"Ahad"}},{"type":"Feature","id":160,"geometry":{"type":"Point","coordinates":[404118.85199999996,2921340.3139999993]},"properties":{"OBJECTID":160,"Zone":"ZONE A","STRCTDPTH":6.2560000000000011,"ELEV_GND":10.271000000000001,"ELEV_INV":4.0149999999999997,"LABEL":"A-MH-11-28","Inastallation_Status":4,"X":404118.85199999996,"Y":2921340.3139999993,"Depth_Class":"6 - 7 m","District":"Ahad"}},{"type":"Feature","id":161,"geometry":{"type":"Point","coordinates":[404069.43499999959,2921313.0759999994]},"properties":{"OBJECTID":161,"Zone":"ZONE A","STRCTDPTH":6.1180000000000012,"ELEV_GND":10.178000000000001,"ELEV_INV":4.0599999999999996,"LABEL":"A-MH-11-29","Inastallation_Status":4,"X":404069.43499999959,"Y":2921313.0759999994,"Depth_Class":"6 - 7 m","District":"Ahad"}},{"type":"Feature","id":162,"geometry":{"type":"Point","coordinates":[403264.02799999993,2922296.1109999996]},"properties":{"OBJECTID":162,"Zone":"ZONE A","STRCTDPTH":4.7999999999999998,"ELEV_GND":7.2999999999999998,"ELEV_INV":2.5,"LABEL":"A-MH-11-3","Inastallation_Status":4,"X":403264.02799999993,"Y":2922296.1109999996,"Depth_Class":"4 - 5 m","District":"Ahad"}},{"type":"Feature","id":163,"geometry":{"type":"Point","coordinates":[404095.20000000019,2921268.409]},"properties":{"OBJECTID":163,"Zone":"ZONE A","STRCTDPTH":6.1709999999999994,"ELEV_GND":10.273,"ELEV_INV":4.1020000000000003,"LABEL":"A-MH-11-30","Inastallation_Status":4,"X":404095.20000000019,"Y":2921268.409,"Depth_Class":"6 - 7 m","District":"Ahad"}},{"type":"Feature","id":164,"geometry":{"type":"Point","coordinates":[404105.44299999997,2921247.9279999994]},"properties":{"OBJECTID":164,"Zone":"ZONE A","STRCTDPTH":6.1900000000000004,"ELEV_GND":10.31,"ELEV_INV":4.1200000000000001,"LABEL":"A-MH-11-31","Inastallation_Status":4,"X":404105.44299999997,"Y":2921247.9279999994,"Depth_Class":"6 - 7 m","District":"Ahad"}},{"type":"Feature","id":165,"geometry":{"type":"Point","coordinates":[404136.75899999961,2921192.216]},"properties":{"OBJECTID":165,"Zone":"ZONE A","STRCTDPTH":5.8539999999999992,"ELEV_GND":10.459,"ELEV_INV":4.6050000000000004,"LABEL":"A-MH-11-32","Inastallation_Status":4,"X":404136.75899999961,"Y":2921192.216,"Depth_Class":"5 - 6 m","District":"Ahad"}},{"type":"Feature","id":166,"geometry":{"type":"Point","coordinates":[404168.05300000031,2921135.0789999999]},"properties":{"OBJECTID":166,"Zone":"ZONE A","STRCTDPTH":5.8039999999999994,"ELEV_GND":10.603999999999999,"ELEV_INV":4.7999999999999998,"LABEL":"A-MH-11-33","Inastallation_Status":4,"X":404168.05300000031,"Y":2921135.0789999999,"Depth_Class":"5 - 6 m","District":"Ahad"}},{"type":"Feature","id":167,"geometry":{"type":"Point","coordinates":[404199.37700000033,2921078.4250000007]},"properties":{"OBJECTID":167,"Zone":"ZONE A","STRCTDPTH":5.6770000000000005,"ELEV_GND":10.721,"ELEV_INV":5.0439999999999996,"LABEL":"A-MH-11-34","Inastallation_Status":4,"X":404199.37700000033,"Y":2921078.4250000007,"Depth_Class":"5 - 6 m","District":"Ahad"}},{"type":"Feature","id":168,"geometry":{"type":"Point","coordinates":[404236.4879999999,2921011.3289999999]},"properties":{"OBJECTID":168,"Zone":"ZONE A","STRCTDPTH":5.7619999999999996,"ELEV_GND":11.036,"ELEV_INV":5.274,"LABEL":"A-MH-11-35","Inastallation_Status":4,"X":404236.4879999999,"Y":2921011.3289999999,"Depth_Class":"5 - 6 m","District":"Ahad"}},{"type":"Feature","id":169,"geometry":{"type":"Point","coordinates":[404242.94639999978,2920999.9201999996]},"properties":{"OBJECTID":169,"Zone":"ZONE A","STRCTDPTH":5.7290000000000001,"ELEV_GND":11.042,"ELEV_INV":5.3129999999999997,"LABEL":"A-MH-11-36","Inastallation_Status":4,"X":404242.94639999978,"Y":2920999.9201999996,"Depth_Class":"5 - 6 m","District":"Ahad"}},{"type":"Feature","id":170,"geometry":{"type":"Point","coordinates":[404256.48099999968,2921007.5820000004]},"properties":{"OBJECTID":170,"Zone":"ZONE A","STRCTDPTH":5.7049999999999992,"ELEV_GND":11.048999999999999,"ELEV_INV":5.3440000000000003,"LABEL":"A-MH-11-37","Inastallation_Status":4,"X":404256.48099999968,"Y":2921007.5820000004,"Depth_Class":"5 - 6 m","District":"Ahad"}},{"type":"Feature","id":171,"geometry":{"type":"Point","coordinates":[404288.72400000039,2920949.6809999999]},"properties":{"OBJECTID":171,"Zone":"ZONE A","STRCTDPTH":5.9500000000000002,"ELEV_GND":11.41,"ELEV_INV":5.46,"LABEL":"A-MH-11-38","Inastallation_Status":4,"X":404288.72400000039,"Y":2920949.6809999999,"Depth_Class":"5 - 6 m","District":"Ahad"}},{"type":"Feature","id":172,"geometry":{"type":"Point","coordinates":[404243.51620000042,2920924.8275000006]},"properties":{"OBJECTID":172,"Zone":"ZONE A","STRCTDPTH":5.8530000000000006,"ELEV_GND":11.483000000000001,"ELEV_INV":5.6299999999999999,"LABEL":"A-MH-11-39","Inastallation_Status":4,"X":404243.51620000042,"Y":2920924.8275000006,"Depth_Class":"5 - 6 m","District":"Ahad"}},{"type":"Feature","id":173,"geometry":{"type":"Point","coordinates":[403319.28399999999,2922206.7719999999]},"properties":{"OBJECTID":173,"Zone":"ZONE A","STRCTDPTH":5.3160000000000007,"ELEV_GND":8.0570000000000004,"ELEV_INV":2.7410000000000001,"LABEL":"A-MH-11-4","Inastallation_Status":4,"X":403319.28399999999,"Y":2922206.7719999999,"Depth_Class":"5 - 6 m","District":"Ahad"}},{"type":"Feature","id":174,"geometry":{"type":"Point","coordinates":[404204.375,2920903.4580000006]},"properties":{"OBJECTID":174,"Zone":"ZONE A","STRCTDPTH":5.7749999999999995,"ELEV_GND":11.539,"ELEV_INV":5.7640000000000002,"LABEL":"A-MH-11-40","Inastallation_Status":4,"X":404204.375,"Y":2920903.4580000006,"Depth_Class":"5 - 6 m","District":"Ahad"}},{"type":"Feature","id":175,"geometry":{"type":"Point","coordinates":[404238.71899999958,2920848.3450000007]},"properties":{"OBJECTID":175,"Zone":"ZONE A","STRCTDPTH":5.6940000000000008,"ELEV_GND":11.653,"ELEV_INV":5.9589999999999996,"LABEL":"A-MH-11-41","Inastallation_Status":4,"X":404238.71899999958,"Y":2920848.3450000007,"Depth_Class":"5 - 6 m","District":"Ahad"}},{"type":"Feature","id":176,"geometry":{"type":"Point","coordinates":[404272.99299999978,2920792.7339999992]},"properties":{"OBJECTID":176,"Zone":"ZONE A","STRCTDPTH":5.5309999999999997,"ELEV_GND":11.686,"ELEV_INV":6.1550000000000002,"LABEL":"A-MH-11-42","Inastallation_Status":4,"X":404272.99299999978,"Y":2920792.7339999992,"Depth_Class":"5 - 6 m","District":"Ahad"}},{"type":"Feature","id":177,"geometry":{"type":"Point","coordinates":[404307.53699999955,2920737.5759999994]},"properties":{"OBJECTID":177,"Zone":"ZONE A","STRCTDPTH":5.4329999999999998,"ELEV_GND":11.782999999999999,"ELEV_INV":6.3499999999999996,"LABEL":"A-MH-11-43","Inastallation_Status":4,"X":404307.53699999955,"Y":2920737.5759999994,"Depth_Class":"5 - 6 m","District":"Ahad"}},{"type":"Feature","id":178,"geometry":{"type":"Point","coordinates":[404341.76499999966,2920682.3929999992]},"properties":{"OBJECTID":178,"Zone":"ZONE A","STRCTDPTH":5.0489999999999995,"ELEV_GND":11.664,"ELEV_INV":6.6150000000000002,"LABEL":"A-MH-11-44","Inastallation_Status":4,"X":404341.76499999966,"Y":2920682.3929999992,"Depth_Class":"5 - 6 m","District":"Ahad"}},{"type":"Feature","id":179,"geometry":{"type":"Point","coordinates":[404373.58700000029,2920631.2259999998]},"properties":{"OBJECTID":179,"Zone":"ZONE A","STRCTDPTH":4.843,"ELEV_GND":11.609,"ELEV_INV":6.766,"LABEL":"A-MH-11-45","Inastallation_Status":4,"X":404373.58700000029,"Y":2920631.2259999998,"Depth_Class":"4 - 5 m","District":"Ahad"}},{"type":"Feature","id":180,"geometry":{"type":"Point","coordinates":[404402.82500000019,2920584.6270000003]},"properties":{"OBJECTID":180,"Zone":"ZONE A","STRCTDPTH":4.580000000000001,"ELEV_GND":11.483000000000001,"ELEV_INV":6.9029999999999996,"LABEL":"A-MH-11-46","Inastallation_Status":4,"X":404402.82500000019,"Y":2920584.6270000003,"Depth_Class":"4 - 5 m","District":"Ahad"}},{"type":"Feature","id":181,"geometry":{"type":"Point","coordinates":[404433.77599999961,2920534.2329999991]},"properties":{"OBJECTID":181,"Zone":"ZONE A","STRCTDPTH":4.2759999999999998,"ELEV_GND":11.327,"ELEV_INV":7.0510000000000002,"LABEL":"A-MH-11-47","Inastallation_Status":4,"X":404433.77599999961,"Y":2920534.2329999991,"Depth_Class":"4 - 5 m","District":"Ahad"}},{"type":"Feature","id":182,"geometry":{"type":"Point","coordinates":[404467.28000000026,2920480.1449999996]},"properties":{"OBJECTID":182,"Zone":"ZONE A","STRCTDPTH":4.1729999999999992,"ELEV_GND":11.382999999999999,"ELEV_INV":7.21,"LABEL":"A-MH-11-48","Inastallation_Status":4,"X":404467.28000000026,"Y":2920480.1449999996,"Depth_Class":"4 - 5 m","District":"Ahad"}},{"type":"Feature","id":183,"geometry":{"type":"Point","coordinates":[403347.49899999984,2922161.3739999998]},"properties":{"OBJECTID":183,"Zone":"ZONE A","STRCTDPTH":5.6340000000000003,"ELEV_GND":8.4280000000000008,"ELEV_INV":2.794,"LABEL":"A-MH-11-5","Inastallation_Status":4,"X":403347.49899999984,"Y":2922161.3739999998,"Depth_Class":"5 - 6 m","District":"Ahad"}},{"type":"Feature","id":184,"geometry":{"type":"Point","coordinates":[403376.87299999967,2922114.2620000001]},"properties":{"OBJECTID":184,"Zone":"ZONE A","STRCTDPTH":5.9000000000000004,"ELEV_GND":8.75,"ELEV_INV":2.8500000000000001,"LABEL":"A-MH-11-6","Inastallation_Status":4,"X":403376.87299999967,"Y":2922114.2620000001,"Depth_Class":"5 - 6 m","District":"Ahad"}},{"type":"Feature","id":185,"geometry":{"type":"Point","coordinates":[403406.73300000001,2922066.1640000008]},"properties":{"OBJECTID":185,"Zone":"ZONE A","STRCTDPTH":6.1139999999999999,"ELEV_GND":9.1319999999999997,"ELEV_INV":3.0179999999999998,"LABEL":"A-MH-11-7","Inastallation_Status":4,"X":403406.73300000001,"Y":2922066.1640000008,"Depth_Class":"6 - 7 m","District":"Ahad"}},{"type":"Feature","id":186,"geometry":{"type":"Point","coordinates":[403437.59399999958,2922016.9169999994]},"properties":{"OBJECTID":186,"Zone":"ZONE A","STRCTDPTH":6.3659999999999997,"ELEV_GND":9.4420000000000002,"ELEV_INV":3.0760000000000001,"LABEL":"A-MH-11-8","Inastallation_Status":4,"X":403437.59399999958,"Y":2922016.9169999994,"Depth_Class":"6 - 7 m","District":"Ahad"}},{"type":"Feature","id":187,"geometry":{"type":"Point","coordinates":[403482.25399999972,2921945.4719999991]},"properties":{"OBJECTID":187,"Zone":"ZONE A","STRCTDPTH":5.8650000000000002,"ELEV_GND":9.0250000000000004,"ELEV_INV":3.1600000000000001,"LABEL":"A-MH-11-9","Inastallation_Status":4,"X":403482.25399999972,"Y":2921945.4719999991,"Depth_Class":"5 - 6 m","District":"Ahad"}},{"type":"Feature","id":188,"geometry":{"type":"Point","coordinates":[402860.60500000045,2922184.5749999993]},"properties":{"OBJECTID":188,"Zone":"ZONE B","STRCTDPTH":7.9909999999999997,"ELEV_GND":6.4409999999999998,"ELEV_INV":-1.55,"LABEL":"B-MH-12","Inastallation_Status":4,"X":402860.60500000045,"Y":2922184.5749999993,"Depth_Class":"7 - 8 m","District":"Bader"}},{"type":"Feature","id":189,"geometry":{"type":"Point","coordinates":[402855.59200000018,2922180.8709999993]},"properties":{"OBJECTID":189,"Zone":"ZONE B","STRCTDPTH":8.088000000000001,"ELEV_GND":6.5430000000000001,"ELEV_INV":-1.5449999999999999,"LABEL":"B-MH-13","Inastallation_Status":4,"X":402855.59200000018,"Y":2922180.8709999993,"Depth_Class":"8 - 9 m","District":"Bader"}},{"type":"Feature","id":190,"geometry":{"type":"Point","coordinates":[403827.67700000014,2920236.9609999992]},"properties":{"OBJECTID":190,"Zone":"ZONE B","STRCTDPTH":4.0550000000000006,"ELEV_GND":9.0950000000000006,"ELEV_INV":5.04,"LABEL":"B-MH-13-1","Inastallation_Status":1,"X":403827.67700000014,"Y":2920236.9609999992,"Depth_Class":"4 - 5 m","District":"Bader"}},{"type":"Feature","id":191,"geometry":{"type":"Point","coordinates":[403837.11500000022,2920221.034]},"properties":{"OBJECTID":191,"Zone":"ZONE B","STRCTDPTH":3.9770000000000003,"ELEV_GND":9.1059999999999999,"ELEV_INV":5.1289999999999996,"LABEL":"B-MH-13-2","Inastallation_Status":1,"X":403837.11500000022,"Y":2920221.034,"Depth_Class":"3 - 4 m","District":"Bader"}},{"type":"Feature","id":192,"geometry":{"type":"Point","coordinates":[403856.49799999967,2920185.3310000002]},"properties":{"OBJECTID":192,"Zone":"ZONE B","STRCTDPTH":3.987000000000001,"ELEV_GND":9.2070000000000007,"ELEV_INV":5.2199999999999998,"LABEL":"B-MH-13-3","Inastallation_Status":1,"X":403856.49799999967,"Y":2920185.3310000002,"Depth_Class":"3 - 4 m","District":"Bader"}},{"type":"Feature","id":193,"geometry":{"type":"Point","coordinates":[402764.04700000025,2922131.6009999998]},"properties":{"OBJECTID":193,"Zone":"ZONE B","STRCTDPTH":8.0850000000000009,"ELEV_GND":6.7160000000000002,"ELEV_INV":-1.369,"LABEL":"B-MH-14","Inastallation_Status":4,"X":402764.04700000025,"Y":2922131.6009999998,"Depth_Class":"8 - 9 m","District":"Bader"}},{"type":"Feature","id":194,"geometry":{"type":"Point","coordinates":[402668.87000000011,2922078.7929999996]},"properties":{"OBJECTID":194,"Zone":"ZONE B","STRCTDPTH":7.7880000000000003,"ELEV_GND":6.5010000000000003,"ELEV_INV":-1.2869999999999999,"LABEL":"B-MH-15","Inastallation_Status":4,"X":402668.87000000011,"Y":2922078.7929999996,"Depth_Class":"7 - 8 m","District":"Bader"}},{"type":"Feature","id":195,"geometry":{"type":"Point","coordinates":[402580.05229999963,2922028.6952999998]},"properties":{"OBJECTID":195,"Zone":"ZONE B","STRCTDPTH":7.4560000000000004,"ELEV_GND":6.2450000000000001,"ELEV_INV":-1.2110000000000001,"LABEL":"B-MH-16","Inastallation_Status":4,"X":402580.05229999963,"Y":2922028.6952999998,"Depth_Class":"7 - 8 m","District":"Bader"}},{"type":"Feature","id":196,"geometry":{"type":"Point","coordinates":[402533.80999999959,2922002.6229999997]},"properties":{"OBJECTID":196,"Zone":"ZONE B","STRCTDPTH":7.4850000000000003,"ELEV_GND":6.3140000000000001,"ELEV_INV":-1.171,"LABEL":"B-MH-17","Inastallation_Status":4,"X":402533.80999999959,"Y":2922002.6229999997,"Depth_Class":"7 - 8 m","District":"Bader"}},{"type":"Feature","id":197,"geometry":{"type":"Point","coordinates":[402452.9299999997,2921959.3479999993]},"properties":{"OBJECTID":197,"Zone":"ZONE B","STRCTDPTH":7.3920000000000003,"ELEV_GND":6.29,"ELEV_INV":-1.1020000000000001,"LABEL":"B-MH-18","Inastallation_Status":4,"X":402452.9299999997,"Y":2921959.3479999993,"Depth_Class":"7 - 8 m","District":"Bader"}},{"type":"Feature","id":198,"geometry":{"type":"Point","coordinates":[402372.4709999999,2921914.7229999993]},"properties":{"OBJECTID":198,"Zone":"ZONE B","STRCTDPTH":7.0749999999999993,"ELEV_GND":6.0419999999999998,"ELEV_INV":-1.0329999999999999,"LABEL":"B-MH-19","Inastallation_Status":4,"X":402372.4709999999,"Y":2921914.7229999993,"Depth_Class":"7 - 8 m","District":"Bader"}},{"type":"Feature","id":199,"geometry":{"type":"Point","coordinates":[402290.07100000046,2921867.602]},"properties":{"OBJECTID":199,"Zone":"ZONE B","STRCTDPTH":6.9979999999999993,"ELEV_GND":6.0359999999999996,"ELEV_INV":-0.96199999999999997,"LABEL":"B-MH-20","Inastallation_Status":4,"X":402290.07100000046,"Y":2921867.602,"Depth_Class":"6 - 7 m","District":"Bader"}},{"type":"Feature","id":200,"geometry":{"type":"Point","coordinates":[402240.29899999965,2921840.1809999999]},"properties":{"OBJECTID":200,"Zone":"ZONE B","STRCTDPTH":7.0640000000000001,"ELEV_GND":6.1449999999999996,"ELEV_INV":-0.91900000000000004,"LABEL":"B-MH-21","Inastallation_Status":4,"X":402240.29899999965,"Y":2921840.1809999999,"Depth_Class":"7 - 8 m","District":"Bader"}},{"type":"Feature","id":201,"geometry":{"type":"Point","coordinates":[402151.88100000005,2921791.2229999993]},"properties":{"OBJECTID":201,"Zone":"ZONE B","STRCTDPTH":6.915,"ELEV_GND":6.1699999999999999,"ELEV_INV":-0.745,"LABEL":"B-MH-22","Inastallation_Status":4,"X":402151.88100000005,"Y":2921791.2229999993,"Depth_Class":"6 - 7 m","District":"Bader"}},{"type":"Feature","id":202,"geometry":{"type":"Point","coordinates":[402062.17100000009,2921745.4700000007]},"properties":{"OBJECTID":202,"Zone":"ZONE B","STRCTDPTH":6.6400000000000006,"ELEV_GND":5.9800000000000004,"ELEV_INV":-0.66000000000000003,"LABEL":"B-MH-23","Inastallation_Status":4,"X":402062.17100000009,"Y":2921745.4700000007,"Depth_Class":"6 - 7 m","District":"Bader"}},{"type":"Feature","id":203,"geometry":{"type":"Point","coordinates":[402117.72200000007,2921662.2970000003]},"properties":{"OBJECTID":203,"Zone":"ZONE B","STRCTDPTH":5.9750000000000005,"ELEV_GND":5.6150000000000002,"ELEV_INV":-0.35999999999999999,"LABEL":"B-MH-23-1","Inastallation_Status":4,"X":402117.72200000007,"Y":2921662.2970000003,"Depth_Class":"5 - 6 m","District":"Bader"}},{"type":"Feature","id":204,"geometry":{"type":"Point","coordinates":[402070.52400000021,2921730.7679999992]},"properties":{"OBJECTID":204,"Zone":"ZONE B","STRCTDPTH":6.4859999999999998,"ELEV_GND":6.0430000000000001,"ELEV_INV":-0.443,"LABEL":"B-MH-23-1(1)","Inastallation_Status":4,"X":402070.52400000021,"Y":2921730.7679999992,"Depth_Class":"6 - 7 m","District":"Bader"}},{"type":"Feature","id":205,"geometry":{"type":"Point","coordinates":[402407.67100000009,2921140.2489999998]},"properties":{"OBJECTID":205,"Zone":"ZONE B","STRCTDPTH":5.9870000000000001,"ELEV_GND":6.3920000000000003,"ELEV_INV":0.40500000000000003,"LABEL":"B-MH-23-10","Inastallation_Status":4,"X":402407.67100000009,"Y":2921140.2489999998,"Depth_Class":"5 - 6 m","District":"Bader"}},{"type":"Feature","id":206,"geometry":{"type":"Point","coordinates":[402442.50299999956,2921077.0040000007]},"properties":{"OBJECTID":206,"Zone":"ZONE B","STRCTDPTH":5.7200000000000006,"ELEV_GND":6.4930000000000003,"ELEV_INV":0.77300000000000002,"LABEL":"B-MH-23-11","Inastallation_Status":4,"X":402442.50299999956,"Y":2921077.0040000007,"Depth_Class":"5 - 6 m","District":"Bader"}},{"type":"Feature","id":207,"geometry":{"type":"Point","coordinates":[402474.58499999996,2921017.7019999996]},"properties":{"OBJECTID":207,"Zone":"ZONE B","STRCTDPTH":5.6820000000000004,"ELEV_GND":6.6340000000000003,"ELEV_INV":0.95199999999999996,"LABEL":"B-MH-23-12","Inastallation_Status":4,"X":402474.58499999996,"Y":2921017.7019999996,"Depth_Class":"5 - 6 m","District":"Bader"}},{"type":"Feature","id":208,"geometry":{"type":"Point","coordinates":[402511.92679999955,2920950.9385000002]},"properties":{"OBJECTID":208,"Zone":"ZONE B","STRCTDPTH":5.4619999999999997,"ELEV_GND":6.617,"ELEV_INV":1.155,"LABEL":"B-MH-23-13","Inastallation_Status":4,"X":402511.92679999955,"Y":2920950.9385000002,"Depth_Class":"5 - 6 m","District":"Bader"}},{"type":"Feature","id":209,"geometry":{"type":"Point","coordinates":[402542.68099999987,2920895.9529999997]},"properties":{"OBJECTID":209,"Zone":"ZONE B","STRCTDPTH":5.2789999999999999,"ELEV_GND":6.601,"ELEV_INV":1.3220000000000001,"LABEL":"B-MH-23-14","Inastallation_Status":4,"X":402542.68099999987,"Y":2920895.9529999997,"Depth_Class":"5 - 6 m","District":"Bader"}},{"type":"Feature","id":210,"geometry":{"type":"Point","coordinates":[402573.77199999988,2920839.5850000009]},"properties":{"OBJECTID":210,"Zone":"ZONE B","STRCTDPTH":5.1829999999999998,"ELEV_GND":6.6749999999999998,"ELEV_INV":1.492,"LABEL":"B-MH-23-15","Inastallation_Status":4,"X":402573.77199999988,"Y":2920839.5850000009,"Depth_Class":"5 - 6 m","District":"Bader"}},{"type":"Feature","id":211,"geometry":{"type":"Point","coordinates":[402610.75299999956,2920773.1150000002]},"properties":{"OBJECTID":211,"Zone":"ZONE B","STRCTDPTH":5.181,"ELEV_GND":6.875,"ELEV_INV":1.694,"LABEL":"B-MH-23-16","Inastallation_Status":4,"X":402610.75299999956,"Y":2920773.1150000002,"Depth_Class":"5 - 6 m","District":"Bader"}},{"type":"Feature","id":212,"geometry":{"type":"Point","coordinates":[402642.42800000031,2920716.4049999993]},"properties":{"OBJECTID":212,"Zone":"ZONE B","STRCTDPTH":5.1169999999999991,"ELEV_GND":6.9829999999999997,"ELEV_INV":1.8660000000000001,"LABEL":"B-MH-23-17","Inastallation_Status":4,"X":402642.42800000031,"Y":2920716.4049999993,"Depth_Class":"5 - 6 m","District":"Bader"}},{"type":"Feature","id":213,"geometry":{"type":"Point","coordinates":[402677.65199999977,2920677.5639999993]},"properties":{"OBJECTID":213,"Zone":"ZONE B","STRCTDPTH":6.266,"ELEV_GND":6.8550000000000004,"ELEV_INV":0.58899999999999997,"LABEL":"B-MH-23-18","Inastallation_Status":4,"X":402677.65199999977,"Y":2920677.5639999993,"Depth_Class":"6 - 7 m","District":"Bader"}},{"type":"Feature","id":214,"geometry":{"type":"Point","coordinates":[402694.66199999955,2920646.4780000001]},"properties":{"OBJECTID":214,"Zone":"ZONE B","STRCTDPTH":6.1990000000000007,"ELEV_GND":6.8550000000000004,"ELEV_INV":0.65600000000000003,"LABEL":"B-MH-23-19","Inastallation_Status":4,"X":402694.66199999955,"Y":2920646.4780000001,"Depth_Class":"6 - 7 m","District":"Bader"}},{"type":"Feature","id":215,"geometry":{"type":"Point","coordinates":[402148.54000000004,2921611.3149999995]},"properties":{"OBJECTID":215,"Zone":"ZONE B","STRCTDPTH":6.1559999999999997,"ELEV_GND":5.8559999999999999,"ELEV_INV":-0.29999999999999999,"LABEL":"B-MH-23-2","Inastallation_Status":4,"X":402148.54000000004,"Y":2921611.3149999995,"Depth_Class":"6 - 7 m","District":"Bader"}},{"type":"Feature","id":216,"geometry":{"type":"Point","coordinates":[402726.97800000012,2920588.0109999999]},"properties":{"OBJECTID":216,"Zone":"ZONE B","STRCTDPTH":6.149,"ELEV_GND":6.9420000000000002,"ELEV_INV":0.79300000000000004,"LABEL":"B-MH-23-20","Inastallation_Status":4,"X":402726.97800000012,"Y":2920588.0109999999,"Depth_Class":"6 - 7 m","District":"Bader"}},{"type":"Feature","id":217,"geometry":{"type":"Point","coordinates":[402758.60199999996,2920531.3540000003]},"properties":{"OBJECTID":217,"Zone":"ZONE B","STRCTDPTH":6.0439999999999996,"ELEV_GND":6.96,"ELEV_INV":0.91600000000000004,"LABEL":"B-MH-23-21","Inastallation_Status":4,"X":402758.60199999996,"Y":2920531.3540000003,"Depth_Class":"6 - 7 m","District":"Bader"}},{"type":"Feature","id":218,"geometry":{"type":"Point","coordinates":[402802.89699999988,2920453.0690000001]},"properties":{"OBJECTID":218,"Zone":"ZONE B","STRCTDPTH":5.8849999999999998,"ELEV_GND":7.0700000000000003,"ELEV_INV":1.1850000000000001,"LABEL":"B-MH-23-22","Inastallation_Status":4,"X":402802.89699999988,"Y":2920453.0690000001,"Depth_Class":"5 - 6 m","District":"Bader"}},{"type":"Feature","id":219,"geometry":{"type":"Point","coordinates":[402834.375,2920394.5960000008]},"properties":{"OBJECTID":219,"Zone":"ZONE B","STRCTDPTH":5.8679999999999994,"ELEV_GND":7.1799999999999997,"ELEV_INV":1.3120000000000001,"LABEL":"B-MH-23-23","Inastallation_Status":4,"X":402834.375,"Y":2920394.5960000008,"Depth_Class":"5 - 6 m","District":"Bader"}},{"type":"Feature","id":220,"geometry":{"type":"Point","coordinates":[402864.32199999969,2920342.1209999993]},"properties":{"OBJECTID":220,"Zone":"ZONE B","STRCTDPTH":5.8040000000000003,"ELEV_GND":7.2300000000000004,"ELEV_INV":1.4259999999999999,"LABEL":"B-MH-23-24","Inastallation_Status":4,"X":402864.32199999969,"Y":2920342.1209999993,"Depth_Class":"5 - 6 m","District":"Bader"}},{"type":"Feature","id":221,"geometry":{"type":"Point","coordinates":[402908.07100000046,2920261.4020000007]},"properties":{"OBJECTID":221,"Zone":"ZONE B","STRCTDPTH":5.5789999999999997,"ELEV_GND":7.1799999999999997,"ELEV_INV":1.601,"LABEL":"B-MH-23-25","Inastallation_Status":4,"X":402908.07100000046,"Y":2920261.4020000007,"Depth_Class":"5 - 6 m","District":"Bader"}},{"type":"Feature","id":222,"geometry":{"type":"Point","coordinates":[402974.37100000028,2920297.5010000002]},"properties":{"OBJECTID":222,"Zone":"ZONE B","STRCTDPTH":5.556,"ELEV_GND":7.2999999999999998,"ELEV_INV":1.744,"LABEL":"B-MH-23-26","Inastallation_Status":4,"X":402974.37100000028,"Y":2920297.5010000002,"Depth_Class":"5 - 6 m","District":"Bader"}},{"type":"Feature","id":223,"geometry":{"type":"Point","coordinates":[403031.25079999957,2920329.0365999993]},"properties":{"OBJECTID":223,"Zone":"ZONE B","STRCTDPTH":5.5859999999999994,"ELEV_GND":7.4539999999999997,"ELEV_INV":1.8680000000000001,"LABEL":"B-MH-23-27","Inastallation_Status":4,"X":403031.25079999957,"Y":2920329.0365999993,"Depth_Class":"5 - 6 m","District":"Bader"}},{"type":"Feature","id":224,"geometry":{"type":"Point","coordinates":[403062.95199999958,2920271.8579999991]},"properties":{"OBJECTID":224,"Zone":"ZONE B","STRCTDPTH":5.54,"ELEV_GND":7.532,"ELEV_INV":1.992,"LABEL":"B-MH-23-28","Inastallation_Status":4,"X":403062.95199999958,"Y":2920271.8579999991,"Depth_Class":"5 - 6 m","District":"Bader"}},{"type":"Feature","id":225,"geometry":{"type":"Point","coordinates":[403094.42200000025,2920214.9969999995]},"properties":{"OBJECTID":225,"Zone":"ZONE B","STRCTDPTH":5.5449999999999999,"ELEV_GND":7.7690000000000001,"ELEV_INV":2.2240000000000002,"LABEL":"B-MH-23-29","Inastallation_Status":4,"X":403094.42200000025,"Y":2920214.9969999995,"Depth_Class":"5 - 6 m","District":"Bader"}},{"type":"Feature","id":226,"geometry":{"type":"Point","coordinates":[402171.56099999975,2921566.5059999991]},"properties":{"OBJECTID":226,"Zone":"ZONE B","STRCTDPTH":6.1760000000000002,"ELEV_GND":5.9260000000000002,"ELEV_INV":-0.25,"LABEL":"B-MH-23-3","Inastallation_Status":4,"X":402171.56099999975,"Y":2921566.5059999991,"Depth_Class":"6 - 7 m","District":"Bader"}},{"type":"Feature","id":227,"geometry":{"type":"Point","coordinates":[403130.99000000022,2920148.6909999996]},"properties":{"OBJECTID":227,"Zone":"ZONE B","STRCTDPTH":5.5969999999999995,"ELEV_GND":8.0289999999999999,"ELEV_INV":2.4319999999999999,"LABEL":"B-MH-23-30","Inastallation_Status":4,"X":403130.99000000022,"Y":2920148.6909999996,"Depth_Class":"5 - 6 m","District":"Bader"}},{"type":"Feature","id":228,"geometry":{"type":"Point","coordinates":[403162.41000000015,2920092.0969999991]},"properties":{"OBJECTID":228,"Zone":"ZONE B","STRCTDPTH":5.6760000000000002,"ELEV_GND":8.2859999999999996,"ELEV_INV":2.6099999999999999,"LABEL":"B-MH-23-31","Inastallation_Status":4,"X":403162.41000000015,"Y":2920092.0969999991,"Depth_Class":"5 - 6 m","District":"Bader"}},{"type":"Feature","id":229,"geometry":{"type":"Point","coordinates":[403195.2620000001,2920033.5789999999]},"properties":{"OBJECTID":229,"Zone":"ZONE B","STRCTDPTH":5.3420000000000005,"ELEV_GND":8.1370000000000005,"ELEV_INV":2.7949999999999999,"LABEL":"B-MH-23-32","Inastallation_Status":4,"X":403195.2620000001,"Y":2920033.5789999999,"Depth_Class":"5 - 6 m","District":"Bader"}},{"type":"Feature","id":230,"geometry":{"type":"Point","coordinates":[403242.9299999997,2920060.0769999996]},"properties":{"OBJECTID":230,"Zone":"ZONE B","STRCTDPTH":5.2699999999999996,"ELEV_GND":8.2669999999999995,"ELEV_INV":2.9969999999999999,"LABEL":"B-MH-23-33","Inastallation_Status":4,"X":403242.9299999997,"Y":2920060.0769999996,"Depth_Class":"5 - 6 m","District":"Bader"}},{"type":"Feature","id":231,"geometry":{"type":"Point","coordinates":[402204.61899999995,2921506.8090000004]},"properties":{"OBJECTID":231,"Zone":"ZONE B","STRCTDPTH":6.173,"ELEV_GND":6.1070000000000002,"ELEV_INV":-0.066000000000000003,"LABEL":"B-MH-23-4","Inastallation_Status":4,"X":402204.61899999995,"Y":2921506.8090000004,"Depth_Class":"6 - 7 m","District":"Bader"}},{"type":"Feature","id":232,"geometry":{"type":"Point","coordinates":[402235.01999999955,2921450.3330000006]},"properties":{"OBJECTID":232,"Zone":"ZONE B","STRCTDPTH":6.1690000000000005,"ELEV_GND":6.1840000000000002,"ELEV_INV":0.014999999999999999,"LABEL":"B-MH-23-5","Inastallation_Status":4,"X":402235.01999999955,"Y":2921450.3330000006,"Depth_Class":"6 - 7 m","District":"Bader"}},{"type":"Feature","id":233,"geometry":{"type":"Point","coordinates":[402264.64199999999,2921397.0549999997]},"properties":{"OBJECTID":233,"Zone":"ZONE B","STRCTDPTH":6.2570000000000006,"ELEV_GND":6.3390000000000004,"ELEV_INV":0.082000000000000003,"LABEL":"B-MH-23-6","Inastallation_Status":4,"X":402264.64199999999,"Y":2921397.0549999997,"Depth_Class":"6 - 7 m","District":"Bader"}},{"type":"Feature","id":234,"geometry":{"type":"Point","coordinates":[402298.28899999987,2921337.852]},"properties":{"OBJECTID":234,"Zone":"ZONE B","STRCTDPTH":6.3140000000000001,"ELEV_GND":6.4710000000000001,"ELEV_INV":0.157,"LABEL":"B-MH-23-7","Inastallation_Status":4,"X":402298.28899999987,"Y":2921337.852,"Depth_Class":"6 - 7 m","District":"Bader"}},{"type":"Feature","id":235,"geometry":{"type":"Point","coordinates":[402332.10900000017,2921276.6940000001]},"properties":{"OBJECTID":235,"Zone":"ZONE B","STRCTDPTH":6.0870000000000006,"ELEV_GND":6.3200000000000003,"ELEV_INV":0.23300000000000001,"LABEL":"B-MH-23-8","Inastallation_Status":4,"X":402332.10900000017,"Y":2921276.6940000001,"Depth_Class":"6 - 7 m","District":"Bader"}},{"type":"Feature","id":236,"geometry":{"type":"Point","coordinates":[402370.60500000045,2921207.284]},"properties":{"OBJECTID":236,"Zone":"ZONE B","STRCTDPTH":6.1909999999999998,"ELEV_GND":6.5119999999999996,"ELEV_INV":0.32100000000000001,"LABEL":"B-MH-23-9","Inastallation_Status":4,"X":402370.60500000045,"Y":2921207.284,"Depth_Class":"6 - 7 m","District":"Bader"}},{"type":"Feature","id":237,"geometry":{"type":"Point","coordinates":[401990.92300000042,2921702.3359999992]},"properties":{"OBJECTID":237,"Zone":"ZONE B","STRCTDPTH":5.4089999999999998,"ELEV_GND":6.1719999999999997,"ELEV_INV":0.76300000000000001,"LABEL":"B-MH-24","Inastallation_Status":4,"X":401990.92300000042,"Y":2921702.3359999992,"Depth_Class":"5 - 6 m","District":"Bader"}},{"type":"Feature","id":238,"geometry":{"type":"Point","coordinates":[401912.28500000015,2921658.8249999993]},"properties":{"OBJECTID":238,"Zone":"ZONE B","STRCTDPTH":5.1610000000000005,"ELEV_GND":6.1040000000000001,"ELEV_INV":0.94299999999999995,"LABEL":"B-MH-25","Inastallation_Status":4,"X":401912.28500000015,"Y":2921658.8249999993,"Depth_Class":"5 - 6 m","District":"Bader"}},{"type":"Feature","id":239,"geometry":{"type":"Point","coordinates":[401828.37000000011,2921613.398]},"properties":{"OBJECTID":239,"Zone":"ZONE B","STRCTDPTH":4.7390000000000008,"ELEV_GND":5.8730000000000002,"ELEV_INV":1.1339999999999999,"LABEL":"B-MH-26","Inastallation_Status":4,"X":401828.37000000011,"Y":2921613.398,"Depth_Class":"4 - 5 m","District":"Bader"}},{"type":"Feature","id":240,"geometry":{"type":"Point","coordinates":[401849.87999999989,2921280.8340000007]},"properties":{"OBJECTID":240,"Zone":"ZONE B","STRCTDPTH":6.4950000000000001,"ELEV_GND":6.0499999999999998,"ELEV_INV":-0.44500000000000001,"LABEL":"B-MH-26-1","Inastallation_Status":4,"X":401849.87999999989,"Y":2921280.8340000007,"Depth_Class":"6 - 7 m","District":"Bader"}},{"type":"Feature","id":241,"geometry":{"type":"Point","coordinates":[401995.35900000017,2920727.2320000008]},"properties":{"OBJECTID":241,"Zone":"ZONE B","STRCTDPTH":5.8330000000000002,"ELEV_GND":6.6900000000000004,"ELEV_INV":0.85699999999999998,"LABEL":"B-MH-26-10","Inastallation_Status":4,"X":401995.35900000017,"Y":2920727.2320000008,"Depth_Class":"5 - 6 m","District":"Bader"}},{"type":"Feature","id":242,"geometry":{"type":"Point","coordinates":[402013.77599999961,2920658.2009999994]},"properties":{"OBJECTID":242,"Zone":"ZONE B","STRCTDPTH":5.8120000000000003,"ELEV_GND":6.8300000000000001,"ELEV_INV":1.018,"LABEL":"B-MH-26-11","Inastallation_Status":4,"X":402013.77599999961,"Y":2920658.2009999994,"Depth_Class":"5 - 6 m","District":"Bader"}},{"type":"Feature","id":243,"geometry":{"type":"Point","coordinates":[402037.00499999989,2920571.0810000002]},"properties":{"OBJECTID":243,"Zone":"ZONE B","STRCTDPTH":5.6849999999999996,"ELEV_GND":6.9059999999999997,"ELEV_INV":1.2210000000000001,"LABEL":"B-MH-26-12","Inastallation_Status":4,"X":402037.00499999989,"Y":2920571.0810000002,"Depth_Class":"5 - 6 m","District":"Bader"}},{"type":"Feature","id":244,"geometry":{"type":"Point","coordinates":[402056.35300000012,2920498.1899999995]},"properties":{"OBJECTID":244,"Zone":"ZONE B","STRCTDPTH":5.6699999999999999,"ELEV_GND":7.0599999999999996,"ELEV_INV":1.3899999999999999,"LABEL":"B-MH-26-13","Inastallation_Status":4,"X":402056.35300000012,"Y":2920498.1899999995,"Depth_Class":"5 - 6 m","District":"Bader"}},{"type":"Feature","id":245,"geometry":{"type":"Point","coordinates":[402076.51699999999,2920423.0429999996]},"properties":{"OBJECTID":245,"Zone":"ZONE B","STRCTDPTH":5.6539999999999999,"ELEV_GND":7.2000000000000002,"ELEV_INV":1.546,"LABEL":"B-MH-26-14","Inastallation_Status":4,"X":402076.51699999999,"Y":2920423.0429999996,"Depth_Class":"5 - 6 m","District":"Bader"}},{"type":"Feature","id":246,"geometry":{"type":"Point","coordinates":[402092.30700000003,2920357.1999999993]},"properties":{"OBJECTID":246,"Zone":"ZONE B","STRCTDPTH":5.6189999999999998,"ELEV_GND":7.2999999999999998,"ELEV_INV":1.681,"LABEL":"B-MH-26-15","Inastallation_Status":4,"X":402092.30700000003,"Y":2920357.1999999993,"Depth_Class":"5 - 6 m","District":"Bader"}},{"type":"Feature","id":247,"geometry":{"type":"Point","coordinates":[402109.74700000044,2920292.3300000001]},"properties":{"OBJECTID":247,"Zone":"ZONE B","STRCTDPTH":5.5920000000000005,"ELEV_GND":7.4080000000000004,"ELEV_INV":1.8160000000000001,"LABEL":"B-MH-26-16","Inastallation_Status":4,"X":402109.74700000044,"Y":2920292.3300000001,"Depth_Class":"5 - 6 m","District":"Bader"}},{"type":"Feature","id":248,"geometry":{"type":"Point","coordinates":[402120.40799999982,2920252.7569999993]},"properties":{"OBJECTID":248,"Zone":"ZONE B","STRCTDPTH":5.5449999999999999,"ELEV_GND":7.4429999999999996,"ELEV_INV":1.8979999999999999,"LABEL":"B-MH-26-17","Inastallation_Status":4,"X":402120.40799999982,"Y":2920252.7569999993,"Depth_Class":"5 - 6 m","District":"Bader"}},{"type":"Feature","id":249,"geometry":{"type":"Point","coordinates":[402135.12040000036,2920198.0144999996]},"properties":{"OBJECTID":249,"Zone":"ZONE B","STRCTDPTH":5.4809999999999999,"ELEV_GND":7.492,"ELEV_INV":2.0110000000000001,"LABEL":"B-MH-26-18","Inastallation_Status":4,"X":402135.12040000036,"Y":2920198.0144999996,"Depth_Class":"5 - 6 m","District":"Bader"}},{"type":"Feature","id":250,"geometry":{"type":"Point","coordinates":[402141.91199999955,2920172.7440000009]},"properties":{"OBJECTID":250,"Zone":"ZONE B","STRCTDPTH":5.5389999999999997,"ELEV_GND":7.5960000000000001,"ELEV_INV":2.0569999999999999,"LABEL":"B-MH-26-19","Inastallation_Status":4,"X":402141.91199999955,"Y":2920172.7440000009,"Depth_Class":"5 - 6 m","District":"Bader"}},{"type":"Feature","id":251,"geometry":{"type":"Point","coordinates":[401863.12000000011,2921231.2019999996]},"properties":{"OBJECTID":251,"Zone":"ZONE B","STRCTDPTH":6.4539999999999997,"ELEV_GND":6.1120000000000001,"ELEV_INV":-0.34200000000000003,"LABEL":"B-MH-26-2","Inastallation_Status":4,"X":401863.12000000011,"Y":2921231.2019999996,"Depth_Class":"6 - 7 m","District":"Bader"}},{"type":"Feature","id":252,"geometry":{"type":"Point","coordinates":[402204.86099999957,2920195.4230000004]},"properties":{"OBJECTID":252,"Zone":"ZONE B","STRCTDPTH":5.1660000000000004,"ELEV_GND":7.3399999999999999,"ELEV_INV":2.1739999999999999,"LABEL":"B-MH-26-20","Inastallation_Status":4,"X":402204.86099999957,"Y":2920195.4230000004,"Depth_Class":"5 - 6 m","District":"Bader"}},{"type":"Feature","id":253,"geometry":{"type":"Point","coordinates":[402238.98400000017,2920141.2949999999]},"properties":{"OBJECTID":253,"Zone":"ZONE B","STRCTDPTH":5.1329999999999991,"ELEV_GND":7.3979999999999997,"ELEV_INV":2.2650000000000001,"LABEL":"B-MH-26-21","Inastallation_Status":4,"X":402238.98400000017,"Y":2920141.2949999999,"Depth_Class":"5 - 6 m","District":"Bader"}},{"type":"Feature","id":254,"geometry":{"type":"Point","coordinates":[402273.70500000007,2920086.5050000008]},"properties":{"OBJECTID":254,"Zone":"ZONE B","STRCTDPTH":5.2170000000000005,"ELEV_GND":7.5700000000000003,"ELEV_INV":2.3530000000000002,"LABEL":"B-MH-26-22","Inastallation_Status":4,"X":402273.70500000007,"Y":2920086.5050000008,"Depth_Class":"5 - 6 m","District":"Bader"}},{"type":"Feature","id":255,"geometry":{"type":"Point","coordinates":[402308.00399999972,2920031.1490000002]},"properties":{"OBJECTID":255,"Zone":"ZONE B","STRCTDPTH":5.5229999999999997,"ELEV_GND":7.9610000000000003,"ELEV_INV":2.4380000000000002,"LABEL":"B-MH-26-23","Inastallation_Status":4,"X":402308.00399999972,"Y":2920031.1490000002,"Depth_Class":"5 - 6 m","District":"Bader"}},{"type":"Feature","id":256,"geometry":{"type":"Point","coordinates":[402344.92700000014,2919965.1119999997]},"properties":{"OBJECTID":256,"Zone":"ZONE B","STRCTDPTH":5.6740000000000013,"ELEV_GND":8.2100000000000009,"ELEV_INV":2.536,"LABEL":"B-MH-26-24","Inastallation_Status":4,"X":402344.92700000014,"Y":2919965.1119999997,"Depth_Class":"5 - 6 m","District":"Bader"}},{"type":"Feature","id":257,"geometry":{"type":"Point","coordinates":[402291.88599999994,2919935.6980000008]},"properties":{"OBJECTID":257,"Zone":"ZONE B","STRCTDPTH":5.073999999999999,"ELEV_GND":8.3059999999999992,"ELEV_INV":3.2320000000000002,"LABEL":"B-MH-26-24-1","Inastallation_Status":4,"X":402291.88599999994,"Y":2919935.6980000008,"Depth_Class":"5 - 6 m","District":"Bader"}},{"type":"Feature","id":258,"geometry":{"type":"Point","coordinates":[402298.74909999967,2919923.4420999996]},"properties":{"OBJECTID":258,"Zone":"ZONE B","STRCTDPTH":5.0350000000000001,"ELEV_GND":8.3300000000000001,"ELEV_INV":3.2949999999999999,"LABEL":"B-MH-26-24-2","Inastallation_Status":2,"X":402298.74909999967,"Y":2919923.4420999996,"Depth_Class":"5 - 6 m","District":"Bader"}},{"type":"Feature","id":259,"geometry":{"type":"Point","coordinates":[402335.4841,2919857.7260999996]},"properties":{"OBJECTID":259,"Zone":"ZONE B","STRCTDPTH":4.5199999999999996,"ELEV_GND":8.25,"ELEV_INV":3.73,"LABEL":"B-MH-26-24-3","Inastallation_Status":2,"X":402335.4841,"Y":2919857.7260999996,"Depth_Class":"4 - 5 m","District":"Bader"}},{"type":"Feature","id":260,"geometry":{"type":"Point","coordinates":[402366.81510000024,2919800.2730999999]},"properties":{"OBJECTID":260,"Zone":"ZONE B","STRCTDPTH":4.4030000000000005,"ELEV_GND":8.4280000000000008,"ELEV_INV":4.0250000000000004,"LABEL":"B-MH-26-24-4","Inastallation_Status":2,"X":402366.81510000024,"Y":2919800.2730999999,"Depth_Class":"4 - 5 m","District":"Bader"}},{"type":"Feature","id":261,"geometry":{"type":"Point","coordinates":[402383.45710000023,2919769.6261]},"properties":{"OBJECTID":261,"Zone":"ZONE B","STRCTDPTH":4.1910000000000007,"ELEV_GND":8.3740000000000006,"ELEV_INV":4.1829999999999998,"LABEL":"B-MH-26-24-5","Inastallation_Status":2,"X":402383.45710000023,"Y":2919769.6261,"Depth_Class":"4 - 5 m","District":"Bader"}},{"type":"Feature","id":262,"geometry":{"type":"Point","coordinates":[402405.43709999975,2919730.7600999996]},"properties":{"OBJECTID":262,"Zone":"ZONE B","STRCTDPTH":3.9160000000000004,"ELEV_GND":8.3000000000000007,"ELEV_INV":4.3840000000000003,"LABEL":"B-MH-26-24-6","Inastallation_Status":2,"X":402405.43709999975,"Y":2919730.7600999996,"Depth_Class":"3 - 4 m","District":"Bader"}},{"type":"Feature","id":263,"geometry":{"type":"Point","coordinates":[402393.47400000039,2919723.2310000006]},"properties":{"OBJECTID":263,"Zone":"ZONE B","STRCTDPTH":3.5290000000000008,"ELEV_GND":8.0850000000000009,"ELEV_INV":4.556,"LABEL":"B-MH-26-24-6-1","Inastallation_Status":4,"X":402393.47400000039,"Y":2919723.2310000006,"Depth_Class":"3 - 4 m","District":"Bader"}},{"type":"Feature","id":264,"geometry":{"type":"Point","coordinates":[402424.90000000037,2919666.1569999997]},"properties":{"OBJECTID":264,"Zone":"ZONE B","STRCTDPTH":3.2800000000000002,"ELEV_GND":8.0600000000000005,"ELEV_INV":4.7800000000000002,"LABEL":"B-MH-26-24-6-2","Inastallation_Status":4,"X":402424.90000000037,"Y":2919666.1569999997,"Depth_Class":"3 - 4 m","District":"Bader"}},{"type":"Feature","id":265,"geometry":{"type":"Point","coordinates":[402448.69809999969,2919652.3311000001]},"properties":{"OBJECTID":265,"Zone":"ZONE B","STRCTDPTH":3.3199999999999994,"ELEV_GND":8.1099999999999994,"ELEV_INV":4.79,"LABEL":"B-MH-26-24-7","Inastallation_Status":2,"X":402448.69809999969,"Y":2919652.3311000001,"Depth_Class":"3 - 4 m","District":"Bader"}},{"type":"Feature","id":266,"geometry":{"type":"Point","coordinates":[402395.80999999959,2919992.5559999999]},"properties":{"OBJECTID":266,"Zone":"ZONE B","STRCTDPTH":5.3019999999999996,"ELEV_GND":8.0999999999999996,"ELEV_INV":2.798,"LABEL":"B-MH-26-25","Inastallation_Status":4,"X":402395.80999999959,"Y":2919992.5559999999,"Depth_Class":"5 - 6 m","District":"Bader"}},{"type":"Feature","id":267,"geometry":{"type":"Point","coordinates":[402451.07299999986,2920023.2090000007]},"properties":{"OBJECTID":267,"Zone":"ZONE B","STRCTDPTH":5.0910000000000002,"ELEV_GND":8,"ELEV_INV":2.9089999999999998,"LABEL":"B-MH-26-26","Inastallation_Status":4,"X":402451.07299999986,"Y":2920023.2090000007,"Depth_Class":"5 - 6 m","District":"Bader"}},{"type":"Feature","id":268,"geometry":{"type":"Point","coordinates":[402523.13300000038,2920063.091]},"properties":{"OBJECTID":268,"Zone":"ZONE B","STRCTDPTH":4.8070000000000004,"ELEV_GND":7.8600000000000003,"ELEV_INV":3.0529999999999999,"LABEL":"B-MH-26-27","Inastallation_Status":4,"X":402523.13300000038,"Y":2920063.091,"Depth_Class":"4 - 5 m","District":"Bader"}},{"type":"Feature","id":269,"geometry":{"type":"Point","coordinates":[402575.08299999963,2920091.8159999996]},"properties":{"OBJECTID":269,"Zone":"ZONE B","STRCTDPTH":4.6100000000000003,"ELEV_GND":7.7670000000000003,"ELEV_INV":3.157,"LABEL":"B-MH-26-28","Inastallation_Status":4,"X":402575.08299999963,"Y":2920091.8159999996,"Depth_Class":"4 - 5 m","District":"Bader"}},{"type":"Feature","id":270,"geometry":{"type":"Point","coordinates":[402645.98099999968,2920130.9940000009]},"properties":{"OBJECTID":270,"Zone":"ZONE B","STRCTDPTH":4.3140000000000001,"ELEV_GND":7.6130000000000004,"ELEV_INV":3.2989999999999999,"LABEL":"B-MH-26-29","Inastallation_Status":4,"X":402645.98099999968,"Y":2920130.9940000009,"Depth_Class":"4 - 5 m","District":"Bader"}},{"type":"Feature","id":271,"geometry":{"type":"Point","coordinates":[401877.35199999996,2921175.9719999991]},"properties":{"OBJECTID":271,"Zone":"ZONE B","STRCTDPTH":6.3780000000000001,"ELEV_GND":6.1500000000000004,"ELEV_INV":-0.22800000000000001,"LABEL":"B-MH-26-3","Inastallation_Status":4,"X":401877.35199999996,"Y":2921175.9719999991,"Depth_Class":"6 - 7 m","District":"Bader"}},{"type":"Feature","id":272,"geometry":{"type":"Point","coordinates":[402656.67100000009,2920121.7310000006]},"properties":{"OBJECTID":272,"Zone":"ZONE B","STRCTDPTH":4.2729999999999997,"ELEV_GND":7.5999999999999996,"ELEV_INV":3.327,"LABEL":"B-MH-26-30","Inastallation_Status":4,"X":402656.67100000009,"Y":2920121.7310000006,"Depth_Class":"4 - 5 m","District":"Bader"}},{"type":"Feature","id":273,"geometry":{"type":"Point","coordinates":[402688.64599999972,2920064.0350000001]},"properties":{"OBJECTID":273,"Zone":"ZONE B","STRCTDPTH":4.1169999999999991,"ELEV_GND":7.5759999999999996,"ELEV_INV":3.4590000000000001,"LABEL":"B-MH-26-31","Inastallation_Status":4,"X":402688.64599999972,"Y":2920064.0350000001,"Depth_Class":"4 - 5 m","District":"Bader"}},{"type":"Feature","id":274,"geometry":{"type":"Point","coordinates":[402715.23749999981,2920015.7357999999]},"properties":{"OBJECTID":274,"Zone":"ZONE B","STRCTDPTH":4.0359999999999996,"ELEV_GND":7.6550000000000002,"ELEV_INV":3.6190000000000002,"LABEL":"B-MH-26-32","Inastallation_Status":4,"X":402715.23749999981,"Y":2920015.7357999999,"Depth_Class":"4 - 5 m","District":"Bader"}},{"type":"Feature","id":275,"geometry":{"type":"Point","coordinates":[402750.13100000005,2919952.2210000008]},"properties":{"OBJECTID":275,"Zone":"ZONE B","STRCTDPTH":3.9620000000000002,"ELEV_GND":7.726,"ELEV_INV":3.7639999999999998,"LABEL":"B-MH-26-33","Inastallation_Status":4,"X":402750.13100000005,"Y":2919952.2210000008,"Depth_Class":"3 - 4 m","District":"Bader"}},{"type":"Feature","id":276,"geometry":{"type":"Point","coordinates":[402782.82299999986,2919893.7809999995]},"properties":{"OBJECTID":276,"Zone":"ZONE B","STRCTDPTH":3.8820000000000001,"ELEV_GND":7.7789999999999999,"ELEV_INV":3.8969999999999998,"LABEL":"B-MH-26-34","Inastallation_Status":4,"X":402782.82299999986,"Y":2919893.7809999995,"Depth_Class":"3 - 4 m","District":"Bader"}},{"type":"Feature","id":277,"geometry":{"type":"Point","coordinates":[402820.24110000022,2919825.3351000007]},"properties":{"OBJECTID":277,"Zone":"ZONE B","STRCTDPTH":3.7629999999999999,"ELEV_GND":7.8499999999999996,"ELEV_INV":4.0869999999999997,"LABEL":"B-MH-26-35","Inastallation_Status":2,"X":402820.24110000022,"Y":2919825.3351000007,"Depth_Class":"3 - 4 m","District":"Bader"}},{"type":"Feature","id":278,"geometry":{"type":"Point","coordinates":[402839.8004999999,2919789.8654999994]},"properties":{"OBJECTID":278,"Zone":"ZONE B","STRCTDPTH":3.7330000000000005,"ELEV_GND":7.9000000000000004,"ELEV_INV":4.1669999999999998,"LABEL":"B-MH-26-36","Inastallation_Status":2,"X":402839.8004999999,"Y":2919789.8654999994,"Depth_Class":"3 - 4 m","District":"Bader"}},{"type":"Feature","id":279,"geometry":{"type":"Point","coordinates":[402866.92210000008,2919740.9200999998]},"properties":{"OBJECTID":279,"Zone":"ZONE B","STRCTDPTH":3.7020000000000008,"ELEV_GND":7.9800000000000004,"ELEV_INV":4.2779999999999996,"LABEL":"B-MH-26-37","Inastallation_Status":2,"X":402866.92210000008,"Y":2919740.9200999998,"Depth_Class":"3 - 4 m","District":"Bader"}},{"type":"Feature","id":280,"geometry":{"type":"Point","coordinates":[402897.02909999993,2919686.8530999999]},"properties":{"OBJECTID":280,"Zone":"ZONE B","STRCTDPTH":3.6460000000000008,"ELEV_GND":8.0500000000000007,"ELEV_INV":4.4039999999999999,"LABEL":"B-MH-26-38","Inastallation_Status":2,"X":402897.02909999993,"Y":2919686.8530999999,"Depth_Class":"3 - 4 m","District":"Bader"}},{"type":"Feature","id":281,"geometry":{"type":"Point","coordinates":[402929.62999999989,2919628.9159999993]},"properties":{"OBJECTID":281,"Zone":"ZONE B","STRCTDPTH":3.5980000000000008,"ELEV_GND":8.1340000000000003,"ELEV_INV":4.5359999999999996,"LABEL":"B-MH-26-39","Inastallation_Status":3,"X":402929.62999999989,"Y":2919628.9159999993,"Depth_Class":"3 - 4 m","District":"Bader"}},{"type":"Feature","id":282,"geometry":{"type":"Point","coordinates":[401892.53699999955,2921118.8430000003]},"properties":{"OBJECTID":282,"Zone":"ZONE B","STRCTDPTH":6.327,"ELEV_GND":6.218,"ELEV_INV":-0.109,"LABEL":"B-MH-26-4","Inastallation_Status":4,"X":401892.53699999955,"Y":2921118.8430000003,"Depth_Class":"6 - 7 m","District":"Bader"}},{"type":"Feature","id":283,"geometry":{"type":"Point","coordinates":[401907.92899999954,2921060.0840000007]},"properties":{"OBJECTID":283,"Zone":"ZONE B","STRCTDPTH":6.2540000000000004,"ELEV_GND":6.266,"ELEV_INV":0.012,"LABEL":"B-MH-26-5","Inastallation_Status":4,"X":401907.92899999954,"Y":2921060.0840000007,"Depth_Class":"6 - 7 m","District":"Bader"}},{"type":"Feature","id":284,"geometry":{"type":"Point","coordinates":[401922.60699999984,2921004.1079999991]},"properties":{"OBJECTID":284,"Zone":"ZONE B","STRCTDPTH":6.218,"ELEV_GND":6.3460000000000001,"ELEV_INV":0.128,"LABEL":"B-MH-26-6","Inastallation_Status":4,"X":401922.60699999984,"Y":2921004.1079999991,"Depth_Class":"6 - 7 m","District":"Bader"}},{"type":"Feature","id":285,"geometry":{"type":"Point","coordinates":[401936.28699999955,2920951.6710000001]},"properties":{"OBJECTID":285,"Zone":"ZONE B","STRCTDPTH":6.1240000000000006,"ELEV_GND":6.3600000000000003,"ELEV_INV":0.23599999999999999,"LABEL":"B-MH-26-7","Inastallation_Status":4,"X":401936.28699999955,"Y":2920951.6710000001,"Depth_Class":"6 - 7 m","District":"Bader"}},{"type":"Feature","id":286,"geometry":{"type":"Point","coordinates":[401956.96700000018,2920873.5810000002]},"properties":{"OBJECTID":286,"Zone":"ZONE B","STRCTDPTH":5.9529999999999994,"ELEV_GND":6.4699999999999998,"ELEV_INV":0.51700000000000002,"LABEL":"B-MH-26-8","Inastallation_Status":4,"X":401956.96700000018,"Y":2920873.5810000002,"Depth_Class":"5 - 6 m","District":"Bader"}},{"type":"Feature","id":287,"geometry":{"type":"Point","coordinates":[401975.96899999958,2920800.1960000005]},"properties":{"OBJECTID":287,"Zone":"ZONE B","STRCTDPTH":5.9379999999999997,"ELEV_GND":6.625,"ELEV_INV":0.68700000000000006,"LABEL":"B-MH-26-9","Inastallation_Status":4,"X":401975.96899999958,"Y":2920800.1960000005,"Depth_Class":"5 - 6 m","District":"Bader"}},{"type":"Feature","id":288,"geometry":{"type":"Point","coordinates":[403918.15000000037,2923861.6040000003]},"properties":{"OBJECTID":288,"Zone":"ZONE C","STRCTDPTH":8.1389999999999993,"ELEV_GND":5.843,"ELEV_INV":-2.2959999999999998,"LABEL":"C-MH-27","Inastallation_Status":4,"X":403918.15000000037,"Y":2923861.6040000003,"Depth_Class":"8 - 9 m","District":"Al Nour"}},{"type":"Feature","id":289,"geometry":{"type":"Point","coordinates":[403981.54000000004,2923920.3760000002]},"properties":{"OBJECTID":289,"Zone":"ZONE C","STRCTDPTH":8.5970000000000013,"ELEV_GND":6.3310000000000004,"ELEV_INV":-2.266,"LABEL":"C-MH-28","Inastallation_Status":4,"X":403981.54000000004,"Y":2923920.3760000002,"Depth_Class":"8 - 9 m","District":"Al Nour"}},{"type":"Feature","id":290,"geometry":{"type":"Point","coordinates":[404020.50800000038,2923941.5549999997]},"properties":{"OBJECTID":290,"Zone":"ZONE C","STRCTDPTH":6.7779999999999996,"ELEV_GND":6.7409999999999997,"ELEV_INV":-0.036999999999999998,"LABEL":"C-MH-28-1","Inastallation_Status":4,"X":404020.50800000038,"Y":2923941.5549999997,"Depth_Class":"6 - 7 m","District":"Al Nour"}},{"type":"Feature","id":291,"geometry":{"type":"Point","coordinates":[404591.24700000044,2924334.9220000003]},"properties":{"OBJECTID":291,"Zone":"ZONE C","STRCTDPTH":7.4830000000000005,"ELEV_GND":7.9900000000000002,"ELEV_INV":0.50700000000000001,"LABEL":"C-MH-28-10","Inastallation_Status":4,"X":404591.24700000044,"Y":2924334.9220000003,"Depth_Class":"7 - 8 m","District":"Al Fayhaa"}},{"type":"Feature","id":292,"geometry":{"type":"Point","coordinates":[404639.68699999992,2924378.2970000003]},"properties":{"OBJECTID":292,"Zone":"ZONE C","STRCTDPTH":7.3499999999999996,"ELEV_GND":7.899,"ELEV_INV":0.54900000000000004,"LABEL":"C-MH-28-11","Inastallation_Status":4,"X":404639.68699999992,"Y":2924378.2970000003,"Depth_Class":"7 - 8 m","District":"Al Fayhaa"}},{"type":"Feature","id":293,"geometry":{"type":"Point","coordinates":[404696.61199999973,2924430.5510000009]},"properties":{"OBJECTID":293,"Zone":"ZONE C","STRCTDPTH":7.1699999999999999,"ELEV_GND":7.7690000000000001,"ELEV_INV":0.59899999999999998,"LABEL":"C-MH-28-12","Inastallation_Status":4,"X":404696.61199999973,"Y":2924430.5510000009,"Depth_Class":"7 - 8 m","District":"Al Fayhaa"}},{"type":"Feature","id":294,"geometry":{"type":"Point","coordinates":[404648.81689999998,2924487.5357000008]},"properties":{"OBJECTID":294,"Zone":"ZONE C","STRCTDPTH":7.2249999999999996,"ELEV_GND":7.976,"ELEV_INV":0.751,"LABEL":"C-MH-28-13","Inastallation_Status":4,"X":404648.81689999998,"Y":2924487.5357000008,"Depth_Class":"7 - 8 m","District":"Al Fayhaa"}},{"type":"Feature","id":295,"geometry":{"type":"Point","coordinates":[404589.08299999963,2924540.807]},"properties":{"OBJECTID":295,"Zone":"ZONE C","STRCTDPTH":7.0170000000000003,"ELEV_GND":7.8200000000000003,"ELEV_INV":0.80300000000000005,"LABEL":"C-MH-28-14","Inastallation_Status":4,"X":404589.08299999963,"Y":2924540.807,"Depth_Class":"7 - 8 m","District":"Al Fayhaa"}},{"type":"Feature","id":296,"geometry":{"type":"Point","coordinates":[404529.80700000003,2924596.4120000005]},"properties":{"OBJECTID":296,"Zone":"ZONE C","STRCTDPTH":6.7050000000000001,"ELEV_GND":7.6719999999999997,"ELEV_INV":0.96699999999999997,"LABEL":"C-MH-28-15","Inastallation_Status":4,"X":404529.80700000003,"Y":2924596.4120000005,"Depth_Class":"6 - 7 m","District":"Al Fayhaa"}},{"type":"Feature","id":297,"geometry":{"type":"Point","coordinates":[404471.27400000021,2924652.7080000006]},"properties":{"OBJECTID":297,"Zone":"ZONE C","STRCTDPTH":6.4640000000000004,"ELEV_GND":7.4960000000000004,"ELEV_INV":1.032,"LABEL":"C-MH-28-16","Inastallation_Status":4,"X":404471.27400000021,"Y":2924652.7080000006,"Depth_Class":"6 - 7 m","District":"Al Fayhaa"}},{"type":"Feature","id":298,"geometry":{"type":"Point","coordinates":[404447.81300000008,2924690.7320000008]},"properties":{"OBJECTID":298,"Zone":"ZONE C","STRCTDPTH":6.3089999999999993,"ELEV_GND":7.3769999999999998,"ELEV_INV":1.0680000000000001,"LABEL":"C-MH-28-17","Inastallation_Status":4,"X":404447.81300000008,"Y":2924690.7320000008,"Depth_Class":"6 - 7 m","District":"Al Fayhaa"}},{"type":"Feature","id":299,"geometry":{"type":"Point","coordinates":[404443.47499999963,2924733.852]},"properties":{"OBJECTID":299,"Zone":"ZONE C","STRCTDPTH":6.1339999999999995,"ELEV_GND":7.2359999999999998,"ELEV_INV":1.1020000000000001,"LABEL":"C-MH-28-18","Inastallation_Status":4,"X":404443.47499999963,"Y":2924733.852,"Depth_Class":"6 - 7 m","District":"Al Fayhaa"}},{"type":"Feature","id":300,"geometry":{"type":"Point","coordinates":[404499.55700000003,2924806.4470000006]},"properties":{"OBJECTID":300,"Zone":"ZONE C","STRCTDPTH":5.4790000000000001,"ELEV_GND":6.6550000000000002,"ELEV_INV":1.1759999999999999,"LABEL":"C-MH-28-19","Inastallation_Status":4,"X":404499.55700000003,"Y":2924806.4470000006,"Depth_Class":"5 - 6 m","District":"Al Fayhaa"}},{"type":"Feature","id":301,"geometry":{"type":"Point","coordinates":[404126.65699999966,2923976.0639999993]},"properties":{"OBJECTID":301,"Zone":"ZONE C","STRCTDPTH":7.2389999999999999,"ELEV_GND":7.2629999999999999,"ELEV_INV":0.024,"LABEL":"C-MH-28-2","Inastallation_Status":4,"X":404126.65699999966,"Y":2923976.0639999993,"Depth_Class":"7 - 8 m","District":"Al Fayhaa"}},{"type":"Feature","id":302,"geometry":{"type":"Point","coordinates":[404458.31699999981,2924872.5940000005]},"properties":{"OBJECTID":302,"Zone":"ZONE C","STRCTDPTH":5.3160000000000007,"ELEV_GND":6.5540000000000003,"ELEV_INV":1.238,"LABEL":"C-MH-28-20","Inastallation_Status":4,"X":404458.31699999981,"Y":2924872.5940000005,"Depth_Class":"5 - 6 m","District":"Al Fayhaa"}},{"type":"Feature","id":303,"geometry":{"type":"Point","coordinates":[404416.71800000034,2924941.2229999993]},"properties":{"OBJECTID":303,"Zone":"ZONE C","STRCTDPTH":5.2609999999999992,"ELEV_GND":6.5629999999999997,"ELEV_INV":1.302,"LABEL":"C-MH-28-21","Inastallation_Status":4,"X":404416.71800000034,"Y":2924941.2229999993,"Depth_Class":"5 - 6 m","District":"Al Fayhaa"}},{"type":"Feature","id":304,"geometry":{"type":"Point","coordinates":[404377.35400000028,2925007.0789999999]},"properties":{"OBJECTID":304,"Zone":"ZONE C","STRCTDPTH":5.1040000000000001,"ELEV_GND":6.468,"ELEV_INV":1.3640000000000001,"LABEL":"C-MH-28-22","Inastallation_Status":4,"X":404377.35400000028,"Y":2925007.0789999999,"Depth_Class":"5 - 6 m","District":"Al Fayhaa"}},{"type":"Feature","id":305,"geometry":{"type":"Point","coordinates":[404339.49399999995,2925073.9350000005]},"properties":{"OBJECTID":305,"Zone":"ZONE C","STRCTDPTH":4.859,"ELEV_GND":6.2839999999999998,"ELEV_INV":1.425,"LABEL":"C-MH-28-23","Inastallation_Status":4,"X":404339.49399999995,"Y":2925073.9350000005,"Depth_Class":"4 - 5 m","District":"Al Fayhaa"}},{"type":"Feature","id":306,"geometry":{"type":"Point","coordinates":[404338.68800000008,2925117.3310000002]},"properties":{"OBJECTID":306,"Zone":"ZONE C","STRCTDPTH":4.9489999999999998,"ELEV_GND":6.4089999999999998,"ELEV_INV":1.46,"LABEL":"C-MH-28-24","Inastallation_Status":4,"X":404338.68800000008,"Y":2925117.3310000002,"Depth_Class":"4 - 5 m","District":"Al Fayhaa"}},{"type":"Feature","id":307,"geometry":{"type":"Point","coordinates":[404189.7929999996,2924014.6840000004]},"properties":{"OBJECTID":307,"Zone":"ZONE C","STRCTDPTH":7.1549999999999994,"ELEV_GND":7.3259999999999996,"ELEV_INV":0.17100000000000001,"LABEL":"C-MH-28-3","Inastallation_Status":4,"X":404189.7929999996,"Y":2924014.6840000004,"Depth_Class":"7 - 8 m","District":"Al Fayhaa"}},{"type":"Feature","id":308,"geometry":{"type":"Point","coordinates":[404259.00499999989,2924055.8359999992]},"properties":{"OBJECTID":308,"Zone":"ZONE C","STRCTDPTH":7.327,"ELEV_GND":7.5510000000000002,"ELEV_INV":0.224,"LABEL":"C-MH-28-4","Inastallation_Status":4,"X":404259.00499999989,"Y":2924055.8359999992,"Depth_Class":"7 - 8 m","District":"Al Fayhaa"}},{"type":"Feature","id":309,"geometry":{"type":"Point","coordinates":[404324.42499999981,2924093.6309999991]},"properties":{"OBJECTID":309,"Zone":"ZONE C","STRCTDPTH":7.5270000000000001,"ELEV_GND":7.7999999999999998,"ELEV_INV":0.27300000000000002,"LABEL":"C-MH-28-5","Inastallation_Status":4,"X":404324.42499999981,"Y":2924093.6309999991,"Depth_Class":"7 - 8 m","District":"Al Fayhaa"}},{"type":"Feature","id":310,"geometry":{"type":"Point","coordinates":[404380.03129999992,2924143.2888999991]},"properties":{"OBJECTID":310,"Zone":"ZONE C","STRCTDPTH":7.6070000000000002,"ELEV_GND":7.9279999999999999,"ELEV_INV":0.32100000000000001,"LABEL":"C-MH-28-6","Inastallation_Status":4,"X":404380.03129999992,"Y":2924143.2888999991,"Depth_Class":"7 - 8 m","District":"Al Fayhaa"}},{"type":"Feature","id":311,"geometry":{"type":"Point","coordinates":[404429.99199999962,2924187.9049999993]},"properties":{"OBJECTID":311,"Zone":"ZONE C","STRCTDPTH":7.677999999999999,"ELEV_GND":8.0429999999999993,"ELEV_INV":0.36499999999999999,"LABEL":"C-MH-28-7","Inastallation_Status":4,"X":404429.99199999962,"Y":2924187.9049999993,"Depth_Class":"7 - 8 m","District":"Al Fayhaa"}},{"type":"Feature","id":312,"geometry":{"type":"Point","coordinates":[404486.60259999987,2924239.3245999999]},"properties":{"OBJECTID":312,"Zone":"ZONE C","STRCTDPTH":7.7439999999999998,"ELEV_GND":8.1579999999999995,"ELEV_INV":0.41399999999999998,"LABEL":"C-MH-28-8","Inastallation_Status":4,"X":404486.60259999987,"Y":2924239.3245999999,"Depth_Class":"7 - 8 m","District":"Al Fayhaa"}},{"type":"Feature","id":313,"geometry":{"type":"Point","coordinates":[404534.47800000012,2924282.8100000005]},"properties":{"OBJECTID":313,"Zone":"ZONE C","STRCTDPTH":7.6799999999999988,"ELEV_GND":8.1359999999999992,"ELEV_INV":0.45600000000000002,"LABEL":"C-MH-28-9","Inastallation_Status":4,"X":404534.47800000012,"Y":2924282.8100000005,"Depth_Class":"7 - 8 m","District":"Al Fayhaa"}},{"type":"Feature","id":314,"geometry":{"type":"Point","coordinates":[403922.30999999959,2923988.6199999992]},"properties":{"OBJECTID":314,"Zone":"ZONE C","STRCTDPTH":8.4499999999999993,"ELEV_GND":6.4180000000000001,"ELEV_INV":-2.032,"LABEL":"C-MH-29","Inastallation_Status":4,"X":403922.30999999959,"Y":2923988.6199999992,"Depth_Class":"8 - 9 m","District":"Al Nour"}},{"type":"Feature","id":315,"geometry":{"type":"Point","coordinates":[403862.43800000008,2924059.2050000001]},"properties":{"OBJECTID":315,"Zone":"ZONE C","STRCTDPTH":8.2970000000000006,"ELEV_GND":6.3019999999999996,"ELEV_INV":-1.9950000000000001,"LABEL":"C-MH-30","Inastallation_Status":4,"X":403862.43800000008,"Y":2924059.2050000001,"Depth_Class":"8 - 9 m","District":"Al Nour"}},{"type":"Feature","id":316,"geometry":{"type":"Point","coordinates":[403786.87000000011,2924135.1720000003]},"properties":{"OBJECTID":316,"Zone":"ZONE C","STRCTDPTH":7.9740000000000002,"ELEV_GND":6.0220000000000002,"ELEV_INV":-1.952,"LABEL":"C-MH-31","Inastallation_Status":4,"X":403786.87000000011,"Y":2924135.1720000003,"Depth_Class":"7 - 8 m","District":"Al Nour"}},{"type":"Feature","id":317,"geometry":{"type":"Point","coordinates":[403722.0820000004,2924222.2310000006]},"properties":{"OBJECTID":317,"Zone":"ZONE C","STRCTDPTH":7.593,"ELEV_GND":5.6840000000000002,"ELEV_INV":-1.909,"LABEL":"C-MH-32","Inastallation_Status":4,"X":403722.0820000004,"Y":2924222.2310000006,"Depth_Class":"7 - 8 m","District":"Al Nour"}},{"type":"Feature","id":318,"geometry":{"type":"Point","coordinates":[403678.99349999987,2924273.2134000007]},"properties":{"OBJECTID":318,"Zone":"ZONE C","STRCTDPTH":7.3769999999999998,"ELEV_GND":5.4950000000000001,"ELEV_INV":-1.8819999999999999,"LABEL":"C-MH-33","Inastallation_Status":4,"X":403678.99349999987,"Y":2924273.2134000007,"Depth_Class":"7 - 8 m","District":"Al Nour"}},{"type":"Feature","id":319,"geometry":{"type":"Point","coordinates":[403625.93410000019,2924335.9934999999]},"properties":{"OBJECTID":319,"Zone":"ZONE C","STRCTDPTH":7.0810000000000004,"ELEV_GND":5.2320000000000002,"ELEV_INV":-1.849,"LABEL":"C-MH-34","Inastallation_Status":4,"X":403625.93410000019,"Y":2924335.9934999999,"Depth_Class":"7 - 8 m","District":"Al Nour"}},{"type":"Feature","id":320,"geometry":{"type":"Point","coordinates":[403606.57500000019,2924317.1789999995]},"properties":{"OBJECTID":320,"Zone":"ZONE C","STRCTDPTH":7.0709999999999997,"ELEV_GND":5.2329999999999997,"ELEV_INV":-1.8380000000000001,"LABEL":"C-MH-35","Inastallation_Status":4,"X":403606.57500000019,"Y":2924317.1789999995,"Depth_Class":"7 - 8 m","District":"Al Nour"}},{"type":"Feature","id":321,"geometry":{"type":"Point","coordinates":[403571.89690000005,2924372.9471000005]},"properties":{"OBJECTID":321,"Zone":"ZONE C","STRCTDPTH":6.9660000000000002,"ELEV_GND":5.1539999999999999,"ELEV_INV":-1.8120000000000001,"LABEL":"C-MH-36","Inastallation_Status":4,"X":403571.89690000005,"Y":2924372.9471000005,"Depth_Class":"6 - 7 m","District":"Al Nour"}},{"type":"Feature","id":322,"geometry":{"type":"Point","coordinates":[403528.90699999966,2924442.0820000004]},"properties":{"OBJECTID":322,"Zone":"ZONE C","STRCTDPTH":6.8360000000000003,"ELEV_GND":5.0570000000000004,"ELEV_INV":-1.7789999999999999,"LABEL":"C-MH-37","Inastallation_Status":4,"X":403528.90699999966,"Y":2924442.0820000004,"Depth_Class":"6 - 7 m","District":"Al Nour"}},{"type":"Feature","id":323,"geometry":{"type":"Point","coordinates":[403490.69199999981,2924504.7290000003]},"properties":{"OBJECTID":323,"Zone":"ZONE C","STRCTDPTH":7.0430000000000001,"ELEV_GND":5.2930000000000001,"ELEV_INV":-1.75,"LABEL":"C-MH-38","Inastallation_Status":4,"X":403490.69199999981,"Y":2924504.7290000003,"Depth_Class":"7 - 8 m","District":"Al Nour"}},{"type":"Feature","id":324,"geometry":{"type":"Point","coordinates":[403449.65699999966,2924571.2459999993]},"properties":{"OBJECTID":324,"Zone":"ZONE C","STRCTDPTH":7.2480000000000002,"ELEV_GND":5.5289999999999999,"ELEV_INV":-1.7190000000000001,"LABEL":"C-MH-39","Inastallation_Status":4,"X":403449.65699999966,"Y":2924571.2459999993,"Depth_Class":"7 - 8 m","District":"Al Nour"}},{"type":"Feature","id":325,"geometry":{"type":"Point","coordinates":[403419.41000000015,2924619.7510000002]},"properties":{"OBJECTID":325,"Zone":"ZONE C","STRCTDPTH":7.282,"ELEV_GND":5.5860000000000003,"ELEV_INV":-1.696,"LABEL":"C-MH-40","Inastallation_Status":4,"X":403419.41000000015,"Y":2924619.7510000002,"Depth_Class":"7 - 8 m","District":"Al Nour"}},{"type":"Feature","id":326,"geometry":{"type":"Point","coordinates":[403381.46200000029,2924677.4690000005]},"properties":{"OBJECTID":326,"Zone":"ZONE C","STRCTDPTH":7.2030000000000003,"ELEV_GND":5.5350000000000001,"ELEV_INV":-1.6679999999999999,"LABEL":"C-MH-41","Inastallation_Status":4,"X":403381.46200000029,"Y":2924677.4690000005,"Depth_Class":"7 - 8 m","District":"Al Nour"}},{"type":"Feature","id":327,"geometry":{"type":"Point","coordinates":[403323.81199999992,2924622.2390000001]},"properties":{"OBJECTID":327,"Zone":"ZONE C","STRCTDPTH":7.1370000000000005,"ELEV_GND":5.5010000000000003,"ELEV_INV":-1.6359999999999999,"LABEL":"C-MH-42","Inastallation_Status":4,"X":403323.81199999992,"Y":2924622.2390000001,"Depth_Class":"7 - 8 m","District":"Al Nour"}},{"type":"Feature","id":328,"geometry":{"type":"Point","coordinates":[403268.60199999996,2924568.7980000004]},"properties":{"OBJECTID":328,"Zone":"ZONE C","STRCTDPTH":6.9159999999999995,"ELEV_GND":5.3099999999999996,"ELEV_INV":-1.6060000000000001,"LABEL":"C-MH-43","Inastallation_Status":4,"X":403268.60199999996,"Y":2924568.7980000004,"Depth_Class":"6 - 7 m","District":"Al Nour"}},{"type":"Feature","id":329,"geometry":{"type":"Point","coordinates":[403221.19799999986,2924524.1099999994]},"properties":{"OBJECTID":329,"Zone":"ZONE C","STRCTDPTH":6.6129999999999995,"ELEV_GND":5.1349999999999998,"ELEV_INV":-1.478,"LABEL":"C-MH-44","Inastallation_Status":4,"X":403221.19799999986,"Y":2924524.1099999994,"Depth_Class":"6 - 7 m","District":"Al Nour"}},{"type":"Feature","id":330,"geometry":{"type":"Point","coordinates":[403165.25,2924471.8159999996]},"properties":{"OBJECTID":330,"Zone":"ZONE C","STRCTDPTH":6.4209999999999994,"ELEV_GND":4.9779999999999998,"ELEV_INV":-1.4430000000000001,"LABEL":"C-MH-45","Inastallation_Status":4,"X":403165.25,"Y":2924471.8159999996,"Depth_Class":"6 - 7 m","District":"Al Nour"}},{"type":"Feature","id":331,"geometry":{"type":"Point","coordinates":[403117.65000000037,2924426.4710000008]},"properties":{"OBJECTID":331,"Zone":"ZONE C","STRCTDPTH":6.2589999999999995,"ELEV_GND":4.8449999999999998,"ELEV_INV":-1.4139999999999999,"LABEL":"C-MH-46","Inastallation_Status":4,"X":403117.65000000037,"Y":2924426.4710000008,"Depth_Class":"6 - 7 m","District":"Al Nour"}},{"type":"Feature","id":332,"geometry":{"type":"Point","coordinates":[403079.2081000004,2924390.6291000005]},"properties":{"OBJECTID":332,"Zone":"ZONE C","STRCTDPTH":6.1219999999999999,"ELEV_GND":4.7320000000000002,"ELEV_INV":-1.3899999999999999,"LABEL":"C-MH-47","Inastallation_Status":4,"X":403079.2081000004,"Y":2924390.6291000005,"Depth_Class":"6 - 7 m","District":"Al Nour"}},{"type":"Feature","id":333,"geometry":{"type":"Point","coordinates":[403026.45299999975,2924341.4419999998]},"properties":{"OBJECTID":333,"Zone":"ZONE C","STRCTDPTH":5.9350000000000005,"ELEV_GND":4.5780000000000003,"ELEV_INV":-1.357,"LABEL":"C-MH-48","Inastallation_Status":4,"X":403026.45299999975,"Y":2924341.4419999998,"Depth_Class":"5 - 6 m","District":"Al Nour"}},{"type":"Feature","id":334,"geometry":{"type":"Point","coordinates":[402981.95299999975,2924299.6600000001]},"properties":{"OBJECTID":334,"Zone":"ZONE C","STRCTDPTH":5.9610000000000003,"ELEV_GND":4.6310000000000002,"ELEV_INV":-1.3300000000000001,"LABEL":"C-MH-49","Inastallation_Status":4,"X":402981.95299999975,"Y":2924299.6600000001,"Depth_Class":"5 - 6 m","District":"Al Nour"}},{"type":"Feature","id":335,"geometry":{"type":"Point","coordinates":[402916.26900000032,2924238.4440000001]},"properties":{"OBJECTID":335,"Zone":"ZONE C","STRCTDPTH":6.0300000000000002,"ELEV_GND":4.7400000000000002,"ELEV_INV":-1.29,"LABEL":"C-MH-50","Inastallation_Status":4,"X":402916.26900000032,"Y":2924238.4440000001,"Depth_Class":"6 - 7 m","District":"Al Nour"}},{"type":"Feature","id":336,"geometry":{"type":"Point","coordinates":[402858.98199999984,2924185.9719999991]},"properties":{"OBJECTID":336,"Zone":"ZONE C","STRCTDPTH":6.0819999999999999,"ELEV_GND":4.827,"ELEV_INV":-1.2549999999999999,"LABEL":"C-MH-51","Inastallation_Status":4,"X":402858.98199999984,"Y":2924185.9719999991,"Depth_Class":"6 - 7 m","District":"Al Nour"}},{"type":"Feature","id":337,"geometry":{"type":"Point","coordinates":[402797.77799999993,2924141.4250000007]},"properties":{"OBJECTID":337,"Zone":"ZONE C","STRCTDPTH":6.274,"ELEV_GND":5.0529999999999999,"ELEV_INV":-1.2210000000000001,"LABEL":"C-MH-52","Inastallation_Status":4,"X":402797.77799999993,"Y":2924141.4250000007,"Depth_Class":"6 - 7 m","District":"Al Nour"}},{"type":"Feature","id":338,"geometry":{"type":"Point","coordinates":[402761.59680000041,2924115.8252000008]},"properties":{"OBJECTID":338,"Zone":"ZONE C","STRCTDPTH":6.1530000000000005,"ELEV_GND":5.056,"ELEV_INV":-1.097,"LABEL":"C-MH-53","Inastallation_Status":4,"X":402761.59680000041,"Y":2924115.8252000008,"Depth_Class":"6 - 7 m","District":"Al Nour"}},{"type":"Feature","id":339,"geometry":{"type":"Point","coordinates":[402744.83530000038,2924103.9656000007]},"properties":{"OBJECTID":339,"Zone":"ZONE C","STRCTDPTH":6.1430000000000007,"ELEV_GND":5.0570000000000004,"ELEV_INV":-1.0860000000000001,"LABEL":"C-MH-54","Inastallation_Status":4,"X":402744.83530000038,"Y":2924103.9656000007,"Depth_Class":"6 - 7 m","District":"Al Nour"}},{"type":"Feature","id":340,"geometry":{"type":"Point","coordinates":[402689.53199999966,2924064.8359999992]},"properties":{"OBJECTID":340,"Zone":"ZONE C","STRCTDPTH":6.1099999999999994,"ELEV_GND":5.0609999999999999,"ELEV_INV":-1.0489999999999999,"LABEL":"C-MH-55","Inastallation_Status":4,"X":402689.53199999966,"Y":2924064.8359999992,"Depth_Class":"6 - 7 m","District":"Al Nour"}},{"type":"Feature","id":341,"geometry":{"type":"Point","coordinates":[402605.80700000003,2924008.5759999994]},"properties":{"OBJECTID":341,"Zone":"ZONE C","STRCTDPTH":6.3150000000000004,"ELEV_GND":5.3220000000000001,"ELEV_INV":-0.99299999999999999,"LABEL":"C-MH-56","Inastallation_Status":4,"X":402605.80700000003,"Y":2924008.5759999994,"Depth_Class":"6 - 7 m","District":"Al Nour"}},{"type":"Feature","id":342,"geometry":{"type":"Point","coordinates":[402528.49299999978,2923956.1370000001]},"properties":{"OBJECTID":342,"Zone":"ZONE C","STRCTDPTH":6.2709999999999999,"ELEV_GND":5.3289999999999997,"ELEV_INV":-0.94199999999999995,"LABEL":"C-MH-57","Inastallation_Status":4,"X":402528.49299999978,"Y":2923956.1370000001,"Depth_Class":"6 - 7 m","District":"Al Nour"}},{"type":"Feature","id":343,"geometry":{"type":"Point","coordinates":[402468.04200000037,2923915.1809999999]},"properties":{"OBJECTID":343,"Zone":"ZONE C","STRCTDPTH":6.0579999999999998,"ELEV_GND":5.1559999999999997,"ELEV_INV":-0.90200000000000002,"LABEL":"C-MH-58","Inastallation_Status":4,"X":402468.04200000037,"Y":2923915.1809999999,"Depth_Class":"6 - 7 m","District":"Al Nour"}},{"type":"Feature","id":344,"geometry":{"type":"Point","coordinates":[402424.46399999969,2923885.5170000009]},"properties":{"OBJECTID":344,"Zone":"ZONE C","STRCTDPTH":5.8540000000000001,"ELEV_GND":4.9809999999999999,"ELEV_INV":-0.873,"LABEL":"C-MH-59","Inastallation_Status":4,"X":402424.46399999969,"Y":2923885.5170000009,"Depth_Class":"5 - 6 m","District":"Al Nour"}},{"type":"Feature","id":345,"geometry":{"type":"Point","coordinates":[402358.00700000022,2923840.3790000007]},"properties":{"OBJECTID":345,"Zone":"ZONE C","STRCTDPTH":5.649,"ELEV_GND":4.8200000000000003,"ELEV_INV":-0.82899999999999996,"LABEL":"C-MH-60","Inastallation_Status":4,"X":402358.00700000022,"Y":2923840.3790000007,"Depth_Class":"5 - 6 m","District":"Al Nour"}},{"type":"Feature","id":346,"geometry":{"type":"Point","coordinates":[402288.62399999984,2923792.8739999998]},"properties":{"OBJECTID":346,"Zone":"ZONE C","STRCTDPTH":6.0759999999999996,"ELEV_GND":5.2939999999999996,"ELEV_INV":-0.78200000000000003,"LABEL":"C-MH-61","Inastallation_Status":4,"X":402288.62399999984,"Y":2923792.8739999998,"Depth_Class":"6 - 7 m","District":"Al Nour"}},{"type":"Feature","id":347,"geometry":{"type":"Point","coordinates":[402218.3339999998,2923744.7870000005]},"properties":{"OBJECTID":347,"Zone":"ZONE C","STRCTDPTH":6.2290000000000001,"ELEV_GND":5.4930000000000003,"ELEV_INV":-0.73599999999999999,"LABEL":"C-MH-62","Inastallation_Status":4,"X":402218.3339999998,"Y":2923744.7870000005,"Depth_Class":"6 - 7 m","District":"Al Nour"}},{"type":"Feature","id":348,"geometry":{"type":"Point","coordinates":[402148.49899999984,2923697.1420000009]},"properties":{"OBJECTID":348,"Zone":"ZONE C","STRCTDPTH":5.9790000000000001,"ELEV_GND":5.29,"ELEV_INV":-0.68899999999999995,"LABEL":"C-MH-63","Inastallation_Status":4,"X":402148.49899999984,"Y":2923697.1420000009,"Depth_Class":"5 - 6 m","District":"Al Nour"}},{"type":"Feature","id":349,"geometry":{"type":"Point","coordinates":[402190.8200000003,2923634.7574000005]},"properties":{"OBJECTID":349,"Zone":"ZONE C","STRCTDPTH":2.7139999999999995,"ELEV_GND":5.5439999999999996,"ELEV_INV":2.8300000000000001,"LABEL":"C-MH-63-1","Inastallation_Status":4,"X":402190.8200000003,"Y":2923634.7574000005,"Depth_Class":"2 - 3 m","District":"Al Nour"}},{"type":"Feature","id":350,"geometry":{"type":"Point","coordinates":[402259.87829999998,2923680.0415000003]},"properties":{"OBJECTID":350,"Zone":"ZONE C","STRCTDPTH":2.758,"ELEV_GND":5.7320000000000002,"ELEV_INV":2.9740000000000002,"LABEL":"C-MH-63-2","Inastallation_Status":4,"X":402259.87829999998,"Y":2923680.0415000003,"Depth_Class":"2 - 3 m","District":"Al Nour"}},{"type":"Feature","id":351,"geometry":{"type":"Point","coordinates":[402301.76609999966,2923617.2097999994]},"properties":{"OBJECTID":351,"Zone":"ZONE C","STRCTDPTH":2.7509999999999999,"ELEV_GND":5.9619999999999997,"ELEV_INV":3.2109999999999999,"LABEL":"C-MH-63-3","Inastallation_Status":4,"X":402301.76609999966,"Y":2923617.2097999994,"Depth_Class":"2 - 3 m","District":"Al Nour"}},{"type":"Feature","id":352,"geometry":{"type":"Point","coordinates":[402342.16000000015,2923557.273]},"properties":{"OBJECTID":352,"Zone":"ZONE C","STRCTDPTH":2.6320000000000001,"ELEV_GND":6.1230000000000002,"ELEV_INV":3.4910000000000001,"LABEL":"C-MH-63-4","Inastallation_Status":4,"X":402342.16000000015,"Y":2923557.273,"Depth_Class":"2 - 3 m","District":"Al Nour"}},{"type":"Feature","id":353,"geometry":{"type":"Point","coordinates":[402390.24299999978,2923591.3870000001]},"properties":{"OBJECTID":353,"Zone":"ZONE C","STRCTDPTH":1.9919999999999995,"ELEV_GND":5.9269999999999996,"ELEV_INV":3.9350000000000001,"LABEL":"C-MH-63-4-1","Inastallation_Status":4,"X":402390.24299999978,"Y":2923591.3870000001,"Depth_Class":"1 - 2 m","District":"Al Nour"}},{"type":"Feature","id":354,"geometry":{"type":"Point","coordinates":[402427.52020000014,2923617.8344999999]},"properties":{"OBJECTID":354,"Zone":"ZONE C","STRCTDPTH":1.7619999999999996,"ELEV_GND":5.968,"ELEV_INV":4.2060000000000004,"LABEL":"C-MH-63-4-2","Inastallation_Status":4,"X":402427.52020000014,"Y":2923617.8344999999,"Depth_Class":"1 - 2 m","District":"Al Nour"}},{"type":"Feature","id":355,"geometry":{"type":"Point","coordinates":[402437.25870000012,2923604.1083000004]},"properties":{"OBJECTID":355,"Zone":"ZONE C","STRCTDPTH":1.7170000000000005,"ELEV_GND":6.0410000000000004,"ELEV_INV":4.3239999999999998,"LABEL":"C-MH-63-4-3","Inastallation_Status":4,"X":402437.25870000012,"Y":2923604.1083000004,"Depth_Class":"1 - 2 m","District":"Al Nour"}},{"type":"Feature","id":356,"geometry":{"type":"Point","coordinates":[402451.07849999983,2923557.4285000004]},"properties":{"OBJECTID":356,"Zone":"ZONE C","STRCTDPTH":1.7169999999999996,"ELEV_GND":6.226,"ELEV_INV":4.5090000000000003,"LABEL":"C-MH-63-4-4","Inastallation_Status":4,"X":402451.07849999983,"Y":2923557.4285000004,"Depth_Class":"1 - 2 m","District":"Al Nour"}},{"type":"Feature","id":357,"geometry":{"type":"Point","coordinates":[402468.11089999974,2923499.8968000002]},"properties":{"OBJECTID":357,"Zone":"ZONE C","STRCTDPTH":1.7169999999999996,"ELEV_GND":6.4539999999999997,"ELEV_INV":4.7370000000000001,"LABEL":"C-MH-63-4-5","Inastallation_Status":4,"X":402468.11089999974,"Y":2923499.8968000002,"Depth_Class":"1 - 2 m","District":"Al Nour"}},{"type":"Feature","id":358,"geometry":{"type":"Point","coordinates":[402308.5103000002,2923532.7700999994]},"properties":{"OBJECTID":358,"Zone":"ZONE C","STRCTDPTH":2.4759999999999995,"ELEV_GND":6.1369999999999996,"ELEV_INV":3.661,"LABEL":"C-MH-63-5","Inastallation_Status":4,"X":402308.5103000002,"Y":2923532.7700999994,"Depth_Class":"2 - 3 m","District":"Al Nour"}},{"type":"Feature","id":359,"geometry":{"type":"Point","coordinates":[402285.06919999979,2923516.7681000009]},"properties":{"OBJECTID":359,"Zone":"ZONE C","STRCTDPTH":1.7170000000000005,"ELEV_GND":6.0650000000000004,"ELEV_INV":4.3479999999999999,"LABEL":"C-MH-63-5-1","Inastallation_Status":4,"X":402285.06919999979,"Y":2923516.7681000009,"Depth_Class":"1 - 2 m","District":"Al Nour"}},{"type":"Feature","id":360,"geometry":{"type":"Point","coordinates":[402352.21150000021,2923469.7586000003]},"properties":{"OBJECTID":360,"Zone":"ZONE C","STRCTDPTH":2.2860000000000005,"ELEV_GND":6.3150000000000004,"ELEV_INV":4.0289999999999999,"LABEL":"C-MH-63-6","Inastallation_Status":4,"X":402352.21150000021,"Y":2923469.7586000003,"Depth_Class":"2 - 3 m","District":"Al Nour"}},{"type":"Feature","id":361,"geometry":{"type":"Point","coordinates":[402423.39209999982,2923519.8364000004]},"properties":{"OBJECTID":361,"Zone":"ZONE C","STRCTDPTH":1.7169999999999996,"ELEV_GND":6.2489999999999997,"ELEV_INV":4.532,"LABEL":"C-MH-63-6-1","Inastallation_Status":4,"X":402423.39209999982,"Y":2923519.8364000004,"Depth_Class":"1 - 2 m","District":"Al Nour"}},{"type":"Feature","id":362,"geometry":{"type":"Point","coordinates":[402389.59200000018,2923414.0613000002]},"properties":{"OBJECTID":362,"Zone":"ZONE C","STRCTDPTH":1.9200000000000008,"ELEV_GND":6.4800000000000004,"ELEV_INV":4.5599999999999996,"LABEL":"C-MH-63-7","Inastallation_Status":4,"X":402389.59200000018,"Y":2923414.0613000002,"Depth_Class":"1 - 2 m","District":"Al Nour"}},{"type":"Feature","id":363,"geometry":{"type":"Point","coordinates":[402458.13549999986,2923460.0660999995]},"properties":{"OBJECTID":363,"Zone":"ZONE C","STRCTDPTH":1.7170000000000005,"ELEV_GND":6.5410000000000004,"ELEV_INV":4.8239999999999998,"LABEL":"C-MH-63-8","Inastallation_Status":4,"X":402458.13549999986,"Y":2923460.0660999995,"Depth_Class":"1 - 2 m","District":"Al Nour"}},{"type":"Feature","id":364,"geometry":{"type":"Point","coordinates":[402073.66399999987,2923646.807]},"properties":{"OBJECTID":364,"Zone":"ZONE C","STRCTDPTH":5.5919999999999996,"ELEV_GND":5.0599999999999996,"ELEV_INV":-0.53200000000000003,"LABEL":"C-MH-64","Inastallation_Status":4,"X":402073.66399999987,"Y":2923646.807,"Depth_Class":"5 - 6 m","District":"Al Nour"}},{"type":"Feature","id":365,"geometry":{"type":"Point","coordinates":[402005.03799999971,2923599.6160000004]},"properties":{"OBJECTID":365,"Zone":"ZONE C","STRCTDPTH":5.3209999999999997,"ELEV_GND":4.843,"ELEV_INV":-0.47799999999999998,"LABEL":"C-MH-65","Inastallation_Status":4,"X":402005.03799999971,"Y":2923599.6160000004,"Depth_Class":"5 - 6 m","District":"Al Nour"}},{"type":"Feature","id":366,"geometry":{"type":"Point","coordinates":[401962.86799999978,2923571.4590000007]},"properties":{"OBJECTID":366,"Zone":"ZONE C","STRCTDPTH":5.2629999999999999,"ELEV_GND":4.8179999999999996,"ELEV_INV":-0.44500000000000001,"LABEL":"C-MH-66","Inastallation_Status":4,"X":401962.86799999978,"Y":2923571.4590000007,"Depth_Class":"5 - 6 m","District":"Al Nour"}},{"type":"Feature","id":367,"geometry":{"type":"Point","coordinates":[401987.96399999969,2923503.0199999996]},"properties":{"OBJECTID":367,"Zone":"ZONE C","STRCTDPTH":3.1149999999999998,"ELEV_GND":4.9699999999999998,"ELEV_INV":1.855,"LABEL":"C-MH-66-1","Inastallation_Status":4,"X":401987.96399999969,"Y":2923503.0199999996,"Depth_Class":"3 - 4 m","District":"Al Nour"}},{"type":"Feature","id":368,"geometry":{"type":"Point","coordinates":[402014.74899999984,2923426.3120000008]},"properties":{"OBJECTID":368,"Zone":"ZONE C","STRCTDPTH":3.1420000000000003,"ELEV_GND":5.1390000000000002,"ELEV_INV":1.9970000000000001,"LABEL":"C-MH-66-2","Inastallation_Status":4,"X":402014.74899999984,"Y":2923426.3120000008,"Depth_Class":"3 - 4 m","District":"Al Nour"}},{"type":"Feature","id":369,"geometry":{"type":"Point","coordinates":[402041.53399999999,2923349.6040000003]},"properties":{"OBJECTID":369,"Zone":"ZONE C","STRCTDPTH":3.1999999999999997,"ELEV_GND":5.3399999999999999,"ELEV_INV":2.1400000000000001,"LABEL":"C-MH-66-3","Inastallation_Status":4,"X":402041.53399999999,"Y":2923349.6040000003,"Depth_Class":"3 - 4 m","District":"Al Nour"}},{"type":"Feature","id":370,"geometry":{"type":"Point","coordinates":[401944.14300000016,2923558.9562999997]},"properties":{"OBJECTID":370,"Zone":"ZONE C","STRCTDPTH":5.1999999999999993,"ELEV_GND":4.7699999999999996,"ELEV_INV":-0.42999999999999999,"LABEL":"C-MH-67","Inastallation_Status":4,"X":401944.14300000016,"Y":2923558.9562999997,"Depth_Class":"5 - 6 m","District":"Al Nour"}},{"type":"Feature","id":371,"geometry":{"type":"Point","coordinates":[401968.86899999995,2923488.3800000008]},"properties":{"OBJECTID":371,"Zone":"ZONE C","STRCTDPTH":5.0640000000000001,"ELEV_GND":4.8899999999999997,"ELEV_INV":-0.17399999999999999,"LABEL":"C-MH-68","Inastallation_Status":4,"X":401968.86899999995,"Y":2923488.3800000008,"Depth_Class":"5 - 6 m","District":"Al Nour"}},{"type":"Feature","id":372,"geometry":{"type":"Point","coordinates":[401993.03399999999,2923419.4049999993]},"properties":{"OBJECTID":372,"Zone":"ZONE C","STRCTDPTH":5.0650000000000004,"ELEV_GND":5,"ELEV_INV":-0.065000000000000002,"LABEL":"C-MH-69","Inastallation_Status":4,"X":401993.03399999999,"Y":2923419.4049999993,"Depth_Class":"5 - 6 m","District":"Al Nour"}},{"type":"Feature","id":373,"geometry":{"type":"Point","coordinates":[402022.02300000004,2923335.8129999992]},"properties":{"OBJECTID":373,"Zone":"ZONE C","STRCTDPTH":5.242,"ELEV_GND":5.3099999999999996,"ELEV_INV":0.068000000000000005,"LABEL":"C-MH-70","Inastallation_Status":4,"X":402022.02300000004,"Y":2923335.8129999992,"Depth_Class":"5 - 6 m","District":"Al Nour"}},{"type":"Feature","id":374,"geometry":{"type":"Point","coordinates":[402049.42700000014,2923259.2219999991]},"properties":{"OBJECTID":374,"Zone":"ZONE C","STRCTDPTH":5.3499999999999996,"ELEV_GND":5.54,"ELEV_INV":0.19,"LABEL":"C-MH-71","Inastallation_Status":2,"X":402049.42700000014,"Y":2923259.2219999991,"Depth_Class":"5 - 6 m","District":"Al Nour"}},{"type":"Feature","id":375,"geometry":{"type":"Point","coordinates":[402070.07799999975,2923200.3819999993]},"properties":{"OBJECTID":375,"Zone":"ZONE C","STRCTDPTH":3.2840000000000003,"ELEV_GND":5.6200000000000001,"ELEV_INV":2.3359999999999999,"LABEL":"C-MH-72","Inastallation_Status":2,"X":402070.07799999975,"Y":2923200.3819999993,"Depth_Class":"3 - 4 m","District":"Al Nour"}},{"type":"Feature","id":376,"geometry":{"type":"Point","coordinates":[402009.20100000035,2923180.0759999994]},"properties":{"OBJECTID":376,"Zone":"ZONE C","STRCTDPTH":3.0940000000000003,"ELEV_GND":5.8700000000000001,"ELEV_INV":2.7759999999999998,"LABEL":"C-MH-72-1","Inastallation_Status":2,"X":402009.20100000035,"Y":2923180.0759999994,"Depth_Class":"3 - 4 m","District":"Al Nour"}},{"type":"Feature","id":377,"geometry":{"type":"Point","coordinates":[401958.9879999999,2923162.2200000007]},"properties":{"OBJECTID":377,"Zone":"ZONE C","STRCTDPTH":2.9000000000000004,"ELEV_GND":5.8470000000000004,"ELEV_INV":2.9470000000000001,"LABEL":"C-MH-72-2","Inastallation_Status":2,"X":401958.9879999999,"Y":2923162.2200000007,"Depth_Class":"2 - 3 m","District":"Al Nour"}},{"type":"Feature","id":378,"geometry":{"type":"Point","coordinates":[401904.10099999979,2923142.6099999994]},"properties":{"OBJECTID":378,"Zone":"ZONE C","STRCTDPTH":2.5830000000000002,"ELEV_GND":5.7160000000000002,"ELEV_INV":3.133,"LABEL":"C-MH-72-3","Inastallation_Status":2,"X":401904.10099999979,"Y":2923142.6099999994,"Depth_Class":"2 - 3 m","District":"Al Nour"}},{"type":"Feature","id":379,"geometry":{"type":"Point","coordinates":[401829.75899999961,2923116.6970000006]},"properties":{"OBJECTID":379,"Zone":"ZONE C","STRCTDPTH":2.1280000000000001,"ELEV_GND":5.5300000000000002,"ELEV_INV":3.4020000000000001,"LABEL":"C-MH-72-4","Inastallation_Status":2,"X":401829.75899999961,"Y":2923116.6970000006,"Depth_Class":"2 - 3 m","District":"Al Nour"}},{"type":"Feature","id":380,"geometry":{"type":"Point","coordinates":[401773.71700000018,2923097.4419999998]},"properties":{"OBJECTID":380,"Zone":"ZONE C","STRCTDPTH":1.7119999999999997,"ELEV_GND":5.3499999999999996,"ELEV_INV":3.6379999999999999,"LABEL":"C-MH-72-5","Inastallation_Status":2,"X":401773.71700000018,"Y":2923097.4419999998,"Depth_Class":"1 - 2 m","District":"Al Nour"}},{"type":"Feature","id":381,"geometry":{"type":"Point","coordinates":[401777.05599999987,2923047.1850000005]},"properties":{"OBJECTID":381,"Zone":"ZONE C","STRCTDPTH":1.7120000000000002,"ELEV_GND":5.681,"ELEV_INV":3.9689999999999999,"LABEL":"C-MH-72-6","Inastallation_Status":2,"X":401777.05599999987,"Y":2923047.1850000005,"Depth_Class":"1 - 2 m","District":"Al Nour"}},{"type":"Feature","id":382,"geometry":{"type":"Point","coordinates":[401782.34700000007,2922971.1420000009]},"properties":{"OBJECTID":382,"Zone":"ZONE C","STRCTDPTH":1.7119999999999997,"ELEV_GND":6.1449999999999996,"ELEV_INV":4.4329999999999998,"LABEL":"C-MH-72-7","Inastallation_Status":2,"X":401782.34700000007,"Y":2922971.1420000009,"Depth_Class":"1 - 2 m","District":"Al Nour"}},{"type":"Feature","id":383,"geometry":{"type":"Point","coordinates":[402092.37600000016,2923136.6490000002]},"properties":{"OBJECTID":383,"Zone":"ZONE C","STRCTDPTH":3.1199999999999997,"ELEV_GND":5.8099999999999996,"ELEV_INV":2.6899999999999999,"LABEL":"C-MH-73","Inastallation_Status":2,"X":402092.37600000016,"Y":2923136.6490000002,"Depth_Class":"3 - 4 m","District":"Al Nour"}},{"type":"Feature","id":384,"geometry":{"type":"Point","coordinates":[402114.25100000016,2923074.7750000004]},"properties":{"OBJECTID":384,"Zone":"ZONE C","STRCTDPTH":2.9970000000000003,"ELEV_GND":5.9500000000000002,"ELEV_INV":2.9529999999999998,"LABEL":"C-MH-74","Inastallation_Status":2,"X":402114.25100000016,"Y":2923074.7750000004,"Depth_Class":"2 - 3 m","District":"Al Nour"}},{"type":"Feature","id":385,"geometry":{"type":"Point","coordinates":[402130.99500000011,2923026.216]},"properties":{"OBJECTID":385,"Zone":"ZONE C","STRCTDPTH":2.9520000000000004,"ELEV_GND":6.1100000000000003,"ELEV_INV":3.1579999999999999,"LABEL":"C-MH-75","Inastallation_Status":2,"X":402130.99500000011,"Y":2923026.216,"Depth_Class":"2 - 3 m","District":"Al Nour"}},{"type":"Feature","id":386,"geometry":{"type":"Point","coordinates":[402154.89800000004,2922960.0749999993]},"properties":{"OBJECTID":386,"Zone":"ZONE C","STRCTDPTH":2.9200000000000004,"ELEV_GND":6.3440000000000003,"ELEV_INV":3.4239999999999999,"LABEL":"C-MH-76","Inastallation_Status":2,"X":402154.89800000004,"Y":2922960.0749999993,"Depth_Class":"2 - 3 m","District":"Al Nour"}},{"type":"Feature","id":387,"geometry":{"type":"Point","coordinates":[400253.81500000041,2913288.5109999999]},"properties":{"OBJECTID":387,"Zone":"Zone D","STRCTDPTH":6.6050000000000004,"ELEV_GND":6.4160000000000004,"ELEV_INV":-0.189,"LABEL":"D-MH-1","Inastallation_Status":4,"X":400253.81500000041,"Y":2913288.5109999999,"Depth_Class":"6 - 7 m","District":"Al Orouba"}},{"type":"Feature","id":388,"geometry":{"type":"Point","coordinates":[400279.33999999985,2913244.3479999993]},"properties":{"OBJECTID":388,"Zone":"Zone D","STRCTDPTH":6.7869999999999999,"ELEV_GND":6.7130000000000001,"ELEV_INV":-0.073999999999999996,"LABEL":"D-MH-2","Inastallation_Status":4,"X":400279.33999999985,"Y":2913244.3479999993,"Depth_Class":"6 - 7 m","District":"Al Orouba"}},{"type":"Feature","id":389,"geometry":{"type":"Point","coordinates":[400316.72699999996,2913269.9590000007]},"properties":{"OBJECTID":389,"Zone":"Zone D","STRCTDPTH":6.8390000000000004,"ELEV_GND":6.867,"ELEV_INV":0.028000000000000001,"LABEL":"D-MH-3","Inastallation_Status":4,"X":400316.72699999996,"Y":2913269.9590000007,"Depth_Class":"6 - 7 m","District":"Al Orouba"}},{"type":"Feature","id":390,"geometry":{"type":"Point","coordinates":[400373.24399999995,2913308.8210000005]},"properties":{"OBJECTID":390,"Zone":"Zone D","STRCTDPTH":6.4299999999999997,"ELEV_GND":6.6619999999999999,"ELEV_INV":0.23200000000000001,"LABEL":"D-MH-4","Inastallation_Status":4,"X":400373.24399999995,"Y":2913308.8210000005,"Depth_Class":"6 - 7 m","District":"Al Orouba"}},{"type":"Feature","id":391,"geometry":{"type":"Point","coordinates":[400441.7089999998,2913356.1180000007]},"properties":{"OBJECTID":391,"Zone":"Zone D","STRCTDPTH":6.016,"ELEV_GND":6.4139999999999997,"ELEV_INV":0.39800000000000002,"LABEL":"D-MH-5","Inastallation_Status":4,"X":400441.7089999998,"Y":2913356.1180000007,"Depth_Class":"6 - 7 m","District":"Al Orouba"}},{"type":"Feature","id":392,"geometry":{"type":"Point","coordinates":[400486.03799999971,2913386.6850000005]},"properties":{"OBJECTID":392,"Zone":"Zone D","STRCTDPTH":5.4989999999999997,"ELEV_GND":6.0049999999999999,"ELEV_INV":0.50600000000000001,"LABEL":"D-MH-6","Inastallation_Status":4,"X":400486.03799999971,"Y":2913386.6850000005,"Depth_Class":"5 - 6 m","District":"Al Orouba"}},{"type":"Feature","id":393,"geometry":{"type":"Point","coordinates":[400539.72599999979,2913423.6180000007]},"properties":{"OBJECTID":393,"Zone":"Zone D","STRCTDPTH":5.0329999999999995,"ELEV_GND":5.6689999999999996,"ELEV_INV":0.63600000000000001,"LABEL":"D-MH-7","Inastallation_Status":4,"X":400539.72599999979,"Y":2913423.6180000007,"Depth_Class":"5 - 6 m","District":"Al Orouba"}},{"type":"Feature","id":394,"geometry":{"type":"Point","coordinates":[400593.02300000004,2913460.2770000007]},"properties":{"OBJECTID":394,"Zone":"Zone D","STRCTDPTH":4.6970000000000001,"ELEV_GND":5.5190000000000001,"ELEV_INV":0.82199999999999995,"LABEL":"D-MH-8","Inastallation_Status":4,"X":400593.02300000004,"Y":2913460.2770000007,"Depth_Class":"4 - 5 m","District":"Al Orouba"}},{"type":"Feature","id":395,"geometry":{"type":"Point","coordinates":[400642.58100000024,2913494.5930000003]},"properties":{"OBJECTID":395,"Zone":"Zone D","STRCTDPTH":4.399,"ELEV_GND":5.3419999999999996,"ELEV_INV":0.94299999999999995,"LABEL":"D-MH-9","Inastallation_Status":4,"X":400642.58100000024,"Y":2913494.5930000003,"Depth_Class":"4 - 5 m","District":"Al Orouba"}},{"type":"Feature","id":396,"geometry":{"type":"Point","coordinates":[400687.89300000016,2913429.1850000005]},"properties":{"OBJECTID":396,"Zone":"Zone D","STRCTDPTH":4.2690000000000001,"ELEV_GND":5.3710000000000004,"ELEV_INV":1.1020000000000001,"LABEL":"D-MH-10","Inastallation_Status":4,"X":400687.89300000016,"Y":2913429.1850000005,"Depth_Class":"4 - 5 m","District":"Al Orouba"}},{"type":"Feature","id":397,"geometry":{"type":"Point","coordinates":[400731.01900000032,2913366.3870000001]},"properties":{"OBJECTID":397,"Zone":"Zone D","STRCTDPTH":4.3620000000000001,"ELEV_GND":5.6159999999999997,"ELEV_INV":1.254,"LABEL":"D-MH-11","Inastallation_Status":4,"X":400731.01900000032,"Y":2913366.3870000001,"Depth_Class":"4 - 5 m","District":"Al Orouba"}},{"type":"Feature","id":398,"geometry":{"type":"Point","coordinates":[400768.52599999961,2913312.0920000002]},"properties":{"OBJECTID":398,"Zone":"Zone D","STRCTDPTH":4.4219999999999997,"ELEV_GND":5.8079999999999998,"ELEV_INV":1.3859999999999999,"LABEL":"D-MH-12","Inastallation_Status":4,"X":400768.52599999961,"Y":2913312.0920000002,"Depth_Class":"4 - 5 m","District":"Al Orouba"}},{"type":"Feature","id":399,"geometry":{"type":"Point","coordinates":[400804.68200000003,2913259.5649999995]},"properties":{"OBJECTID":399,"Zone":"Zone D","STRCTDPTH":4.4559999999999995,"ELEV_GND":5.9699999999999998,"ELEV_INV":1.514,"LABEL":"D-MH-13","Inastallation_Status":4,"X":400804.68200000003,"Y":2913259.5649999995,"Depth_Class":"4 - 5 m","District":"Al Orouba"}},{"type":"Feature","id":400,"geometry":{"type":"Point","coordinates":[400838.98099999968,2913209.6239999998]},"properties":{"OBJECTID":400,"Zone":"Zone D","STRCTDPTH":4.0840000000000005,"ELEV_GND":5.7190000000000003,"ELEV_INV":1.635,"LABEL":"D-MH-14","Inastallation_Status":4,"X":400838.98099999968,"Y":2913209.6239999998,"Depth_Class":"4 - 5 m","District":"Al Orouba"}},{"type":"Feature","id":401,"geometry":{"type":"Point","coordinates":[400863.87299999967,2913173.5899999999]},"properties":{"OBJECTID":401,"Zone":"Zone D","STRCTDPTH":4.04,"ELEV_GND":5.806,"ELEV_INV":1.766,"LABEL":"D-MH-15","Inastallation_Status":4,"X":400863.87299999967,"Y":2913173.5899999999,"Depth_Class":"4 - 5 m","District":"Al Orouba"}},{"type":"Feature","id":402,"geometry":{"type":"Point","coordinates":[400898.18499999959,2913123.6359999999]},"properties":{"OBJECTID":402,"Zone":"Zone D","STRCTDPTH":4.1120000000000001,"ELEV_GND":6.0149999999999997,"ELEV_INV":1.903,"LABEL":"D-MH-16","Inastallation_Status":4,"X":400898.18499999959,"Y":2913123.6359999999,"Depth_Class":"4 - 5 m","District":"Al Orouba"}},{"type":"Feature","id":403,"geometry":{"type":"Point","coordinates":[400934.69299999997,2913070.807]},"properties":{"OBJECTID":403,"Zone":"Zone D","STRCTDPTH":3.8879999999999995,"ELEV_GND":5.9349999999999996,"ELEV_INV":2.0470000000000002,"LABEL":"D-MH-17","Inastallation_Status":4,"X":400934.69299999997,"Y":2913070.807,"Depth_Class":"3 - 4 m","District":"Al Orouba"}},{"type":"Feature","id":404,"geometry":{"type":"Point","coordinates":[403518.95799999963,2917316.2080000006]},"properties":{"OBJECTID":404,"Zone":"Zone D","STRCTDPTH":2.0739999999999998,"ELEV_GND":11.032,"ELEV_INV":8.9580000000000002,"LABEL":"D-MH-18","Inastallation_Status":1,"X":403518.95799999963,"Y":2917316.2080000006,"Depth_Class":"2 - 3 m","District":"Al Manar"}},{"type":"Feature","id":405,"geometry":{"type":"Point","coordinates":[403557.66100000031,2917345.7390000001]},"properties":{"OBJECTID":405,"Zone":"Zone D","STRCTDPTH":2.1460000000000008,"ELEV_GND":11.226000000000001,"ELEV_INV":9.0800000000000001,"LABEL":"D-MH-19","Inastallation_Status":1,"X":403557.66100000031,"Y":2917345.7390000001,"Depth_Class":"2 - 3 m","District":"Al Manar"}},{"type":"Feature","id":406,"geometry":{"type":"Point","coordinates":[403623.20100000035,2917395.4629999995]},"properties":{"OBJECTID":406,"Zone":"Zone D","STRCTDPTH":2.0199999999999996,"ELEV_GND":11.494,"ELEV_INV":9.4740000000000002,"LABEL":"D-MH-20","Inastallation_Status":1,"X":403623.20100000035,"Y":2917395.4629999995,"Depth_Class":"2 - 3 m","District":"Al Manar"}},{"type":"Feature","id":407,"geometry":{"type":"Point","coordinates":[403694.72599999979,2917448.9370000008]},"properties":{"OBJECTID":407,"Zone":"Zone D","STRCTDPTH":1.9269999999999996,"ELEV_GND":11.712999999999999,"ELEV_INV":9.7859999999999996,"LABEL":"D-MH-21","Inastallation_Status":1,"X":403694.72599999979,"Y":2917448.9370000008,"Depth_Class":"1 - 2 m","District":"Al Manar"}},{"type":"Feature","id":408,"geometry":{"type":"Point","coordinates":[403762.59700000007,2917501.9910000004]},"properties":{"OBJECTID":408,"Zone":"Zone D","STRCTDPTH":1.8520000000000003,"ELEV_GND":11.94,"ELEV_INV":10.087999999999999,"LABEL":"D-MH-22","Inastallation_Status":1,"X":403762.59700000007,"Y":2917501.9910000004,"Depth_Class":"1 - 2 m","District":"Al Manar"}},{"type":"Feature","id":409,"geometry":{"type":"Point","coordinates":[403802.63900000043,2917532.4820000008]},"properties":{"OBJECTID":409,"Zone":"Zone D","STRCTDPTH":1.8100000000000005,"ELEV_GND":12.074,"ELEV_INV":10.263999999999999,"LABEL":"D-MH-23","Inastallation_Status":1,"X":403802.63900000043,"Y":2917532.4820000008,"Depth_Class":"1 - 2 m","District":"Al Manar"}},{"type":"Feature","id":410,"geometry":{"type":"Point","coordinates":[407422.34360000025,2916203.1890999991]},"properties":{"OBJECTID":410,"Zone":"Zone D","STRCTDPTH":3.875,"ELEV_GND":33.643999999999998,"ELEV_INV":29.768999999999998,"LABEL":"D-MH-24","Inastallation_Status":1,"X":407422.34360000025,"Y":2916203.1890999991,"Depth_Class":"3 - 4 m","District":"Tiba"}},{"type":"Feature","id":411,"geometry":{"type":"Point","coordinates":[407461.8359000003,2916151.9962000009]},"properties":{"OBJECTID":411,"Zone":"Zone D","STRCTDPTH":4.8299999999999983,"ELEV_GND":34.695999999999998,"ELEV_INV":29.866,"LABEL":"D-MH-25","Inastallation_Status":1,"X":407461.8359000003,"Y":2916151.9962000009,"Depth_Class":"4 - 5 m","District":"Tiba"}},{"type":"Feature","id":412,"geometry":{"type":"Point","coordinates":[407499.44419999979,2916103.2456]},"properties":{"OBJECTID":412,"Zone":"Zone D","STRCTDPTH":4.7700000000000031,"ELEV_GND":34.728000000000002,"ELEV_INV":29.957999999999998,"LABEL":"D-MH-26","Inastallation_Status":1,"X":407499.44419999979,"Y":2916103.2456,"Depth_Class":"4 - 5 m","District":"Tiba"}},{"type":"Feature","id":413,"geometry":{"type":"Point","coordinates":[407540.14900000021,2916050.4810000006]},"properties":{"OBJECTID":413,"Zone":"Zone D","STRCTDPTH":2.7269999999999968,"ELEV_GND":32.784999999999997,"ELEV_INV":30.058,"LABEL":"D-MH-27","Inastallation_Status":1,"X":407540.14900000021,"Y":2916050.4810000006,"Depth_Class":"2 - 3 m","District":"Tiba"}},{"type":"Feature","id":414,"geometry":{"type":"Point","coordinates":[407552.14099999983,2916019.2459999993]},"properties":{"OBJECTID":414,"Zone":"Zone D","STRCTDPTH":1.9960000000000022,"ELEV_GND":32.826000000000001,"ELEV_INV":30.829999999999998,"LABEL":"D-MH-28","Inastallation_Status":1,"X":407552.14099999983,"Y":2916019.2459999993,"Depth_Class":"1 - 2 m","District":"Al Shu'la"}},{"type":"Feature","id":415,"geometry":{"type":"Point","coordinates":[407591.81099999975,2915960.2660000008]},"properties":{"OBJECTID":415,"Zone":"Zone D","STRCTDPTH":2.4559999999999995,"ELEV_GND":33.625,"ELEV_INV":31.169,"LABEL":"D-MH-29","Inastallation_Status":1,"X":407591.81099999975,"Y":2915960.2660000008,"Depth_Class":"2 - 3 m","District":"Al Shu'la"}},{"type":"Feature","id":416,"geometry":{"type":"Point","coordinates":[407626.08000000007,2915903.3420000002]},"properties":{"OBJECTID":416,"Zone":"Zone D","STRCTDPTH":2.9379999999999988,"ELEV_GND":34.265999999999998,"ELEV_INV":31.327999999999999,"LABEL":"D-MH-30","Inastallation_Status":1,"X":407626.08000000007,"Y":2915903.3420000002,"Depth_Class":"2 - 3 m","District":"Al Shu'la"}},{"type":"Feature","id":417,"geometry":{"type":"Point","coordinates":[407662.34700000007,2915839.1420000009]},"properties":{"OBJECTID":417,"Zone":"Zone D","STRCTDPTH":3.2429999999999986,"ELEV_GND":34.750999999999998,"ELEV_INV":31.507999999999999,"LABEL":"D-MH-31","Inastallation_Status":1,"X":407662.34700000007,"Y":2915839.1420000009,"Depth_Class":"3 - 4 m","District":"Al Shu'la"}},{"type":"Feature","id":418,"geometry":{"type":"Point","coordinates":[407697.00700000022,2915772.9499999993]},"properties":{"OBJECTID":418,"Zone":"Zone D","STRCTDPTH":3.5860000000000021,"ELEV_GND":35.262,"ELEV_INV":31.675999999999998,"LABEL":"D-MH-32","Inastallation_Status":1,"X":407697.00700000022,"Y":2915772.9499999993,"Depth_Class":"3 - 4 m","District":"Al Shu'la"}},{"type":"Feature","id":419,"geometry":{"type":"Point","coordinates":[407727.76300000027,2915707.9350000005]},"properties":{"OBJECTID":419,"Zone":"Zone D","STRCTDPTH":3.9009999999999962,"ELEV_GND":35.738999999999997,"ELEV_INV":31.838000000000001,"LABEL":"D-MH-33","Inastallation_Status":1,"X":407727.76300000027,"Y":2915707.9350000005,"Depth_Class":"3 - 4 m","District":"Al Shu'la"}},{"type":"Feature","id":420,"geometry":{"type":"Point","coordinates":[407754.65299999993,2915644.4580000006]},"properties":{"OBJECTID":420,"Zone":"Zone D","STRCTDPTH":4.2959999999999994,"ELEV_GND":36.280000000000001,"ELEV_INV":31.984000000000002,"LABEL":"D-MH-34","Inastallation_Status":1,"X":407754.65299999993,"Y":2915644.4580000006,"Depth_Class":"4 - 5 m","District":"Al Shu'la"}},{"type":"Feature","id":421,"geometry":{"type":"Point","coordinates":[407779.75800000038,2915581.5830000006]},"properties":{"OBJECTID":421,"Zone":"Zone D","STRCTDPTH":4.5829999999999984,"ELEV_GND":36.716000000000001,"ELEV_INV":32.133000000000003,"LABEL":"D-MH-35","Inastallation_Status":1,"X":407779.75800000038,"Y":2915581.5830000006,"Depth_Class":"4 - 5 m","District":"Al Shu'la"}},{"type":"Feature","id":422,"geometry":{"type":"Point","coordinates":[407807.02500000037,2915518.4020000007]},"properties":{"OBJECTID":422,"Zone":"Zone D","STRCTDPTH":4.9329999999999998,"ELEV_GND":37.216999999999999,"ELEV_INV":32.283999999999999,"LABEL":"D-MH-36","Inastallation_Status":1,"X":407807.02500000037,"Y":2915518.4020000007,"Depth_Class":"4 - 5 m","District":"Al Shu'la"}},{"type":"Feature","id":423,"geometry":{"type":"Point","coordinates":[407837.77599999961,2915451.8279999997]},"properties":{"OBJECTID":423,"Zone":"Zone D","STRCTDPTH":5.232999999999997,"ELEV_GND":37.677999999999997,"ELEV_INV":32.445,"LABEL":"D-MH-37","Inastallation_Status":1,"X":407837.77599999961,"Y":2915451.8279999997,"Depth_Class":"5 - 6 m","District":"Al Shu'la"}},{"type":"Feature","id":424,"geometry":{"type":"Point","coordinates":[407870.96600000001,2915384.8310000002]},"properties":{"OBJECTID":424,"Zone":"Zone D","STRCTDPTH":5.5380000000000038,"ELEV_GND":38.148000000000003,"ELEV_INV":32.609999999999999,"LABEL":"D-MH-38","Inastallation_Status":1,"X":407870.96600000001,"Y":2915384.8310000002,"Depth_Class":"5 - 6 m","District":"Al Shu'la"}},{"type":"Feature","id":425,"geometry":{"type":"Point","coordinates":[407905.54729999974,2915320.2185999993]},"properties":{"OBJECTID":425,"Zone":"Zone D","STRCTDPTH":5.5439999999999969,"ELEV_GND":38.314999999999998,"ELEV_INV":32.771000000000001,"LABEL":"D-MH-39","Inastallation_Status":1,"X":407905.54729999974,"Y":2915320.2185999993,"Depth_Class":"5 - 6 m","District":"Al Shu'la"}},{"type":"Feature","id":426,"geometry":{"type":"Point","coordinates":[407942.75600000005,2915250.6970000006]},"properties":{"OBJECTID":426,"Zone":"Zone D","STRCTDPTH":5.5159999999999982,"ELEV_GND":38.494999999999997,"ELEV_INV":32.978999999999999,"LABEL":"D-MH-40","Inastallation_Status":1,"X":407942.75600000005,"Y":2915250.6970000006,"Depth_Class":"5 - 6 m","District":"Al Shu'la"}},{"type":"Feature","id":427,"geometry":{"type":"Point","coordinates":[407982.24500000011,2915179.8049999997]},"properties":{"OBJECTID":427,"Zone":"Zone D","STRCTDPTH":4.9699999999999989,"ELEV_GND":38.131999999999998,"ELEV_INV":33.161999999999999,"LABEL":"D-MH-41","Inastallation_Status":1,"X":407982.24500000011,"Y":2915179.8049999997,"Depth_Class":"4 - 5 m","District":"Al Shu'la"}},{"type":"Feature","id":428,"geometry":{"type":"Point","coordinates":[408021.44900000002,2915107.6679999996]},"properties":{"OBJECTID":428,"Zone":"Zone D","STRCTDPTH":4.4469999999999956,"ELEV_GND":37.793999999999997,"ELEV_INV":33.347000000000001,"LABEL":"D-MH-42","Inastallation_Status":3,"X":408021.44900000002,"Y":2915107.6679999996,"Depth_Class":"4 - 5 m","District":"Al Shu'la"}},{"type":"Feature","id":429,"geometry":{"type":"Point","coordinates":[408060.22510000039,2915038.0220999997]},"properties":{"OBJECTID":429,"Zone":"Zone D","STRCTDPTH":3.9449999999999932,"ELEV_GND":37.470999999999997,"ELEV_INV":33.526000000000003,"LABEL":"D-MH-43","Inastallation_Status":2,"X":408060.22510000039,"Y":2915038.0220999997,"Depth_Class":"3 - 4 m","District":"Al Shu'la"}},{"type":"Feature","id":430,"geometry":{"type":"Point","coordinates":[408099.3470999999,2914968.2140999995]},"properties":{"OBJECTID":430,"Zone":"Zone D","STRCTDPTH":3.4329999999999998,"ELEV_GND":37.139000000000003,"ELEV_INV":33.706000000000003,"LABEL":"D-MH-44","Inastallation_Status":2,"X":408099.3470999999,"Y":2914968.2140999995,"Depth_Class":"3 - 4 m","District":"Al Shu'la"}},{"type":"Feature","id":431,"geometry":{"type":"Point","coordinates":[408137.03409999982,2914898.6081000008]},"properties":{"OBJECTID":431,"Zone":"Zone D","STRCTDPTH":2.9549999999999983,"ELEV_GND":36.844000000000001,"ELEV_INV":33.889000000000003,"LABEL":"D-MH-45","Inastallation_Status":2,"X":408137.03409999982,"Y":2914898.6081000008,"Depth_Class":"2 - 3 m","District":"Al Shu'la"}},{"type":"Feature","id":432,"geometry":{"type":"Point","coordinates":[408179.3060999997,2914820.9650999997]},"properties":{"OBJECTID":432,"Zone":"Zone D","STRCTDPTH":2.3000000000000043,"ELEV_GND":36.383000000000003,"ELEV_INV":34.082999999999998,"LABEL":"D-MH-46","Inastallation_Status":2,"X":408179.3060999997,"Y":2914820.9650999997,"Depth_Class":"2 - 3 m","District":"Al Shu'la"}},{"type":"Feature","id":433,"geometry":{"type":"Point","coordinates":[405160.83550000004,2919499.943]},"properties":{"OBJECTID":433,"Zone":"Zone D","STRCTDPTH":7.0119999999999996,"ELEV_GND":14.75,"ELEV_INV":7.7380000000000004,"LABEL":"D-MH-47","Inastallation_Status":1,"X":405160.83550000004,"Y":2919499.943,"Depth_Class":"7 - 8 m","District":"Al Faisaliyah"}},{"type":"Feature","id":434,"geometry":{"type":"Point","coordinates":[405219.04200000037,2919543.1850000005]},"properties":{"OBJECTID":434,"Zone":"Zone D","STRCTDPTH":7.3250000000000002,"ELEV_GND":15.186,"ELEV_INV":7.8609999999999998,"LABEL":"D-MH-48","Inastallation_Status":1,"X":405219.04200000037,"Y":2919543.1850000005,"Depth_Class":"7 - 8 m","District":"Al Faisaliyah"}},{"type":"Feature","id":435,"geometry":{"type":"Point","coordinates":[405281.76300000027,2919588.3910000008]},"properties":{"OBJECTID":435,"Zone":"Zone D","STRCTDPTH":8.2249999999999996,"ELEV_GND":16.218,"ELEV_INV":7.9930000000000003,"LABEL":"D-MH-49","Inastallation_Status":1,"X":405281.76300000027,"Y":2919588.3910000008,"Depth_Class":"8 - 9 m","District":"Al Faisaliyah"}},{"type":"Feature","id":436,"geometry":{"type":"Point","coordinates":[405346.89869999979,2919637.7481999993]},"properties":{"OBJECTID":436,"Zone":"Zone D","STRCTDPTH":8.1379999999999999,"ELEV_GND":16.27,"ELEV_INV":8.1319999999999997,"LABEL":"D-MH-50","Inastallation_Status":1,"X":405346.89869999979,"Y":2919637.7481999993,"Depth_Class":"8 - 9 m","District":"Al Faisaliyah"}},{"type":"Feature","id":437,"geometry":{"type":"Point","coordinates":[405406.12249999959,2919682.6256000008]},"properties":{"OBJECTID":437,"Zone":"Zone D","STRCTDPTH":8.0600000000000023,"ELEV_GND":16.318000000000001,"ELEV_INV":8.2579999999999991,"LABEL":"D-MH-51","Inastallation_Status":1,"X":405406.12249999959,"Y":2919682.6256000008,"Depth_Class":"8 - 9 m","District":"Al Faisaliyah"}},{"type":"Feature","id":438,"geometry":{"type":"Point","coordinates":[406649.59100000001,2921031.068]},"properties":{"OBJECTID":438,"Zone":"Zone D","STRCTDPTH":4.6160000000000014,"ELEV_GND":16.274000000000001,"ELEV_INV":11.657999999999999,"LABEL":"D-MH-52","Inastallation_Status":1,"X":406649.59100000001,"Y":2921031.068,"Depth_Class":"4 - 5 m","District":"Al Faisaliyah"}},{"type":"Feature","id":439,"geometry":{"type":"Point","coordinates":[406572.73000000045,2920986.4580000006]},"properties":{"OBJECTID":439,"Zone":"Zone D","STRCTDPTH":4.6810000000000009,"ELEV_GND":16.419,"ELEV_INV":11.738,"LABEL":"D-MH-53","Inastallation_Status":1,"X":406572.73000000045,"Y":2920986.4580000006,"Depth_Class":"4 - 5 m","District":"Al Faisaliyah"}},{"type":"Feature","id":440,"geometry":{"type":"Point","coordinates":[406513.06400000025,2920941.7530000005]},"properties":{"OBJECTID":440,"Zone":"Zone D","STRCTDPTH":4.8060000000000009,"ELEV_GND":16.611000000000001,"ELEV_INV":11.805,"LABEL":"D-MH-54","Inastallation_Status":1,"X":406513.06400000025,"Y":2920941.7530000005,"Depth_Class":"4 - 5 m","District":"Al Faisaliyah"}},{"type":"Feature","id":441,"geometry":{"type":"Point","coordinates":[406437.89790000021,2920884.0150000006]},"properties":{"OBJECTID":441,"Zone":"Zone D","STRCTDPTH":5.1819999999999986,"ELEV_GND":17.071999999999999,"ELEV_INV":11.890000000000001,"LABEL":"D-MH-55","Inastallation_Status":1,"X":406437.89790000021,"Y":2920884.0150000006,"Depth_Class":"5 - 6 m","District":"Al Faisaliyah"}},{"type":"Feature","id":442,"geometry":{"type":"Point","coordinates":[406412.02500000037,2920864.1410000008]},"properties":{"OBJECTID":442,"Zone":"Zone D","STRCTDPTH":5.1539999999999999,"ELEV_GND":17.073,"ELEV_INV":11.919,"LABEL":"D-MH-56","Inastallation_Status":1,"X":406412.02500000037,"Y":2920864.1410000008,"Depth_Class":"5 - 6 m","District":"Al Faisaliyah"}},{"type":"Feature","id":443,"geometry":{"type":"Point","coordinates":[406378.85800000001,2920907.2899999991]},"properties":{"OBJECTID":443,"Zone":"Zone D","STRCTDPTH":4.995000000000001,"ELEV_GND":16.963000000000001,"ELEV_INV":11.968,"LABEL":"D-MH-57","Inastallation_Status":1,"X":406378.85800000001,"Y":2920907.2899999991,"Depth_Class":"4 - 5 m","District":"Al Faisaliyah"}},{"type":"Feature","id":444,"geometry":{"type":"Point","coordinates":[406313.8049999997,2920858.841]},"properties":{"OBJECTID":444,"Zone":"Zone D","STRCTDPTH":3.6790000000000003,"ELEV_GND":15.720000000000001,"ELEV_INV":12.041,"LABEL":"D-MH-58","Inastallation_Status":1,"X":406313.8049999997,"Y":2920858.841,"Depth_Class":"3 - 4 m","District":"Al Faisaliyah"}},{"type":"Feature","id":445,"geometry":{"type":"Point","coordinates":[406254.03699999955,2920813.318]},"properties":{"OBJECTID":445,"Zone":"Zone D","STRCTDPTH":3.4879999999999995,"ELEV_GND":15.597,"ELEV_INV":12.109,"LABEL":"D-MH-59","Inastallation_Status":1,"X":406254.03699999955,"Y":2920813.318,"Depth_Class":"3 - 4 m","District":"Al Faisaliyah"}},{"type":"Feature","id":446,"geometry":{"type":"Point","coordinates":[406183.18599999975,2920759.8139999993]},"properties":{"OBJECTID":446,"Zone":"Zone D","STRCTDPTH":3.2240000000000002,"ELEV_GND":15.413,"ELEV_INV":12.189,"LABEL":"D-MH-60","Inastallation_Status":1,"X":406183.18599999975,"Y":2920759.8139999993,"Depth_Class":"3 - 4 m","District":"Al Faisaliyah"}},{"type":"Feature","id":447,"geometry":{"type":"Point","coordinates":[406115.83409999963,2920708.4655000009]},"properties":{"OBJECTID":447,"Zone":"Zone D","STRCTDPTH":3.1399999999999988,"ELEV_GND":15.404999999999999,"ELEV_INV":12.265000000000001,"LABEL":"D-MH-61","Inastallation_Status":2,"X":406115.83409999963,"Y":2920708.4655000009,"Depth_Class":"3 - 4 m","District":"Al Faisaliyah"}},{"type":"Feature","id":448,"geometry":{"type":"Point","coordinates":[406159.65110000037,2920651.9571000002]},"properties":{"OBJECTID":448,"Zone":"Zone D","STRCTDPTH":3.0869999999999997,"ELEV_GND":15.536,"ELEV_INV":12.449,"LABEL":"D-MH-62","Inastallation_Status":2,"X":406159.65110000037,"Y":2920651.9571000002,"Depth_Class":"3 - 4 m","District":"Al Faisaliyah"}},{"type":"Feature","id":449,"geometry":{"type":"Point","coordinates":[406214.88009999972,2920579.2712999992]},"properties":{"OBJECTID":449,"Zone":"Zone D","STRCTDPTH":3.1270000000000007,"ELEV_GND":15.691000000000001,"ELEV_INV":12.564,"LABEL":"D-MH-63","Inastallation_Status":2,"X":406214.88009999972,"Y":2920579.2712999992,"Depth_Class":"3 - 4 m","District":"Al Faisaliyah"}},{"type":"Feature","id":450,"geometry":{"type":"Point","coordinates":[406271.02909999993,2920505.5711000003]},"properties":{"OBJECTID":450,"Zone":"Zone D","STRCTDPTH":3.2270000000000003,"ELEV_GND":15.906000000000001,"ELEV_INV":12.679,"LABEL":"D-MH-64","Inastallation_Status":2,"X":406271.02909999993,"Y":2920505.5711000003,"Depth_Class":"3 - 4 m","District":"Al Faisaliyah"}},{"type":"Feature","id":451,"geometry":{"type":"Point","coordinates":[406328.29409999959,2920427.8311000001]},"properties":{"OBJECTID":451,"Zone":"Zone D","STRCTDPTH":3.2789999999999999,"ELEV_GND":16.07,"ELEV_INV":12.791,"LABEL":"D-MH-65","Inastallation_Status":2,"X":406328.29409999959,"Y":2920427.8311000001,"Depth_Class":"3 - 4 m","District":"Al Faisaliyah"}},{"type":"Feature","id":452,"geometry":{"type":"Point","coordinates":[406364.15510000009,2920380.6171000004]},"properties":{"OBJECTID":452,"Zone":"Zone D","STRCTDPTH":3.298,"ELEV_GND":16.169,"ELEV_INV":12.871,"LABEL":"D-MH-66","Inastallation_Status":2,"X":406364.15510000009,"Y":2920380.6171000004,"Depth_Class":"3 - 4 m","District":"Al Faisaliyah"}},{"type":"Feature","id":453,"geometry":{"type":"Point","coordinates":[406395.61309999973,2920339.2211000007]},"properties":{"OBJECTID":453,"Zone":"Zone D","STRCTDPTH":3.2430000000000003,"ELEV_GND":16.358000000000001,"ELEV_INV":13.115,"LABEL":"D-MH-67","Inastallation_Status":2,"X":406395.61309999973,"Y":2920339.2211000007,"Depth_Class":"3 - 4 m","District":"Al Faisaliyah"}},{"type":"Feature","id":454,"geometry":{"type":"Point","coordinates":[406451.61409999989,2920266.2971000001]},"properties":{"OBJECTID":454,"Zone":"Zone D","STRCTDPTH":3.1929999999999996,"ELEV_GND":16.562999999999999,"ELEV_INV":13.369999999999999,"LABEL":"D-MH-68","Inastallation_Status":2,"X":406451.61409999989,"Y":2920266.2971000001,"Depth_Class":"3 - 4 m","District":"Al Faisaliyah"}},{"type":"Feature","id":455,"geometry":{"type":"Point","coordinates":[406506.80399999954,2920195.3870000001]},"properties":{"OBJECTID":455,"Zone":"Zone D","STRCTDPTH":3.0479999999999983,"ELEV_GND":16.658999999999999,"ELEV_INV":13.611000000000001,"LABEL":"D-MH-69","Inastallation_Status":1,"X":406506.80399999954,"Y":2920195.3870000001,"Depth_Class":"3 - 4 m","District":"Al Faisaliyah"}},{"type":"Feature","id":456,"geometry":{"type":"Point","coordinates":[406562.81900000013,2920121.7039999999]},"properties":{"OBJECTID":456,"Zone":"Zone D","STRCTDPTH":2.9409999999999989,"ELEV_GND":16.806999999999999,"ELEV_INV":13.866,"LABEL":"D-MH-70","Inastallation_Status":1,"X":406562.81900000013,"Y":2920121.7039999999,"Depth_Class":"2 - 3 m","District":"Al Faisaliyah"}},{"type":"Feature","id":457,"geometry":{"type":"Point","coordinates":[406612.87100000028,2920055.9969999995]},"properties":{"OBJECTID":457,"Zone":"Zone D","STRCTDPTH":2.907,"ELEV_GND":17,"ELEV_INV":14.093,"LABEL":"D-MH-71","Inastallation_Status":1,"X":406612.87100000028,"Y":2920055.9969999995,"Depth_Class":"2 - 3 m","District":"Al Faisaliyah"}},{"type":"Feature","id":458,"geometry":{"type":"Point","coordinates":[406657.69699999969,2919996.9560000002]},"properties":{"OBJECTID":458,"Zone":"Zone D","STRCTDPTH":2.7850000000000001,"ELEV_GND":17.114000000000001,"ELEV_INV":14.329000000000001,"LABEL":"D-MH-72","Inastallation_Status":1,"X":406657.69699999969,"Y":2919996.9560000002,"Depth_Class":"2 - 3 m","District":"Al Faisaliyah"}},{"type":"Feature","id":459,"geometry":{"type":"Point","coordinates":[406720.66500000004,2919914.1689999998]},"properties":{"OBJECTID":459,"Zone":"Zone D","STRCTDPTH":2.7239999999999984,"ELEV_GND":17.364999999999998,"ELEV_INV":14.641,"LABEL":"D-MH-73","Inastallation_Status":1,"X":406720.66500000004,"Y":2919914.1689999998,"Depth_Class":"2 - 3 m","District":"Al Faisaliyah"}},{"type":"Feature","id":460,"geometry":{"type":"Point","coordinates":[406782.94799999986,2919832.1300000008]},"properties":{"OBJECTID":460,"Zone":"Zone D","STRCTDPTH":2.5590000000000011,"ELEV_GND":17.509,"ELEV_INV":14.949999999999999,"LABEL":"D-MH-74","Inastallation_Status":1,"X":406782.94799999986,"Y":2919832.1300000008,"Depth_Class":"2 - 3 m","District":"Al Faisaliyah"}},{"type":"Feature","id":461,"geometry":{"type":"Point","coordinates":[406830.89099999983,2919769.7489999998]},"properties":{"OBJECTID":461,"Zone":"Zone D","STRCTDPTH":2.4959999999999987,"ELEV_GND":17.681999999999999,"ELEV_INV":15.186,"LABEL":"D-MH-75","Inastallation_Status":1,"X":406830.89099999983,"Y":2919769.7489999998,"Depth_Class":"2 - 3 m","District":"Al Faisaliyah"}},{"type":"Feature","id":462,"geometry":{"type":"Point","coordinates":[406881.20199999958,2919703.9780000001]},"properties":{"OBJECTID":462,"Zone":"Zone D","STRCTDPTH":2.3559999999999999,"ELEV_GND":17.789999999999999,"ELEV_INV":15.433999999999999,"LABEL":"D-MH-76","Inastallation_Status":1,"X":406881.20199999958,"Y":2919703.9780000001,"Depth_Class":"2 - 3 m","District":"Al Faisaliyah"}},{"type":"Feature","id":463,"geometry":{"type":"Point","coordinates":[406931.39400000032,2919638.0690000001]},"properties":{"OBJECTID":463,"Zone":"Zone D","STRCTDPTH":2.802999999999999,"ELEV_GND":18.396999999999998,"ELEV_INV":15.593999999999999,"LABEL":"D-MH-77","Inastallation_Status":1,"X":406931.39400000032,"Y":2919638.0690000001,"Depth_Class":"2 - 3 m","District":"Al Faisaliyah"}},{"type":"Feature","id":464,"geometry":{"type":"Point","coordinates":[406995.94600000046,2919553.0079999994]},"properties":{"OBJECTID":464,"Zone":"Zone D","STRCTDPTH":3.8719999999999999,"ELEV_GND":19.68,"ELEV_INV":15.808,"LABEL":"D-MH-78","Inastallation_Status":1,"X":406995.94600000046,"Y":2919553.0079999994,"Depth_Class":"3 - 4 m","District":"Al Faisaliyah"}},{"type":"Feature","id":465,"geometry":{"type":"Point","coordinates":[407059.91199999955,2919468.9169999994]},"properties":{"OBJECTID":465,"Zone":"Zone D","STRCTDPTH":5.0300000000000011,"ELEV_GND":21.048999999999999,"ELEV_INV":16.018999999999998,"LABEL":"D-MH-79","Inastallation_Status":1,"X":407059.91199999955,"Y":2919468.9169999994,"Depth_Class":"5 - 6 m","District":"Al Faisaliyah"}},{"type":"Feature","id":466,"geometry":{"type":"Point","coordinates":[407103.74500000011,2919412.4020000007]},"properties":{"OBJECTID":466,"Zone":"Zone D","STRCTDPTH":5.9000000000000021,"ELEV_GND":22.062000000000001,"ELEV_INV":16.161999999999999,"LABEL":"D-MH-80","Inastallation_Status":1,"X":407103.74500000011,"Y":2919412.4020000007,"Depth_Class":"5 - 6 m","District":"Al Faisaliyah"}},{"type":"Feature","id":467,"geometry":{"type":"Point","coordinates":[407016.50200000033,2919345.807]},"properties":{"OBJECTID":467,"Zone":"Zone D","STRCTDPTH":5.7040000000000006,"ELEV_GND":22.238,"ELEV_INV":16.533999999999999,"LABEL":"D-MH-81","Inastallation_Status":1,"X":407016.50200000033,"Y":2919345.807,"Depth_Class":"5 - 6 m","District":"Al Faisaliyah"}},{"type":"Feature","id":468,"geometry":{"type":"Point","coordinates":[406928.67200000025,2919278.6359999999]},"properties":{"OBJECTID":468,"Zone":"Zone D","STRCTDPTH":5.7660000000000018,"ELEV_GND":22.576000000000001,"ELEV_INV":16.809999999999999,"LABEL":"D-MH-82","Inastallation_Status":1,"X":406928.67200000025,"Y":2919278.6359999999,"Depth_Class":"5 - 6 m","District":"Al Faisaliyah"}},{"type":"Feature","id":469,"geometry":{"type":"Point","coordinates":[406937.34009999968,2919253.6450999994]},"properties":{"OBJECTID":469,"Zone":"Zone D","STRCTDPTH":2.0950000000000024,"ELEV_GND":22.609000000000002,"ELEV_INV":20.513999999999999,"LABEL":"D-MH-83","Inastallation_Status":2,"X":406937.34009999968,"Y":2919253.6450999994,"Depth_Class":"2 - 3 m","District":"Al Faisaliyah"}},{"type":"Feature","id":470,"geometry":{"type":"Point","coordinates":[406972.04910000041,2919212.3410999998]},"properties":{"OBJECTID":470,"Zone":"Zone D","STRCTDPTH":2.5960000000000001,"ELEV_GND":23.190999999999999,"ELEV_INV":20.594999999999999,"LABEL":"D-MH-84","Inastallation_Status":2,"X":406972.04910000041,"Y":2919212.3410999998,"Depth_Class":"2 - 3 m","District":"Al Faisaliyah"}},{"type":"Feature","id":471,"geometry":{"type":"Point","coordinates":[407033.64609999955,2919132.1531000007]},"properties":{"OBJECTID":471,"Zone":"Zone D","STRCTDPTH":3.3530000000000015,"ELEV_GND":24.099,"ELEV_INV":20.745999999999999,"LABEL":"D-MH-85","Inastallation_Status":2,"X":407033.64609999955,"Y":2919132.1531000007,"Depth_Class":"3 - 4 m","District":"Al Faisaliyah"}},{"type":"Feature","id":472,"geometry":{"type":"Point","coordinates":[407094.28710000031,2919052.3021000009]},"properties":{"OBJECTID":472,"Zone":"Zone D","STRCTDPTH":2.9609999999999985,"ELEV_GND":25.113,"ELEV_INV":22.152000000000001,"LABEL":"D-MH-86","Inastallation_Status":2,"X":407094.28710000031,"Y":2919052.3021000009,"Depth_Class":"2 - 3 m","District":"Al Faisaliyah"}},{"type":"Feature","id":473,"geometry":{"type":"Point","coordinates":[407155.14410000015,2918972.5420999993]},"properties":{"OBJECTID":473,"Zone":"Zone D","STRCTDPTH":3.1280000000000001,"ELEV_GND":26.303999999999998,"ELEV_INV":23.175999999999998,"LABEL":"D-MH-87","Inastallation_Status":2,"X":407155.14410000015,"Y":2918972.5420999993,"Depth_Class":"3 - 4 m","District":"Al Faisaliyah"}},{"type":"Feature","id":474,"geometry":{"type":"Point","coordinates":[407207.14910000004,2918903.8270999994]},"properties":{"OBJECTID":474,"Zone":"Zone D","STRCTDPTH":3.1239999999999988,"ELEV_GND":27.273,"ELEV_INV":24.149000000000001,"LABEL":"D-MH-88","Inastallation_Status":2,"X":407207.14910000004,"Y":2918903.8270999994,"Depth_Class":"3 - 4 m","District":"Al Faisaliyah"}},{"type":"Feature","id":475,"geometry":{"type":"Point","coordinates":[407205.5120000001,2918871.057]},"properties":{"OBJECTID":475,"Zone":"Zone D","STRCTDPTH":3.3960000000000008,"ELEV_GND":27.603999999999999,"ELEV_INV":24.207999999999998,"LABEL":"D-MH-89","Inastallation_Status":1,"X":407205.5120000001,"Y":2918871.057,"Depth_Class":"3 - 4 m","District":"Al Faisaliyah"}},{"type":"Feature","id":476,"geometry":{"type":"Point","coordinates":[407237.18300000019,2918795.3845000006]},"properties":{"OBJECTID":476,"Zone":"Zone D","STRCTDPTH":5.1189999999999998,"ELEV_GND":29.449999999999999,"ELEV_INV":24.331,"LABEL":"D-MH-90","Inastallation_Status":1,"X":407237.18300000019,"Y":2918795.3845000006,"Depth_Class":"5 - 6 m","District":"Al Faisaliyah"}},{"type":"Feature","id":477,"geometry":{"type":"Point","coordinates":[407268.85400000028,2918719.7119999994]},"properties":{"OBJECTID":477,"Zone":"Zone D","STRCTDPTH":5.6559999999999988,"ELEV_GND":30.109999999999999,"ELEV_INV":24.454000000000001,"LABEL":"D-MH-91","Inastallation_Status":1,"X":407268.85400000028,"Y":2918719.7119999994,"Depth_Class":"5 - 6 m","District":"Al Faisaliyah"}},{"type":"Feature","id":478,"geometry":{"type":"Point","coordinates":[407292.43300000019,2918665.9240000006]},"properties":{"OBJECTID":478,"Zone":"Zone D","STRCTDPTH":5.6929999999999978,"ELEV_GND":30.234999999999999,"ELEV_INV":24.542000000000002,"LABEL":"D-MH-92","Inastallation_Status":1,"X":407292.43300000019,"Y":2918665.9240000006,"Depth_Class":"5 - 6 m","District":"Al Faisaliyah"}},{"type":"Feature","id":479,"geometry":{"type":"Point","coordinates":[407328.99289999995,2918617.7910999991]},"properties":{"OBJECTID":479,"Zone":"Zone D","STRCTDPTH":6.296999999999997,"ELEV_GND":30.928999999999998,"ELEV_INV":24.632000000000001,"LABEL":"D-MH-93","Inastallation_Status":1,"X":407328.99289999995,"Y":2918617.7910999991,"Depth_Class":"6 - 7 m","District":"Al Faisaliyah"}},{"type":"Feature","id":480,"geometry":{"type":"Point","coordinates":[407388.81300000008,2918539.0350000001]},"properties":{"OBJECTID":480,"Zone":"Zone D","STRCTDPTH":7.0470000000000006,"ELEV_GND":31.827999999999999,"ELEV_INV":24.780999999999999,"LABEL":"D-MH-94","Inastallation_Status":1,"X":407388.81300000008,"Y":2918539.0350000001,"Depth_Class":"7 - 8 m","District":"Al Faisaliyah"}},{"type":"Feature","id":481,"geometry":{"type":"Point","coordinates":[407437.35699999984,2918471.7300000004]},"properties":{"OBJECTID":481,"Zone":"Zone D","STRCTDPTH":4.9399999999999977,"ELEV_GND":29.844999999999999,"ELEV_INV":24.905000000000001,"LABEL":"D-MH-95","Inastallation_Status":1,"X":407437.35699999984,"Y":2918471.7300000004,"Depth_Class":"4 - 5 m","District":"Al Faisaliyah"}},{"type":"Feature","id":482,"geometry":{"type":"Point","coordinates":[407499.62050000019,2918388.4726999998]},"properties":{"OBJECTID":482,"Zone":"Zone D","STRCTDPTH":2.8249999999999993,"ELEV_GND":27.885999999999999,"ELEV_INV":25.061,"LABEL":"D-MH-96","Inastallation_Status":1,"X":407499.62050000019,"Y":2918388.4726999998,"Depth_Class":"2 - 3 m","District":"Al Faisaliyah"}},{"type":"Feature","id":483,"geometry":{"type":"Point","coordinates":[407388.3602,2918303.6901999991]},"properties":{"OBJECTID":483,"Zone":"Zone D","STRCTDPTH":2.0949999999999989,"ELEV_GND":27.366,"ELEV_INV":25.271000000000001,"LABEL":"D-MH-97","Inastallation_Status":1,"X":407388.3602,"Y":2918303.6901999991,"Depth_Class":"2 - 3 m","District":"Al Faisaliyah"}},{"type":"Feature","id":484,"geometry":{"type":"Point","coordinates":[407460.26300000027,2918209.5467000008]},"properties":{"OBJECTID":484,"Zone":"Zone D","STRCTDPTH":2.0949999999999989,"ELEV_GND":27.768999999999998,"ELEV_INV":25.673999999999999,"LABEL":"D-MH-98","Inastallation_Status":1,"X":407460.26300000027,"Y":2918209.5467000008,"Depth_Class":"2 - 3 m","District":"Al Nada"}},{"type":"Feature","id":485,"geometry":{"type":"Point","coordinates":[407521.98639999982,2918128.7313999999]},"properties":{"OBJECTID":485,"Zone":"Zone D","STRCTDPTH":2.320999999999998,"ELEV_GND":28.306999999999999,"ELEV_INV":25.986000000000001,"LABEL":"D-MH-99","Inastallation_Status":1,"X":407521.98639999982,"Y":2918128.7313999999,"Depth_Class":"2 - 3 m","District":"Al Nada"}},{"type":"Feature","id":486,"geometry":{"type":"Point","coordinates":[406138.78500000015,2922300.7420000006]},"properties":{"OBJECTID":486,"Zone":"Zone E","STRCTDPTH":5.7700000000000005,"ELEV_GND":10.387,"ELEV_INV":4.617,"LABEL":"E-MH-100","Inastallation_Status":1,"X":406138.78500000015,"Y":2922300.7420000006,"Depth_Class":"5 - 6 m","District":"Ad Dabab"}},{"type":"Feature","id":487,"geometry":{"type":"Point","coordinates":[406188.91000000015,2922331.4590000007]},"properties":{"OBJECTID":487,"Zone":"Zone E","STRCTDPTH":5.8049999999999997,"ELEV_GND":10.487,"ELEV_INV":4.6820000000000004,"LABEL":"E-MH-101","Inastallation_Status":1,"X":406188.91000000015,"Y":2922331.4590000007,"Depth_Class":"5 - 6 m","District":"Ad Dabab"}},{"type":"Feature","id":488,"geometry":{"type":"Point","coordinates":[406246.66999999993,2922369.4749999996]},"properties":{"OBJECTID":488,"Zone":"Zone E","STRCTDPTH":5.7000000000000002,"ELEV_GND":10.458,"ELEV_INV":4.758,"LABEL":"E-MH-102","Inastallation_Status":1,"X":406246.66999999993,"Y":2922369.4749999996,"Depth_Class":"5 - 6 m","District":"Ad Dabab"}},{"type":"Feature","id":489,"geometry":{"type":"Point","coordinates":[406309.21760000009,2922411.5584999993]},"properties":{"OBJECTID":489,"Zone":"Zone E","STRCTDPTH":5.4790000000000001,"ELEV_GND":10.32,"ELEV_INV":4.8410000000000002,"LABEL":"E-MH-103","Inastallation_Status":1,"X":406309.21760000009,"Y":2922411.5584999993,"Depth_Class":"5 - 6 m","District":"Ad Dabab"}},{"type":"Feature","id":490,"geometry":{"type":"Point","coordinates":[406379.7407999998,2922459.0083000008]},"properties":{"OBJECTID":490,"Zone":"Zone E","STRCTDPTH":5.2950000000000008,"ELEV_GND":10.23,"ELEV_INV":4.9349999999999996,"LABEL":"E-MH-104","Inastallation_Status":1,"X":406379.7407999998,"Y":2922459.0083000008,"Depth_Class":"5 - 6 m","District":"Ad Dabab"}},{"type":"Feature","id":491,"geometry":{"type":"Point","coordinates":[406450.26400000043,2922506.4580000006]},"properties":{"OBJECTID":491,"Zone":"Zone E","STRCTDPTH":5.0990000000000011,"ELEV_GND":10.127000000000001,"ELEV_INV":5.0279999999999996,"LABEL":"E-MH-105","Inastallation_Status":4,"X":406450.26400000043,"Y":2922506.4580000006,"Depth_Class":"5 - 6 m","District":"Ad Dabab"}},{"type":"Feature","id":492,"geometry":{"type":"Point","coordinates":[406507.84999999963,2922544.2835000008]},"properties":{"OBJECTID":492,"Zone":"Zone E","STRCTDPTH":5.0940000000000003,"ELEV_GND":10.198,"ELEV_INV":5.1040000000000001,"LABEL":"E-MH-106","Inastallation_Status":4,"X":406507.84999999963,"Y":2922544.2835000008,"Depth_Class":"5 - 6 m","District":"Al Kadisiyyah"}},{"type":"Feature","id":493,"geometry":{"type":"Point","coordinates":[406565.43599999975,2922582.1089999992]},"properties":{"OBJECTID":493,"Zone":"Zone E","STRCTDPTH":5.0899999999999999,"ELEV_GND":10.27,"ELEV_INV":5.1799999999999997,"LABEL":"E-MH-107","Inastallation_Status":4,"X":406565.43599999975,"Y":2922582.1089999992,"Depth_Class":"5 - 6 m","District":"Al Kadisiyyah"}},{"type":"Feature","id":494,"geometry":{"type":"Point","coordinates":[406601.54499999993,2922607.7420000006]},"properties":{"OBJECTID":494,"Zone":"Zone E","STRCTDPTH":5.0700000000000003,"ELEV_GND":10.298,"ELEV_INV":5.2279999999999998,"LABEL":"E-MH-108","Inastallation_Status":4,"X":406601.54499999993,"Y":2922607.7420000006,"Depth_Class":"5 - 6 m","District":"Al Kadisiyyah"}},{"type":"Feature","id":495,"geometry":{"type":"Point","coordinates":[406649.26900000032,2922533.3699999992]},"properties":{"OBJECTID":495,"Zone":"Zone E","STRCTDPTH":5.6360000000000001,"ELEV_GND":10.962,"ELEV_INV":5.3259999999999996,"LABEL":"E-MH-109","Inastallation_Status":4,"X":406649.26900000032,"Y":2922533.3699999992,"Depth_Class":"5 - 6 m","District":"Al Kadisiyyah"}},{"type":"Feature","id":496,"geometry":{"type":"Point","coordinates":[406691.48500000034,2922470.5350000001]},"properties":{"OBJECTID":496,"Zone":"Zone E","STRCTDPTH":5.5550000000000006,"ELEV_GND":10.964,"ELEV_INV":5.4089999999999998,"LABEL":"E-MH-110","Inastallation_Status":4,"X":406691.48500000034,"Y":2922470.5350000001,"Depth_Class":"5 - 6 m","District":"Al Kadisiyyah"}},{"type":"Feature","id":497,"geometry":{"type":"Point","coordinates":[406732.25700000022,2922407.5649999995]},"properties":{"OBJECTID":497,"Zone":"Zone E","STRCTDPTH":4.4779999999999998,"ELEV_GND":9.9689999999999994,"ELEV_INV":5.4909999999999997,"LABEL":"E-MH-111","Inastallation_Status":4,"X":406732.25700000022,"Y":2922407.5649999995,"Depth_Class":"4 - 5 m","District":"Al Kadisiyyah"}},{"type":"Feature","id":498,"geometry":{"type":"Point","coordinates":[406774.66299999971,2922344.5769999996]},"properties":{"OBJECTID":498,"Zone":"Zone E","STRCTDPTH":4.5780000000000003,"ELEV_GND":10.153,"ELEV_INV":5.5750000000000002,"LABEL":"E-MH-112","Inastallation_Status":4,"X":406774.66299999971,"Y":2922344.5769999996,"Depth_Class":"4 - 5 m","District":"Al Kadisiyyah"}},{"type":"Feature","id":499,"geometry":{"type":"Point","coordinates":[406802.81400000025,2922304.2200000007]},"properties":{"OBJECTID":499,"Zone":"Zone E","STRCTDPTH":4.782,"ELEV_GND":10.411,"ELEV_INV":5.6289999999999996,"LABEL":"E-MH-113","Inastallation_Status":4,"X":406802.81400000025,"Y":2922304.2200000007,"Depth_Class":"4 - 5 m","District":"Al Kadisiyyah"}},{"type":"Feature","id":500,"geometry":{"type":"Point","coordinates":[406850.18030000012,2922232.6444000006]},"properties":{"OBJECTID":500,"Zone":"Zone E","STRCTDPTH":4.8600000000000003,"ELEV_GND":10.583,"ELEV_INV":5.7229999999999999,"LABEL":"E-MH-114","Inastallation_Status":4,"X":406850.18030000012,"Y":2922232.6444000006,"Depth_Class":"4 - 5 m","District":"Al Kadisiyyah"}},{"type":"Feature","id":501,"geometry":{"type":"Point","coordinates":[406897.08910000045,2922161.7602999993]},"properties":{"OBJECTID":501,"Zone":"Zone E","STRCTDPTH":4.9359999999999999,"ELEV_GND":10.753,"ELEV_INV":5.8170000000000002,"LABEL":"E-MH-115","Inastallation_Status":4,"X":406897.08910000045,"Y":2922161.7602999993,"Depth_Class":"4 - 5 m","District":"Al Kadisiyyah"}},{"type":"Feature","id":502,"geometry":{"type":"Point","coordinates":[406943.99789999984,2922090.8761]},"properties":{"OBJECTID":502,"Zone":"Zone E","STRCTDPTH":5.0129999999999999,"ELEV_GND":10.923,"ELEV_INV":5.9100000000000001,"LABEL":"E-MH-116","Inastallation_Status":4,"X":406943.99789999984,"Y":2922090.8761,"Depth_Class":"5 - 6 m","District":"Al Kadisiyyah"}},{"type":"Feature","id":503,"geometry":{"type":"Point","coordinates":[406990.90670000017,2922019.9919000007]},"properties":{"OBJECTID":503,"Zone":"Zone E","STRCTDPTH":5.0899999999999999,"ELEV_GND":11.093999999999999,"ELEV_INV":6.0039999999999996,"LABEL":"E-MH-117","Inastallation_Status":4,"X":406990.90670000017,"Y":2922019.9919000007,"Depth_Class":"5 - 6 m","District":"Al Kadisiyyah"}},{"type":"Feature","id":504,"geometry":{"type":"Point","coordinates":[407037.81549999956,2921949.1077999994]},"properties":{"OBJECTID":504,"Zone":"Zone E","STRCTDPTH":5.1669999999999989,"ELEV_GND":11.263999999999999,"ELEV_INV":6.0970000000000004,"LABEL":"E-MH-118","Inastallation_Status":4,"X":407037.81549999956,"Y":2921949.1077999994,"Depth_Class":"5 - 6 m","District":"Al Kadisiyyah"}},{"type":"Feature","id":505,"geometry":{"type":"Point","coordinates":[407084.72429999989,2921878.2236000001]},"properties":{"OBJECTID":505,"Zone":"Zone E","STRCTDPTH":5.2429999999999994,"ELEV_GND":11.433999999999999,"ELEV_INV":6.1909999999999998,"LABEL":"E-MH-119","Inastallation_Status":4,"X":407084.72429999989,"Y":2921878.2236000001,"Depth_Class":"5 - 6 m","District":"Al Kadisiyyah"}},{"type":"Feature","id":506,"geometry":{"type":"Point","coordinates":[407131.63310000021,2921807.3394000009]},"properties":{"OBJECTID":506,"Zone":"Zone E","STRCTDPTH":5.3199999999999994,"ELEV_GND":11.603999999999999,"ELEV_INV":6.2839999999999998,"LABEL":"E-MH-120","Inastallation_Status":4,"X":407131.63310000021,"Y":2921807.3394000009,"Depth_Class":"5 - 6 m","District":"Al Kadisiyyah"}},{"type":"Feature","id":507,"geometry":{"type":"Point","coordinates":[407178.5418999996,2921736.4552999996]},"properties":{"OBJECTID":507,"Zone":"Zone E","STRCTDPTH":5.395999999999999,"ELEV_GND":11.773999999999999,"ELEV_INV":6.3780000000000001,"LABEL":"E-MH-121","Inastallation_Status":4,"X":407178.5418999996,"Y":2921736.4552999996,"Depth_Class":"5 - 6 m","District":"Al Kadisiyyah"}},{"type":"Feature","id":508,"geometry":{"type":"Point","coordinates":[407225.45069999993,2921665.5711000003]},"properties":{"OBJECTID":508,"Zone":"Zone E","STRCTDPTH":5.4740000000000002,"ELEV_GND":11.945,"ELEV_INV":6.4710000000000001,"LABEL":"E-MH-122","Inastallation_Status":4,"X":407225.45069999993,"Y":2921665.5711000003,"Depth_Class":"5 - 6 m","District":"Al Kadisiyyah"}},{"type":"Feature","id":509,"geometry":{"type":"Point","coordinates":[407248.28120000008,2921631.0717999991]},"properties":{"OBJECTID":509,"Zone":"Zone E","STRCTDPTH":5.5099999999999989,"ELEV_GND":12.026999999999999,"ELEV_INV":6.5170000000000003,"LABEL":"E-MH-123","Inastallation_Status":4,"X":407248.28120000008,"Y":2921631.0717999991,"Depth_Class":"5 - 6 m","District":"Al Kadisiyyah"}},{"type":"Feature","id":510,"geometry":{"type":"Point","coordinates":[407296.6007000003,2921604.1783000007]},"properties":{"OBJECTID":510,"Zone":"ZONE H","STRCTDPTH":5.5219999999999994,"ELEV_GND":12.1,"ELEV_INV":6.5780000000000003,"LABEL":"E-MH-124","Inastallation_Status":4,"X":407296.6007000003,"Y":2921604.1783000007,"Depth_Class":"5 - 6 m","District":"Al Kadisiyyah"}},{"type":"Feature","id":511,"geometry":{"type":"Point","coordinates":[407322.03870000038,2921563.3916999996]},"properties":{"OBJECTID":511,"Zone":"ZONE H","STRCTDPTH":5.5659999999999989,"ELEV_GND":12.196999999999999,"ELEV_INV":6.6310000000000002,"LABEL":"E-MH-125","Inastallation_Status":4,"X":407322.03870000038,"Y":2921563.3916999996,"Depth_Class":"5 - 6 m","District":"Al Rawda"}},{"type":"Feature","id":512,"geometry":{"type":"Point","coordinates":[407315.88040000014,2921519.1497000009]},"properties":{"OBJECTID":512,"Zone":"Zone E","STRCTDPTH":5.6150000000000002,"ELEV_GND":12.295,"ELEV_INV":6.6799999999999997,"LABEL":"E-MH-126","Inastallation_Status":4,"X":407315.88040000014,"Y":2921519.1497000009,"Depth_Class":"5 - 6 m","District":"Al Rawda"}},{"type":"Feature","id":513,"geometry":{"type":"Point","coordinates":[407354.73139999993,2921430.5833999999]},"properties":{"OBJECTID":513,"Zone":"Zone E","STRCTDPTH":5.7160000000000011,"ELEV_GND":12.502000000000001,"ELEV_INV":6.7859999999999996,"LABEL":"E-MH-127","Inastallation_Status":4,"X":407354.73139999993,"Y":2921430.5833999999,"Depth_Class":"5 - 6 m","District":"Al Rawda"}},{"type":"Feature","id":514,"geometry":{"type":"Point","coordinates":[407384.86000000034,2921361.9010000005]},"properties":{"OBJECTID":514,"Zone":"Zone E","STRCTDPTH":5.5640000000000001,"ELEV_GND":12.433,"ELEV_INV":6.8689999999999998,"LABEL":"E-MH-128","Inastallation_Status":4,"X":407384.86000000034,"Y":2921361.9010000005,"Depth_Class":"5 - 6 m","District":"Al Rawda"}},{"type":"Feature","id":515,"geometry":{"type":"Point","coordinates":[407413.90099999961,2921295.6980000008]},"properties":{"OBJECTID":515,"Zone":"Zone E","STRCTDPTH":5.1419999999999995,"ELEV_GND":12.09,"ELEV_INV":6.9480000000000004,"LABEL":"E-MH-129","Inastallation_Status":4,"X":407413.90099999961,"Y":2921295.6980000008,"Depth_Class":"5 - 6 m","District":"Al Rawda"}},{"type":"Feature","id":516,"geometry":{"type":"Point","coordinates":[407439.15799999982,2921241.6170000006]},"properties":{"OBJECTID":516,"Zone":"Zone E","STRCTDPTH":5.2559999999999993,"ELEV_GND":12.27,"ELEV_INV":7.0140000000000002,"LABEL":"E-MH-130","Inastallation_Status":4,"X":407439.15799999982,"Y":2921241.6170000006,"Depth_Class":"5 - 6 m","District":"Al Rawda"}},{"type":"Feature","id":517,"geometry":{"type":"Point","coordinates":[407446.92800000031,2921225.9759999998]},"properties":{"OBJECTID":517,"Zone":"Zone E","STRCTDPTH":5.2160000000000002,"ELEV_GND":12.249000000000001,"ELEV_INV":7.0330000000000004,"LABEL":"E-MH-131","Inastallation_Status":4,"X":407446.92800000031,"Y":2921225.9759999998,"Depth_Class":"5 - 6 m","District":"Al Rawda"}},{"type":"Feature","id":518,"geometry":{"type":"Point","coordinates":[407519.51599999983,2921257.7410000004]},"properties":{"OBJECTID":518,"Zone":"Zone E","STRCTDPTH":5.3040000000000003,"ELEV_GND":12.416,"ELEV_INV":7.1120000000000001,"LABEL":"E-MH-132","Inastallation_Status":4,"X":407519.51599999983,"Y":2921257.7410000004,"Depth_Class":"5 - 6 m","District":"Al Rawda"}},{"type":"Feature","id":519,"geometry":{"type":"Point","coordinates":[407548.14800000004,2921273.2789999992]},"properties":{"OBJECTID":519,"Zone":"Zone E","STRCTDPTH":5.048,"ELEV_GND":12.193,"ELEV_INV":7.1449999999999996,"LABEL":"E-MH-133","Inastallation_Status":4,"X":407548.14800000004,"Y":2921273.2789999992,"Depth_Class":"5 - 6 m","District":"Al Rawda"}},{"type":"Feature","id":520,"geometry":{"type":"Point","coordinates":[407631.15899999999,2921318.2210000008]},"properties":{"OBJECTID":520,"Zone":"Zone E","STRCTDPTH":3.7440000000000007,"ELEV_GND":10.983000000000001,"ELEV_INV":7.2389999999999999,"LABEL":"E-MH-134","Inastallation_Status":4,"X":407631.15899999999,"Y":2921318.2210000008,"Depth_Class":"3 - 4 m","District":"Al Rawda"}},{"type":"Feature","id":521,"geometry":{"type":"Point","coordinates":[407662.4589999998,2921262.2609999999]},"properties":{"OBJECTID":521,"Zone":"Zone E","STRCTDPTH":3.7120000000000006,"ELEV_GND":11.015000000000001,"ELEV_INV":7.3029999999999999,"LABEL":"E-MH-135","Inastallation_Status":4,"X":407662.4589999998,"Y":2921262.2609999999,"Depth_Class":"3 - 4 m","District":"Al Rawda"}},{"type":"Feature","id":522,"geometry":{"type":"Point","coordinates":[407683.29999999981,2921224.6420000009]},"properties":{"OBJECTID":522,"Zone":"Zone E","STRCTDPTH":3.8550000000000004,"ELEV_GND":11.201000000000001,"ELEV_INV":7.3460000000000001,"LABEL":"E-MH-136","Inastallation_Status":4,"X":407683.29999999981,"Y":2921224.6420000009,"Depth_Class":"3 - 4 m","District":"Al Rawda"}},{"type":"Feature","id":523,"geometry":{"type":"Point","coordinates":[407697.74870000035,2921198.5252999999]},"properties":{"OBJECTID":523,"Zone":"Zone E","STRCTDPTH":3.9259999999999993,"ELEV_GND":11.302,"ELEV_INV":7.3760000000000003,"LABEL":"E-MH-137","Inastallation_Status":4,"X":407697.74870000035,"Y":2921198.5252999999,"Depth_Class":"3 - 4 m","District":"Al Rawda"}},{"type":"Feature","id":524,"geometry":{"type":"Point","coordinates":[407709.87799999956,2921176.6009999998]},"properties":{"OBJECTID":524,"Zone":"Zone E","STRCTDPTH":3.9860000000000007,"ELEV_GND":11.387,"ELEV_INV":7.4009999999999998,"LABEL":"E-MH-138","Inastallation_Status":4,"X":407709.87799999956,"Y":2921176.6009999998,"Depth_Class":"3 - 4 m","District":"Al Rawda"}},{"type":"Feature","id":525,"geometry":{"type":"Point","coordinates":[407764.11699999962,2921083.5830000006]},"properties":{"OBJECTID":525,"Zone":"Zone E","STRCTDPTH":4.4249999999999989,"ELEV_GND":11.933999999999999,"ELEV_INV":7.5090000000000003,"LABEL":"E-MH-139","Inastallation_Status":4,"X":407764.11699999962,"Y":2921083.5830000006,"Depth_Class":"4 - 5 m","District":"Al Rawda"}},{"type":"Feature","id":526,"geometry":{"type":"Point","coordinates":[407795.90899999999,2921025.4079999998]},"properties":{"OBJECTID":526,"Zone":"Zone E","STRCTDPTH":3.2380000000000013,"ELEV_GND":13.210000000000001,"ELEV_INV":9.9719999999999995,"LABEL":"E-MH-139-1","Inastallation_Status":4,"X":407795.90899999999,"Y":2921025.4079999998,"Depth_Class":"3 - 4 m","District":"Al Rawda"}},{"type":"Feature","id":527,"geometry":{"type":"Point","coordinates":[407876.2929999996,2920698.6349999998]},"properties":{"OBJECTID":527,"Zone":"Zone E","STRCTDPTH":2.4730000000000008,"ELEV_GND":17.312000000000001,"ELEV_INV":14.839,"LABEL":"E-MH-139-10","Inastallation_Status":4,"X":407876.2929999996,"Y":2920698.6349999998,"Depth_Class":"2 - 3 m","District":"Al Rawda"}},{"type":"Feature","id":528,"geometry":{"type":"Point","coordinates":[407837.84399999958,2920677.4220000003]},"properties":{"OBJECTID":528,"Zone":"Zone E","STRCTDPTH":1.9469999999999992,"ELEV_GND":16.873999999999999,"ELEV_INV":14.927,"LABEL":"E-MH-139-11","Inastallation_Status":4,"X":407837.84399999958,"Y":2920677.4220000003,"Depth_Class":"1 - 2 m","District":"Al Rawda"}},{"type":"Feature","id":529,"geometry":{"type":"Point","coordinates":[407880.19699999969,2920614.7540000007]},"properties":{"OBJECTID":529,"Zone":"Zone E","STRCTDPTH":1.9139999999999979,"ELEV_GND":17.059999999999999,"ELEV_INV":15.146000000000001,"LABEL":"E-MH-139-12","Inastallation_Status":4,"X":407880.19699999969,"Y":2920614.7540000007,"Depth_Class":"1 - 2 m","District":"Al Rawda"}},{"type":"Feature","id":530,"geometry":{"type":"Point","coordinates":[407924.31199999992,2920547.6530000009]},"properties":{"OBJECTID":530,"Zone":"Zone E","STRCTDPTH":2.1589999999999989,"ELEV_GND":17.501999999999999,"ELEV_INV":15.343,"LABEL":"E-MH-139-13","Inastallation_Status":4,"X":407924.31199999992,"Y":2920547.6530000009,"Depth_Class":"2 - 3 m","District":"Al Rawda"}},{"type":"Feature","id":531,"geometry":{"type":"Point","coordinates":[407955.48300000001,2920501.477]},"properties":{"OBJECTID":531,"Zone":"Zone E","STRCTDPTH":2.3320000000000007,"ELEV_GND":17.800000000000001,"ELEV_INV":15.468,"LABEL":"E-MH-139-14","Inastallation_Status":4,"X":407955.48300000001,"Y":2920501.477,"Depth_Class":"2 - 3 m","District":"Al Rawda"}},{"type":"Feature","id":532,"geometry":{"type":"Point","coordinates":[407988.91199999955,2920451.9839999992]},"properties":{"OBJECTID":532,"Zone":"Zone E","STRCTDPTH":2.5690000000000008,"ELEV_GND":18.172000000000001,"ELEV_INV":15.603,"LABEL":"E-MH-139-15","Inastallation_Status":4,"X":407988.91199999955,"Y":2920451.9839999992,"Depth_Class":"2 - 3 m","District":"Al Rawda"}},{"type":"Feature","id":533,"geometry":{"type":"Point","coordinates":[408026.45600000024,2920395.7559999991]},"properties":{"OBJECTID":533,"Zone":"Zone E","STRCTDPTH":3.2370000000000001,"ELEV_GND":18.992000000000001,"ELEV_INV":15.755000000000001,"LABEL":"E-MH-139-16","Inastallation_Status":4,"X":408026.45600000024,"Y":2920395.7559999991,"Depth_Class":"3 - 4 m","District":"Al Rawda"}},{"type":"Feature","id":534,"geometry":{"type":"Point","coordinates":[408070.27300000004,2920329.0250000004]},"properties":{"OBJECTID":534,"Zone":"Zone E","STRCTDPTH":2.6340000000000003,"ELEV_GND":19.908000000000001,"ELEV_INV":17.274000000000001,"LABEL":"E-MH-139-17","Inastallation_Status":4,"X":408070.27300000004,"Y":2920329.0250000004,"Depth_Class":"2 - 3 m","District":"Al Rawda"}},{"type":"Feature","id":535,"geometry":{"type":"Point","coordinates":[408112.82400000002,2920265.9470000006]},"properties":{"OBJECTID":535,"Zone":"Zone E","STRCTDPTH":1.8979999999999997,"ELEV_GND":20.056000000000001,"ELEV_INV":18.158000000000001,"LABEL":"E-MH-139-18","Inastallation_Status":4,"X":408112.82400000002,"Y":2920265.9470000006,"Depth_Class":"1 - 2 m","District":"Al Rawda"}},{"type":"Feature","id":536,"geometry":{"type":"Point","coordinates":[408090.79700000025,2920251.0360000003]},"properties":{"OBJECTID":536,"Zone":"Zone E","STRCTDPTH":1.8949999999999996,"ELEV_GND":20.138999999999999,"ELEV_INV":18.244,"LABEL":"E-MH-139-19","Inastallation_Status":4,"X":408090.79700000025,"Y":2920251.0360000003,"Depth_Class":"1 - 2 m","District":"Al Rawda"}},{"type":"Feature","id":537,"geometry":{"type":"Point","coordinates":[407828.8049999997,2920966.1449999996]},"properties":{"OBJECTID":537,"Zone":"Zone E","STRCTDPTH":3.3800000000000008,"ELEV_GND":14.631,"ELEV_INV":11.250999999999999,"LABEL":"E-MH-139-2","Inastallation_Status":4,"X":407828.8049999997,"Y":2920966.1449999996,"Depth_Class":"3 - 4 m","District":"Al Rawda"}},{"type":"Feature","id":538,"geometry":{"type":"Point","coordinates":[408012.78500000015,2920215.0639999993]},"properties":{"OBJECTID":538,"Zone":"Zone E","STRCTDPTH":1.8649999999999984,"ELEV_GND":20.282,"ELEV_INV":18.417000000000002,"LABEL":"E-MH-139-20","Inastallation_Status":4,"X":408012.78500000015,"Y":2920215.0639999993,"Depth_Class":"1 - 2 m","District":"Al Rawda"}},{"type":"Feature","id":539,"geometry":{"type":"Point","coordinates":[407934.25499999989,2920179.0739999991]},"properties":{"OBJECTID":539,"Zone":"Zone E","STRCTDPTH":2.3290000000000006,"ELEV_GND":20.919,"ELEV_INV":18.59,"LABEL":"E-MH-139-21","Inastallation_Status":4,"X":407934.25499999989,"Y":2920179.0739999991,"Depth_Class":"2 - 3 m","District":"Al Rawda"}},{"type":"Feature","id":540,"geometry":{"type":"Point","coordinates":[407964.80030000024,2920114.0953000002]},"properties":{"OBJECTID":540,"Zone":"Zone E","STRCTDPTH":2.0019999999999989,"ELEV_GND":21.727,"ELEV_INV":19.725000000000001,"LABEL":"E-MH-139-22","Inastallation_Status":4,"X":407964.80030000024,"Y":2920114.0953000002,"Depth_Class":"2 - 3 m","District":"Al Rawda"}},{"type":"Feature","id":541,"geometry":{"type":"Point","coordinates":[407986.07129999995,2920068.8455999997]},"properties":{"OBJECTID":541,"Zone":"Zone E","STRCTDPTH":2.0019999999999989,"ELEV_GND":22.289999999999999,"ELEV_INV":20.288,"LABEL":"E-MH-139-23","Inastallation_Status":4,"X":407986.07129999995,"Y":2920068.8455999997,"Depth_Class":"2 - 3 m","District":"Al Rawda"}},{"type":"Feature","id":542,"geometry":{"type":"Point","coordinates":[408007.34240000043,2920023.5957999993]},"properties":{"OBJECTID":542,"Zone":"Zone E","STRCTDPTH":2.0030000000000001,"ELEV_GND":22.853000000000002,"ELEV_INV":20.850000000000001,"LABEL":"E-MH-139-24","Inastallation_Status":4,"X":408007.34240000043,"Y":2920023.5957999993,"Depth_Class":"2 - 3 m","District":"Al Rawda"}},{"type":"Feature","id":543,"geometry":{"type":"Point","coordinates":[408026.24000000022,2919982.7561000008]},"properties":{"OBJECTID":543,"Zone":"Zone E","STRCTDPTH":2.0059999999999967,"ELEV_GND":23.361999999999998,"ELEV_INV":21.356000000000002,"LABEL":"E-MH-139-25","Inastallation_Status":4,"X":408026.24000000022,"Y":2919982.7561000008,"Depth_Class":"2 - 3 m","District":"Al Rawda"}},{"type":"Feature","id":544,"geometry":{"type":"Point","coordinates":[408045.13750000019,2919941.9164000005]},"properties":{"OBJECTID":544,"Zone":"Zone E","STRCTDPTH":2.0070000000000014,"ELEV_GND":23.870000000000001,"ELEV_INV":21.863,"LABEL":"E-MH-139-26","Inastallation_Status":4,"X":408045.13750000019,"Y":2919941.9164000005,"Depth_Class":"2 - 3 m","District":"Al Rawda"}},{"type":"Feature","id":545,"geometry":{"type":"Point","coordinates":[408064.03509999998,2919901.0767000001]},"properties":{"OBJECTID":545,"Zone":"Zone E","STRCTDPTH":2.0100000000000016,"ELEV_GND":24.379000000000001,"ELEV_INV":22.369,"LABEL":"E-MH-139-27","Inastallation_Status":4,"X":408064.03509999998,"Y":2919901.0767000001,"Depth_Class":"2 - 3 m","District":"Al Rawda"}},{"type":"Feature","id":546,"geometry":{"type":"Point","coordinates":[408089.64520000014,2919845.6281000003]},"properties":{"OBJECTID":546,"Zone":"Zone E","STRCTDPTH":2.0129999999999981,"ELEV_GND":25.068999999999999,"ELEV_INV":23.056000000000001,"LABEL":"E-MH-139-28","Inastallation_Status":4,"X":408089.64520000014,"Y":2919845.6281000003,"Depth_Class":"2 - 3 m","District":"Al Rawda"}},{"type":"Feature","id":547,"geometry":{"type":"Point","coordinates":[408116.63109999988,2919787.2650000006]},"properties":{"OBJECTID":547,"Zone":"Zone E","STRCTDPTH":2.0169999999999995,"ELEV_GND":25.795999999999999,"ELEV_INV":23.779,"LABEL":"E-MH-139-29","Inastallation_Status":4,"X":408116.63109999988,"Y":2919787.2650000006,"Depth_Class":"2 - 3 m","District":"Al Rawda"}},{"type":"Feature","id":548,"geometry":{"type":"Point","coordinates":[407855.09800000023,2920919.4467999991]},"properties":{"OBJECTID":548,"Zone":"Zone E","STRCTDPTH":2.8559999999999999,"ELEV_GND":15.499000000000001,"ELEV_INV":12.643000000000001,"LABEL":"E-MH-139-3","Inastallation_Status":4,"X":407855.09800000023,"Y":2920919.4467999991,"Depth_Class":"2 - 3 m","District":"Al Rawda"}},{"type":"Feature","id":549,"geometry":{"type":"Point","coordinates":[408139.08440000005,2919738.7048000004]},"properties":{"OBJECTID":549,"Zone":"Zone E","STRCTDPTH":2.0199999999999996,"ELEV_GND":26.401,"ELEV_INV":24.381,"LABEL":"E-MH-139-30","Inastallation_Status":4,"X":408139.08440000005,"Y":2919738.7048000004,"Depth_Class":"2 - 3 m","District":"Al Rawda"}},{"type":"Feature","id":550,"geometry":{"type":"Point","coordinates":[408154.40299999993,2919705.5748999994]},"properties":{"OBJECTID":550,"Zone":"Zone E","STRCTDPTH":1.972999999999999,"ELEV_GND":26.814,"ELEV_INV":24.841000000000001,"LABEL":"E-MH-139-31","Inastallation_Status":4,"X":408154.40299999993,"Y":2919705.5748999994,"Depth_Class":"1 - 2 m","District":"Al Rawda"}},{"type":"Feature","id":551,"geometry":{"type":"Point","coordinates":[408175.72310000006,2919659.4652999993]},"properties":{"OBJECTID":551,"Zone":"Zone E","STRCTDPTH":1.9760000000000026,"ELEV_GND":27.388000000000002,"ELEV_INV":25.411999999999999,"LABEL":"E-MH-139-32","Inastallation_Status":4,"X":408175.72310000006,"Y":2919659.4652999993,"Depth_Class":"1 - 2 m","District":"Al Rawda"}},{"type":"Feature","id":552,"geometry":{"type":"Point","coordinates":[408192.15600000042,2919623.9254999999]},"properties":{"OBJECTID":552,"Zone":"Zone E","STRCTDPTH":1.9769999999999968,"ELEV_GND":27.829999999999998,"ELEV_INV":25.853000000000002,"LABEL":"E-MH-139-33","Inastallation_Status":4,"X":408192.15600000042,"Y":2919623.9254999999,"Depth_Class":"1 - 2 m","District":"Al Rawda"}},{"type":"Feature","id":553,"geometry":{"type":"Point","coordinates":[408213.47609999962,2919577.8158999998]},"properties":{"OBJECTID":553,"Zone":"Zone E","STRCTDPTH":1.9810000000000016,"ELEV_GND":28.405000000000001,"ELEV_INV":26.423999999999999,"LABEL":"E-MH-139-34","Inastallation_Status":4,"X":408213.47609999962,"Y":2919577.8158999998,"Depth_Class":"1 - 2 m","District":"Al Rawda"}},{"type":"Feature","id":554,"geometry":{"type":"Point","coordinates":[408234.46050000004,2919532.4324999992]},"properties":{"OBJECTID":554,"Zone":"Zone E","STRCTDPTH":1.9830000000000005,"ELEV_GND":28.969999999999999,"ELEV_INV":26.986999999999998,"LABEL":"E-MH-139-35","Inastallation_Status":4,"X":408234.46050000004,"Y":2919532.4324999992,"Depth_Class":"1 - 2 m","District":"Al Rawda"}},{"type":"Feature","id":555,"geometry":{"type":"Point","coordinates":[408263.74260000046,2919469.1033999994]},"properties":{"OBJECTID":555,"Zone":"Zone E","STRCTDPTH":1.9870000000000019,"ELEV_GND":29.759,"ELEV_INV":27.771999999999998,"LABEL":"E-MH-139-36","Inastallation_Status":4,"X":408263.74260000046,"Y":2919469.1033999994,"Depth_Class":"1 - 2 m","District":"Al Rawda"}},{"type":"Feature","id":556,"geometry":{"type":"Point","coordinates":[408288.92379999999,2919414.6433000006]},"properties":{"OBJECTID":556,"Zone":"Zone E","STRCTDPTH":1.990000000000002,"ELEV_GND":30.437000000000001,"ELEV_INV":28.446999999999999,"LABEL":"E-MH-139-37","Inastallation_Status":4,"X":408288.92379999999,"Y":2919414.6433000006,"Depth_Class":"1 - 2 m","District":"Al Rawda"}},{"type":"Feature","id":557,"geometry":{"type":"Point","coordinates":[408316.02799999993,2919353.9930000007]},"properties":{"OBJECTID":557,"Zone":"Zone E","STRCTDPTH":2,"ELEV_GND":31.193999999999999,"ELEV_INV":29.193999999999999,"LABEL":"E-MH-139-38","Inastallation_Status":4,"X":408316.02799999993,"Y":2919353.9930000007,"Depth_Class":"2 - 3 m","District":"Al Rawda"}},{"type":"Feature","id":558,"geometry":{"type":"Point","coordinates":[407866.69099999964,2920898.8566999994]},"properties":{"OBJECTID":558,"Zone":"Zone E","STRCTDPTH":2.4309999999999992,"ELEV_GND":15.882,"ELEV_INV":13.451000000000001,"LABEL":"E-MH-139-4","Inastallation_Status":4,"X":407866.69099999964,"Y":2920898.8566999994,"Depth_Class":"2 - 3 m","District":"Al Rawda"}},{"type":"Feature","id":559,"geometry":{"type":"Point","coordinates":[407891.22200000007,2920855.2880000006]},"properties":{"OBJECTID":559,"Zone":"Zone E","STRCTDPTH":2.8919999999999995,"ELEV_GND":16.692,"ELEV_INV":13.800000000000001,"LABEL":"E-MH-139-5","Inastallation_Status":4,"X":407891.22200000007,"Y":2920855.2880000006,"Depth_Class":"2 - 3 m","District":"Al Rawda"}},{"type":"Feature","id":560,"geometry":{"type":"Point","coordinates":[407915.2790000001,2920811.7789999992]},"properties":{"OBJECTID":560,"Zone":"Zone E","STRCTDPTH":3.2939999999999987,"ELEV_GND":17.193999999999999,"ELEV_INV":13.9,"LABEL":"E-MH-139-6","Inastallation_Status":4,"X":407915.2790000001,"Y":2920811.7789999992,"Depth_Class":"3 - 4 m","District":"Al Rawda"}},{"type":"Feature","id":561,"geometry":{"type":"Point","coordinates":[407947.17100000009,2920754.0299999993]},"properties":{"OBJECTID":561,"Zone":"Zone E","STRCTDPTH":4.036999999999999,"ELEV_GND":18.068999999999999,"ELEV_INV":14.032,"LABEL":"E-MH-139-7","Inastallation_Status":4,"X":407947.17100000009,"Y":2920754.0299999993,"Depth_Class":"4 - 5 m","District":"Al Rawda"}},{"type":"Feature","id":562,"geometry":{"type":"Point","coordinates":[407954.55999999959,2920741.1099999994]},"properties":{"OBJECTID":562,"Zone":"Zone E","STRCTDPTH":4.1159999999999997,"ELEV_GND":18.177,"ELEV_INV":14.061,"LABEL":"E-MH-139-8","Inastallation_Status":4,"X":407954.55999999959,"Y":2920741.1099999994,"Depth_Class":"4 - 5 m","District":"Al Rawda"}},{"type":"Feature","id":563,"geometry":{"type":"Point","coordinates":[408025.31199999992,2920780.7899999991]},"properties":{"OBJECTID":563,"Zone":"Zone E","STRCTDPTH":4.4710000000000001,"ELEV_GND":18.802,"ELEV_INV":14.331,"LABEL":"E-MH-139-8-1","Inastallation_Status":4,"X":408025.31199999992,"Y":2920780.7899999991,"Depth_Class":"4 - 5 m","District":"Al Rawda"}},{"type":"Feature","id":564,"geometry":{"type":"Point","coordinates":[408095.27300000004,2920819.5669999998]},"properties":{"OBJECTID":564,"Zone":"Zone E","STRCTDPTH":4.1119999999999983,"ELEV_GND":18.562999999999999,"ELEV_INV":14.451000000000001,"LABEL":"E-MH-139-8-2","Inastallation_Status":4,"X":408095.27300000004,"Y":2920819.5669999998,"Depth_Class":"4 - 5 m","District":"Al Rawda"}},{"type":"Feature","id":565,"geometry":{"type":"Point","coordinates":[408158.0700000003,2920854.1549999993]},"properties":{"OBJECTID":565,"Zone":"Zone E","STRCTDPTH":3.6539999999999999,"ELEV_GND":18.212,"ELEV_INV":14.558,"LABEL":"E-MH-139-8-3","Inastallation_Status":4,"X":408158.0700000003,"Y":2920854.1549999993,"Depth_Class":"3 - 4 m","District":"Al Rawda"}},{"type":"Feature","id":566,"geometry":{"type":"Point","coordinates":[408191.11000000034,2920795.0720000006]},"properties":{"OBJECTID":566,"Zone":"Zone E","STRCTDPTH":3.4499999999999993,"ELEV_GND":18.109999999999999,"ELEV_INV":14.66,"LABEL":"E-MH-139-8-4","Inastallation_Status":4,"X":408191.11000000034,"Y":2920795.0720000006,"Depth_Class":"3 - 4 m","District":"Al Rawda"}},{"type":"Feature","id":567,"geometry":{"type":"Point","coordinates":[407908.63499999978,2920716.5170000009]},"properties":{"OBJECTID":567,"Zone":"Zone E","STRCTDPTH":2.9039999999999999,"ELEV_GND":17.669,"ELEV_INV":14.765000000000001,"LABEL":"E-MH-139-9","Inastallation_Status":4,"X":407908.63499999978,"Y":2920716.5170000009,"Depth_Class":"2 - 3 m","District":"Al Rawda"}},{"type":"Feature","id":568,"geometry":{"type":"Point","coordinates":[407806.81900000013,2921106.4879999999]},"properties":{"OBJECTID":568,"Zone":"Zone E","STRCTDPTH":4.093,"ELEV_GND":12.227,"ELEV_INV":8.1340000000000003,"LABEL":"E-MH-140","Inastallation_Status":4,"X":407806.81900000013,"Y":2921106.4879999999,"Depth_Class":"4 - 5 m","District":"Al Rawda"}},{"type":"Feature","id":569,"geometry":{"type":"Point","coordinates":[407865.12600000016,2921138.7119999994]},"properties":{"OBJECTID":569,"Zone":"Zone E","STRCTDPTH":4.1690000000000005,"ELEV_GND":12.603,"ELEV_INV":8.4339999999999993,"LABEL":"E-MH-141","Inastallation_Status":4,"X":407865.12600000016,"Y":2921138.7119999994,"Depth_Class":"4 - 5 m","District":"Al Rawda"}},{"type":"Feature","id":570,"geometry":{"type":"Point","coordinates":[407900.50399999972,2921157.0409999993]},"properties":{"OBJECTID":570,"Zone":"Zone E","STRCTDPTH":4.0800000000000001,"ELEV_GND":12.693,"ELEV_INV":8.6129999999999995,"LABEL":"E-MH-142","Inastallation_Status":4,"X":407900.50399999972,"Y":2921157.0409999993,"Depth_Class":"4 - 5 m","District":"Al Rawda"}},{"type":"Feature","id":571,"geometry":{"type":"Point","coordinates":[407936.38999999966,2921176.6459999997]},"properties":{"OBJECTID":571,"Zone":"Zone E","STRCTDPTH":3.9089999999999989,"ELEV_GND":12.706,"ELEV_INV":8.7970000000000006,"LABEL":"E-MH-143","Inastallation_Status":4,"X":407936.38999999966,"Y":2921176.6459999997,"Depth_Class":"3 - 4 m","District":"Al Rawda"}},{"type":"Feature","id":572,"geometry":{"type":"Point","coordinates":[407993.98099999968,2921208.4800000004]},"properties":{"OBJECTID":572,"Zone":"Zone E","STRCTDPTH":3.7639999999999993,"ELEV_GND":12.856999999999999,"ELEV_INV":9.093,"LABEL":"E-MH-144","Inastallation_Status":4,"X":407993.98099999968,"Y":2921208.4800000004,"Depth_Class":"3 - 4 m","District":"Al Rawda"}},{"type":"Feature","id":573,"geometry":{"type":"Point","coordinates":[408036.13300000038,2921231.6549999993]},"properties":{"OBJECTID":573,"Zone":"Zone E","STRCTDPTH":3.6209999999999987,"ELEV_GND":12.930999999999999,"ELEV_INV":9.3100000000000005,"LABEL":"E-MH-145","Inastallation_Status":4,"X":408036.13300000038,"Y":2921231.6549999993,"Depth_Class":"3 - 4 m","District":"Al Rawda"}},{"type":"Feature","id":574,"geometry":{"type":"Point","coordinates":[408046.18900000025,2921237.2100000009]},"properties":{"OBJECTID":574,"Zone":"Zone E","STRCTDPTH":3.5909999999999993,"ELEV_GND":12.952,"ELEV_INV":9.3610000000000007,"LABEL":"E-MH-146","Inastallation_Status":4,"X":408046.18900000025,"Y":2921237.2100000009,"Depth_Class":"3 - 4 m","District":"Al Rawda"}},{"type":"Feature","id":575,"geometry":{"type":"Point","coordinates":[408089.21899999958,2921261.0549999997]},"properties":{"OBJECTID":575,"Zone":"Zone E","STRCTDPTH":3.5310000000000006,"ELEV_GND":13.114000000000001,"ELEV_INV":9.5830000000000002,"LABEL":"E-MH-147","Inastallation_Status":4,"X":408089.21899999958,"Y":2921261.0549999997,"Depth_Class":"3 - 4 m","District":"Al Rawda"}},{"type":"Feature","id":576,"geometry":{"type":"Point","coordinates":[408130.06099999975,2921283.6030000001]},"properties":{"OBJECTID":576,"Zone":"Zone E","STRCTDPTH":3.3770000000000007,"ELEV_GND":13.17,"ELEV_INV":9.7929999999999993,"LABEL":"E-MH-148","Inastallation_Status":4,"X":408130.06099999975,"Y":2921283.6030000001,"Depth_Class":"3 - 4 m","District":"Al Rawda"}},{"type":"Feature","id":577,"geometry":{"type":"Point","coordinates":[408181.87399999984,2921312.2310000006]},"properties":{"OBJECTID":577,"Zone":"Zone E","STRCTDPTH":3.2160000000000011,"ELEV_GND":13.275,"ELEV_INV":10.058999999999999,"LABEL":"E-MH-149","Inastallation_Status":4,"X":408181.87399999984,"Y":2921312.2310000006,"Depth_Class":"3 - 4 m","District":"Al Rawda"}},{"type":"Feature","id":578,"geometry":{"type":"Point","coordinates":[408217.92399999965,2921332.0840000007]},"properties":{"OBJECTID":578,"Zone":"Zone E","STRCTDPTH":2.7880000000000003,"ELEV_GND":13.576000000000001,"ELEV_INV":10.788,"LABEL":"E-MH-150","Inastallation_Status":4,"X":408217.92399999965,"Y":2921332.0840000007,"Depth_Class":"2 - 3 m","District":"Al Rawda"}},{"type":"Feature","id":579,"geometry":{"type":"Point","coordinates":[408273.82699999958,2921362.8399999999]},"properties":{"OBJECTID":579,"Zone":"Zone E","STRCTDPTH":3.4990000000000006,"ELEV_GND":14.51,"ELEV_INV":11.010999999999999,"LABEL":"E-MH-151","Inastallation_Status":4,"X":408273.82699999958,"Y":2921362.8399999999,"Depth_Class":"3 - 4 m","District":"Al Rawda"}},{"type":"Feature","id":580,"geometry":{"type":"Point","coordinates":[408321.99129999988,2921387.7785999998]},"properties":{"OBJECTID":580,"Zone":"Zone E","STRCTDPTH":4.0380000000000003,"ELEV_GND":15.239000000000001,"ELEV_INV":11.201000000000001,"LABEL":"E-MH-152","Inastallation_Status":4,"X":408321.99129999988,"Y":2921387.7785999998,"Depth_Class":"4 - 5 m","District":"Al Rawda"}},{"type":"Feature","id":581,"geometry":{"type":"Point","coordinates":[408353.02649999969,2921331.2358999997]},"properties":{"OBJECTID":581,"Zone":"Zone E","STRCTDPTH":3.7599999999999998,"ELEV_GND":15.186,"ELEV_INV":11.426,"LABEL":"E-MH-153","Inastallation_Status":4,"X":408353.02649999969,"Y":2921331.2358999997,"Depth_Class":"3 - 4 m","District":"Al Rawda"}},{"type":"Feature","id":582,"geometry":{"type":"Point","coordinates":[408377.0848000003,2921287.4045000002]},"properties":{"OBJECTID":582,"Zone":"Zone E","STRCTDPTH":3.6199999999999992,"ELEV_GND":15.221,"ELEV_INV":11.601000000000001,"LABEL":"E-MH-154","Inastallation_Status":4,"X":408377.0848000003,"Y":2921287.4045000002,"Depth_Class":"3 - 4 m","District":"Al Rawda"}},{"type":"Feature","id":583,"geometry":{"type":"Point","coordinates":[408401.38360000029,2921243.1347000003]},"properties":{"OBJECTID":583,"Zone":"Zone E","STRCTDPTH":3.5220000000000002,"ELEV_GND":15.300000000000001,"ELEV_INV":11.778,"LABEL":"E-MH-155","Inastallation_Status":4,"X":408401.38360000029,"Y":2921243.1347000003,"Depth_Class":"3 - 4 m","District":"Al Rawda"}},{"type":"Feature","id":584,"geometry":{"type":"Point","coordinates":[408437.95220000017,2921176.5108000003]},"properties":{"OBJECTID":584,"Zone":"Zone E","STRCTDPTH":3.6689999999999987,"ELEV_GND":15.712999999999999,"ELEV_INV":12.044,"LABEL":"E-MH-156","Inastallation_Status":4,"X":408437.95220000017,"Y":2921176.5108000003,"Depth_Class":"3 - 4 m","District":"Al Rawda"}},{"type":"Feature","id":585,"geometry":{"type":"Point","coordinates":[408470.1902999999,2921117.7765999995]},"properties":{"OBJECTID":585,"Zone":"Zone E","STRCTDPTH":3.5240000000000009,"ELEV_GND":15.803000000000001,"ELEV_INV":12.279,"LABEL":"E-MH-157","Inastallation_Status":4,"X":408470.1902999999,"Y":2921117.7765999995,"Depth_Class":"3 - 4 m","District":"Al Rawda"}},{"type":"Feature","id":586,"geometry":{"type":"Point","coordinates":[408502.74120000005,2921058.4726999998]},"properties":{"OBJECTID":586,"Zone":"Zone E","STRCTDPTH":3.3019999999999996,"ELEV_GND":15.817,"ELEV_INV":12.515000000000001,"LABEL":"E-MH-158","Inastallation_Status":4,"X":408502.74120000005,"Y":2921058.4726999998,"Depth_Class":"3 - 4 m","District":"Al Rawda"}},{"type":"Feature","id":587,"geometry":{"type":"Point","coordinates":[408509.71810000017,2921045.7614999991]},"properties":{"OBJECTID":587,"Zone":"Zone E","STRCTDPTH":3.2520000000000007,"ELEV_GND":15.811,"ELEV_INV":12.558999999999999,"LABEL":"E-MH-159","Inastallation_Status":4,"X":408509.71810000017,"Y":2921045.7614999991,"Depth_Class":"3 - 4 m","District":"Al Rawda"}},{"type":"Feature","id":588,"geometry":{"type":"Point","coordinates":[408535.94170000032,2920997.9852000009]},"properties":{"OBJECTID":588,"Zone":"Zone E","STRCTDPTH":3.1310000000000002,"ELEV_GND":16.317,"ELEV_INV":13.186,"LABEL":"E-MH-160","Inastallation_Status":4,"X":408535.94170000032,"Y":2920997.9852000009,"Depth_Class":"3 - 4 m","District":"Al Rawda"}},{"type":"Feature","id":589,"geometry":{"type":"Point","coordinates":[408564.84329999983,2920945.4047999997]},"properties":{"OBJECTID":589,"Zone":"Zone E","STRCTDPTH":2.927999999999999,"ELEV_GND":16.654,"ELEV_INV":13.726000000000001,"LABEL":"E-MH-161","Inastallation_Status":4,"X":408564.84329999983,"Y":2920945.4047999997,"Depth_Class":"2 - 3 m","District":"Al Rawda"}},{"type":"Feature","id":590,"geometry":{"type":"Point","coordinates":[408593.74490000028,2920892.8245000001]},"properties":{"OBJECTID":590,"Zone":"Zone E","STRCTDPTH":2.9079999999999995,"ELEV_GND":17.173999999999999,"ELEV_INV":14.266,"LABEL":"E-MH-162","Inastallation_Status":4,"X":408593.74490000028,"Y":2920892.8245000001,"Depth_Class":"2 - 3 m","District":"Al Rawda"}},{"type":"Feature","id":591,"geometry":{"type":"Point","coordinates":[408622.64659999963,2920840.2441000007]},"properties":{"OBJECTID":591,"Zone":"Zone E","STRCTDPTH":2.913000000000002,"ELEV_GND":17.719000000000001,"ELEV_INV":14.805999999999999,"LABEL":"E-MH-163","Inastallation_Status":4,"X":408622.64659999963,"Y":2920840.2441000007,"Depth_Class":"2 - 3 m","District":"Al Rawda"}},{"type":"Feature","id":592,"geometry":{"type":"Point","coordinates":[408659.70150000043,2920772.8306000009]},"properties":{"OBJECTID":592,"Zone":"Zone E","STRCTDPTH":2.8379999999999992,"ELEV_GND":18.335999999999999,"ELEV_INV":15.497999999999999,"LABEL":"E-MH-164","Inastallation_Status":4,"X":408659.70150000043,"Y":2920772.8306000009,"Depth_Class":"2 - 3 m","District":"Al Rawda"}},{"type":"Feature","id":593,"geometry":{"type":"Point","coordinates":[408684.74949999992,2920727.2609000001]},"properties":{"OBJECTID":593,"Zone":"Zone E","STRCTDPTH":2.863999999999999,"ELEV_GND":18.829999999999998,"ELEV_INV":15.965999999999999,"LABEL":"E-MH-165","Inastallation_Status":4,"X":408684.74949999992,"Y":2920727.2609000001,"Depth_Class":"2 - 3 m","District":"Al Rawda"}},{"type":"Feature","id":594,"geometry":{"type":"Point","coordinates":[408716.54129999969,2920669.4224999994]},"properties":{"OBJECTID":594,"Zone":"Zone E","STRCTDPTH":2.8719999999999999,"ELEV_GND":19.431999999999999,"ELEV_INV":16.559999999999999,"LABEL":"E-MH-166","Inastallation_Status":4,"X":408716.54129999969,"Y":2920669.4224999994,"Depth_Class":"2 - 3 m","District":"Al Rawda"}},{"type":"Feature","id":595,"geometry":{"type":"Point","coordinates":[408757.24450000003,2920595.3717999998]},"properties":{"OBJECTID":595,"Zone":"Zone E","STRCTDPTH":2.9390000000000001,"ELEV_GND":20.260000000000002,"ELEV_INV":17.321000000000002,"LABEL":"E-MH-167","Inastallation_Status":4,"X":408757.24450000003,"Y":2920595.3717999998,"Depth_Class":"2 - 3 m","District":"Al Rawda"}},{"type":"Feature","id":596,"geometry":{"type":"Point","coordinates":[408793.27520000003,2920529.8215999994]},"properties":{"OBJECTID":596,"Zone":"Zone E","STRCTDPTH":2.9139999999999979,"ELEV_GND":20.925999999999998,"ELEV_INV":18.012,"LABEL":"E-MH-168","Inastallation_Status":4,"X":408793.27520000003,"Y":2920529.8215999994,"Depth_Class":"2 - 3 m","District":"Al Rawda"}},{"type":"Feature","id":597,"geometry":{"type":"Point","coordinates":[408823.3328999998,2920475.1380000003]},"properties":{"OBJECTID":597,"Zone":"Zone E","STRCTDPTH":2.8719999999999999,"ELEV_GND":21.462,"ELEV_INV":18.59,"LABEL":"E-MH-169","Inastallation_Status":4,"X":408823.3328999998,"Y":2920475.1380000003,"Depth_Class":"2 - 3 m","District":"Al Rawda"}},{"type":"Feature","id":598,"geometry":{"type":"Point","coordinates":[408851.96949999966,2920423.0395999998]},"properties":{"OBJECTID":598,"Zone":"Zone E","STRCTDPTH":2.9429999999999978,"ELEV_GND":22.082999999999998,"ELEV_INV":19.140000000000001,"LABEL":"E-MH-170","Inastallation_Status":4,"X":408851.96949999966,"Y":2920423.0395999998,"Depth_Class":"2 - 3 m","District":"Al Rawda"}},{"type":"Feature","id":599,"geometry":{"type":"Point","coordinates":[408888.29409999959,2920356.9548000004]},"properties":{"OBJECTID":599,"Zone":"Zone E","STRCTDPTH":2.9430000000000014,"ELEV_GND":22.780000000000001,"ELEV_INV":19.837,"LABEL":"E-MH-171","Inastallation_Status":4,"X":408888.29409999959,"Y":2920356.9548000004,"Depth_Class":"2 - 3 m","District":"Al Rawda"}},{"type":"Feature","id":600,"geometry":{"type":"Point","coordinates":[408919.12249999959,2920300.8691000007]},"properties":{"OBJECTID":600,"Zone":"Zone E","STRCTDPTH":2.8830000000000027,"ELEV_GND":23.312000000000001,"ELEV_INV":20.428999999999998,"LABEL":"E-MH-172","Inastallation_Status":4,"X":408919.12249999959,"Y":2920300.8691000007,"Depth_Class":"2 - 3 m","District":"Al Rawda"}},{"type":"Feature","id":601,"geometry":{"type":"Point","coordinates":[408948.58059999999,2920247.2763]},"properties":{"OBJECTID":601,"Zone":"Zone E","STRCTDPTH":2.9039999999999999,"ELEV_GND":23.899000000000001,"ELEV_INV":20.995000000000001,"LABEL":"E-MH-173","Inastallation_Status":4,"X":408948.58059999999,"Y":2920247.2763,"Depth_Class":"2 - 3 m","District":"Al Rawda"}},{"type":"Feature","id":602,"geometry":{"type":"Point","coordinates":[408985.43020000029,2920180.2363000009]},"properties":{"OBJECTID":602,"Zone":"Zone E","STRCTDPTH":2.9049999999999976,"ELEV_GND":24.626999999999999,"ELEV_INV":21.722000000000001,"LABEL":"E-MH-174","Inastallation_Status":4,"X":408985.43020000029,"Y":2920180.2363000009,"Depth_Class":"2 - 3 m","District":"Al Rawda"}},{"type":"Feature","id":603,"geometry":{"type":"Point","coordinates":[409005.66139999963,2920143.4299999997]},"properties":{"OBJECTID":603,"Zone":"Zone E","STRCTDPTH":2.8910000000000018,"ELEV_GND":25.012,"ELEV_INV":22.120999999999999,"LABEL":"E-MH-175","Inastallation_Status":4,"X":409005.66139999963,"Y":2920143.4299999997,"Depth_Class":"2 - 3 m","District":"Al Rawda"}},{"type":"Feature","id":604,"geometry":{"type":"Point","coordinates":[409028.94180000015,2920101.0760999992]},"properties":{"OBJECTID":604,"Zone":"Zone E","STRCTDPTH":2.9060000000000024,"ELEV_GND":25.486000000000001,"ELEV_INV":22.579999999999998,"LABEL":"E-MH-176","Inastallation_Status":4,"X":409028.94180000015,"Y":2920101.0760999992,"Depth_Class":"2 - 3 m","District":"Al Rawda"}},{"type":"Feature","id":605,"geometry":{"type":"Point","coordinates":[409045.80109999981,2920070.4042000007]},"properties":{"OBJECTID":605,"Zone":"Zone E","STRCTDPTH":2.9170000000000016,"ELEV_GND":25.829000000000001,"ELEV_INV":22.911999999999999,"LABEL":"E-MH-177","Inastallation_Status":4,"X":409045.80109999981,"Y":2920070.4042000007,"Depth_Class":"2 - 3 m","District":"Al Rawda"}},{"type":"Feature","id":606,"geometry":{"type":"Point","coordinates":[409071.4768000003,2920023.6928000003]},"properties":{"OBJECTID":606,"Zone":"Zone E","STRCTDPTH":2.8840000000000003,"ELEV_GND":26.315999999999999,"ELEV_INV":23.431999999999999,"LABEL":"E-MH-178","Inastallation_Status":4,"X":409071.4768000003,"Y":2920023.6928000003,"Depth_Class":"2 - 3 m","District":"Al Rawda"}},{"type":"Feature","id":607,"geometry":{"type":"Point","coordinates":[409092.18819999974,2919986.0127000008]},"properties":{"OBJECTID":607,"Zone":"Zone E","STRCTDPTH":2.833000000000002,"ELEV_GND":26.684000000000001,"ELEV_INV":23.850999999999999,"LABEL":"E-MH-179","Inastallation_Status":4,"X":409092.18819999974,"Y":2919986.0127000008,"Depth_Class":"2 - 3 m","District":"Al Rawda"}},{"type":"Feature","id":608,"geometry":{"type":"Point","coordinates":[409113.04559999984,2919948.0671999995]},"properties":{"OBJECTID":608,"Zone":"Zone E","STRCTDPTH":2.7959999999999994,"ELEV_GND":27.068999999999999,"ELEV_INV":24.273,"LABEL":"E-MH-180","Inastallation_Status":4,"X":409113.04559999984,"Y":2919948.0671999995,"Depth_Class":"2 - 3 m","District":"Al Rawda"}},{"type":"Feature","id":609,"geometry":{"type":"Point","coordinates":[409144.94460000005,2919890.0338000003]},"properties":{"OBJECTID":609,"Zone":"Zone E","STRCTDPTH":2.745000000000001,"ELEV_GND":27.664000000000001,"ELEV_INV":24.919,"LABEL":"E-MH-181","Inastallation_Status":4,"X":409144.94460000005,"Y":2919890.0338000003,"Depth_Class":"2 - 3 m","District":"Al Rawda"}},{"type":"Feature","id":610,"geometry":{"type":"Point","coordinates":[409174.0148,2919837.1467000004]},"properties":{"OBJECTID":610,"Zone":"Zone E","STRCTDPTH":2.907,"ELEV_GND":28.206,"ELEV_INV":25.298999999999999,"LABEL":"E-MH-182","Inastallation_Status":4,"X":409174.0148,"Y":2919837.1467000004,"Depth_Class":"2 - 3 m","District":"Al Rawda"}},{"type":"Feature","id":611,"geometry":{"type":"Point","coordinates":[409190.63320000004,2919806.9130000006]},"properties":{"OBJECTID":611,"Zone":"Zone E","STRCTDPTH":3.6400000000000006,"ELEV_GND":29.042000000000002,"ELEV_INV":25.402000000000001,"LABEL":"E-MH-183","Inastallation_Status":4,"X":409190.63320000004,"Y":2919806.9130000006,"Depth_Class":"3 - 4 m","District":"Al Rawda"}},{"type":"Feature","id":612,"geometry":{"type":"Point","coordinates":[409220.49820000026,2919752.5799000002]},"properties":{"OBJECTID":612,"Zone":"Zone E","STRCTDPTH":5.070999999999998,"ELEV_GND":30.658999999999999,"ELEV_INV":25.588000000000001,"LABEL":"E-MH-184","Inastallation_Status":4,"X":409220.49820000026,"Y":2919752.5799000002,"Depth_Class":"5 - 6 m","District":"Al Rawda"}},{"type":"Feature","id":613,"geometry":{"type":"Point","coordinates":[409250.36330000032,2919698.2468999997]},"properties":{"OBJECTID":613,"Zone":"Zone E","STRCTDPTH":6.0399999999999991,"ELEV_GND":31.814,"ELEV_INV":25.774000000000001,"LABEL":"E-MH-185","Inastallation_Status":4,"X":409250.36330000032,"Y":2919698.2468999997,"Depth_Class":"6 - 7 m","District":"Al Rawda"}},{"type":"Feature","id":614,"geometry":{"type":"Point","coordinates":[409278.30150000006,2919647.4191999994]},"properties":{"OBJECTID":614,"Zone":"Zone E","STRCTDPTH":4.8499999999999979,"ELEV_GND":30.797999999999998,"ELEV_INV":25.948,"LABEL":"E-MH-186","Inastallation_Status":4,"X":409278.30150000006,"Y":2919647.4191999994,"Depth_Class":"4 - 5 m","District":"Al Rawda"}},{"type":"Feature","id":615,"geometry":{"type":"Point","coordinates":[409305.74600000028,2919597.4897000007]},"properties":{"OBJECTID":615,"Zone":"Zone E","STRCTDPTH":3.4400000000000013,"ELEV_GND":29.559000000000001,"ELEV_INV":26.119,"LABEL":"E-MH-187","Inastallation_Status":4,"X":409305.74600000028,"Y":2919597.4897000007,"Depth_Class":"3 - 4 m","District":"Al Rawda"}},{"type":"Feature","id":616,"geometry":{"type":"Point","coordinates":[407757.78399999999,2923520.0329999998]},"properties":{"OBJECTID":616,"Zone":"Zone F","STRCTDPTH":4.5,"ELEV_GND":4.8170000000000002,"ELEV_INV":0.317,"LABEL":"F-MH-188","Inastallation_Status":1,"X":407757.78399999999,"Y":2923520.0329999998,"Depth_Class":"4 - 5 m","District":"Al Jalawiyah"}},{"type":"Feature","id":617,"geometry":{"type":"Point","coordinates":[407807.56749999989,2923547.4232999999]},"properties":{"OBJECTID":617,"Zone":"Zone F","STRCTDPTH":4.5009999999999994,"ELEV_GND":4.8799999999999999,"ELEV_INV":0.379,"LABEL":"F-MH-189","Inastallation_Status":1,"X":407807.56749999989,"Y":2923547.4232999999,"Depth_Class":"4 - 5 m","District":"Al Jalawiyah"}},{"type":"Feature","id":618,"geometry":{"type":"Point","coordinates":[407855.57210000046,2923573.8346999995]},"properties":{"OBJECTID":618,"Zone":"Zone F","STRCTDPTH":4.5,"ELEV_GND":4.9400000000000004,"ELEV_INV":0.44,"LABEL":"F-MH-190","Inastallation_Status":1,"X":407855.57210000046,"Y":2923573.8346999995,"Depth_Class":"4 - 5 m","District":"Al Jalawiyah"}},{"type":"Feature","id":619,"geometry":{"type":"Point","coordinates":[407906.49629999977,2923601.8526000008]},"properties":{"OBJECTID":619,"Zone":"Zone F","STRCTDPTH":4.5060000000000002,"ELEV_GND":5.0099999999999998,"ELEV_INV":0.504,"LABEL":"F-MH-191","Inastallation_Status":1,"X":407906.49629999977,"Y":2923601.8526000008,"Depth_Class":"4 - 5 m","District":"Al Jalawiyah"}},{"type":"Feature","id":620,"geometry":{"type":"Point","coordinates":[407957.9160000002,2923630.1429999992]},"properties":{"OBJECTID":620,"Zone":"Zone F","STRCTDPTH":4.5040000000000004,"ELEV_GND":5.0720000000000001,"ELEV_INV":0.56799999999999995,"LABEL":"F-MH-192","Inastallation_Status":1,"X":407957.9160000002,"Y":2923630.1429999992,"Depth_Class":"4 - 5 m","District":"Al Jalawiyah"}},{"type":"Feature","id":621,"geometry":{"type":"Point","coordinates":[408010.37200000044,2923659.0850000009]},"properties":{"OBJECTID":621,"Zone":"Zone F","STRCTDPTH":4.4749999999999996,"ELEV_GND":5.109,"ELEV_INV":0.63400000000000001,"LABEL":"F-MH-193","Inastallation_Status":1,"X":408010.37200000044,"Y":2923659.0850000009,"Depth_Class":"4 - 5 m","District":"Al Jalawiyah"}},{"type":"Feature","id":622,"geometry":{"type":"Point","coordinates":[408063.04600000009,2923688.0859999992]},"properties":{"OBJECTID":622,"Zone":"Zone F","STRCTDPTH":4.4719999999999995,"ELEV_GND":5.1719999999999997,"ELEV_INV":0.69999999999999996,"LABEL":"F-MH-194","Inastallation_Status":1,"X":408063.04600000009,"Y":2923688.0859999992,"Depth_Class":"4 - 5 m","District":"Al Jalawiyah"}},{"type":"Feature","id":623,"geometry":{"type":"Point","coordinates":[408115.34399999958,2923716.7890000008]},"properties":{"OBJECTID":623,"Zone":"Zone F","STRCTDPTH":4.4500000000000002,"ELEV_GND":5.2160000000000002,"ELEV_INV":0.76600000000000001,"LABEL":"F-MH-195","Inastallation_Status":1,"X":408115.34399999958,"Y":2923716.7890000008,"Depth_Class":"4 - 5 m","District":"Al Jalawiyah"}},{"type":"Feature","id":624,"geometry":{"type":"Point","coordinates":[408167.86099999957,2923746.0160000008]},"properties":{"OBJECTID":624,"Zone":"Zone F","STRCTDPTH":4.4020000000000001,"ELEV_GND":5.234,"ELEV_INV":0.83199999999999996,"LABEL":"F-MH-196","Inastallation_Status":1,"X":408167.86099999957,"Y":2923746.0160000008,"Depth_Class":"4 - 5 m","District":"Al Jalawiyah"}},{"type":"Feature","id":625,"geometry":{"type":"Point","coordinates":[408220.13499999978,2923774.9529999997]},"properties":{"OBJECTID":625,"Zone":"Zone F","STRCTDPTH":4.4240000000000004,"ELEV_GND":5.3220000000000001,"ELEV_INV":0.89800000000000002,"LABEL":"F-MH-197","Inastallation_Status":1,"X":408220.13499999978,"Y":2923774.9529999997,"Depth_Class":"4 - 5 m","District":"Al Jalawiyah"}},{"type":"Feature","id":626,"geometry":{"type":"Point","coordinates":[408277.60599999968,2923805.5610000007]},"properties":{"OBJECTID":626,"Zone":"Zone F","STRCTDPTH":4.4329999999999998,"ELEV_GND":5.4020000000000001,"ELEV_INV":0.96899999999999997,"LABEL":"F-MH-198","Inastallation_Status":1,"X":408277.60599999968,"Y":2923805.5610000007,"Depth_Class":"4 - 5 m","District":"Al Jalawiyah"}},{"type":"Feature","id":627,"geometry":{"type":"Point","coordinates":[408337.87700000033,2923839.0199999996]},"properties":{"OBJECTID":627,"Zone":"Zone F","STRCTDPTH":4.4510000000000005,"ELEV_GND":5.4960000000000004,"ELEV_INV":1.0449999999999999,"LABEL":"F-MH-199","Inastallation_Status":1,"X":408337.87700000033,"Y":2923839.0199999996,"Depth_Class":"4 - 5 m","District":"Al Jalawiyah"}},{"type":"Feature","id":628,"geometry":{"type":"Point","coordinates":[408401.72009999957,2923874.4619999994]},"properties":{"OBJECTID":628,"Zone":"Zone F","STRCTDPTH":4.3490000000000002,"ELEV_GND":5.4749999999999996,"ELEV_INV":1.1259999999999999,"LABEL":"F-MH-200","Inastallation_Status":1,"X":408401.72009999957,"Y":2923874.4619999994,"Depth_Class":"4 - 5 m","District":"Al Jalawiyah"}},{"type":"Feature","id":629,"geometry":{"type":"Point","coordinates":[408413.96700000018,2923852.7109999992]},"properties":{"OBJECTID":629,"Zone":"Zone F","STRCTDPTH":4.2620000000000005,"ELEV_GND":5.415,"ELEV_INV":1.153,"LABEL":"F-MH-201","Inastallation_Status":1,"X":408413.96700000018,"Y":2923852.7109999992,"Depth_Class":"4 - 5 m","District":"Gharnata"}},{"type":"Feature","id":630,"geometry":{"type":"Point","coordinates":[408437.4785000002,2923810.9538000003]},"properties":{"OBJECTID":630,"Zone":"Zone F","STRCTDPTH":2.7759999999999998,"ELEV_GND":5.843,"ELEV_INV":3.0670000000000002,"LABEL":"F-MH-202","Inastallation_Status":1,"X":408437.4785000002,"Y":2923810.9538000003,"Depth_Class":"2 - 3 m","District":"Gharnata"}},{"type":"Feature","id":631,"geometry":{"type":"Point","coordinates":[408461.32490000036,2923768.6016000006]},"properties":{"OBJECTID":631,"Zone":"Zone F","STRCTDPTH":3.0860000000000003,"ELEV_GND":6.2380000000000004,"ELEV_INV":3.1520000000000001,"LABEL":"F-MH-203","Inastallation_Status":1,"X":408461.32490000036,"Y":2923768.6016000006,"Depth_Class":"3 - 4 m","District":"Gharnata"}},{"type":"Feature","id":632,"geometry":{"type":"Point","coordinates":[408474.06599999964,2923745.9729999993]},"properties":{"OBJECTID":632,"Zone":"Zone F","STRCTDPTH":3.1740000000000004,"ELEV_GND":6.3710000000000004,"ELEV_INV":3.1970000000000001,"LABEL":"F-MH-204","Inastallation_Status":1,"X":408474.06599999964,"Y":2923745.9729999993,"Depth_Class":"3 - 4 m","District":"Gharnata"}},{"type":"Feature","id":633,"geometry":{"type":"Point","coordinates":[408487.97300000023,2923720.3532999996]},"properties":{"OBJECTID":633,"Zone":"Zone F","STRCTDPTH":3.2419999999999995,"ELEV_GND":6.4909999999999997,"ELEV_INV":3.2490000000000001,"LABEL":"F-MH-205","Inastallation_Status":1,"X":408487.97300000023,"Y":2923720.3532999996,"Depth_Class":"3 - 4 m","District":"Gharnata"}},{"type":"Feature","id":634,"geometry":{"type":"Point","coordinates":[408502.68489999976,2923693.2504999992]},"properties":{"OBJECTID":634,"Zone":"Zone F","STRCTDPTH":3.3169999999999997,"ELEV_GND":6.6189999999999998,"ELEV_INV":3.302,"LABEL":"F-MH-206","Inastallation_Status":1,"X":408502.68489999976,"Y":2923693.2504999992,"Depth_Class":"3 - 4 m","District":"Gharnata"}},{"type":"Feature","id":635,"geometry":{"type":"Point","coordinates":[408526.31649999972,2923649.7159000002]},"properties":{"OBJECTID":635,"Zone":"Zone F","STRCTDPTH":3.4340000000000006,"ELEV_GND":6.8230000000000004,"ELEV_INV":3.3889999999999998,"LABEL":"F-MH-207","Inastallation_Status":1,"X":408526.31649999972,"Y":2923649.7159000002,"Depth_Class":"3 - 4 m","District":"Gharnata"}},{"type":"Feature","id":636,"geometry":{"type":"Point","coordinates":[408548.36099999957,2923609.1050000004]},"properties":{"OBJECTID":636,"Zone":"Zone F","STRCTDPTH":3.544,"ELEV_GND":7.0140000000000002,"ELEV_INV":3.4700000000000002,"LABEL":"F-MH-208","Inastallation_Status":1,"X":408548.36099999957,"Y":2923609.1050000004,"Depth_Class":"3 - 4 m","District":"Gharnata"}},{"type":"Feature","id":637,"geometry":{"type":"Point","coordinates":[408581.4879999999,2923551.7909999993]},"properties":{"OBJECTID":637,"Zone":"Zone F","STRCTDPTH":3.5840000000000001,"ELEV_GND":7.1699999999999999,"ELEV_INV":3.5859999999999999,"LABEL":"F-MH-209","Inastallation_Status":1,"X":408581.4879999999,"Y":2923551.7909999993,"Depth_Class":"3 - 4 m","District":"Gharnata"}},{"type":"Feature","id":638,"geometry":{"type":"Point","coordinates":[408606.65600000042,2923507.5109999999]},"properties":{"OBJECTID":638,"Zone":"Zone F","STRCTDPTH":3.6500000000000004,"ELEV_GND":7.3250000000000002,"ELEV_INV":3.6749999999999998,"LABEL":"F-MH-210","Inastallation_Status":1,"X":408606.65600000042,"Y":2923507.5109999999,"Depth_Class":"3 - 4 m","District":"Gharnata"}},{"type":"Feature","id":639,"geometry":{"type":"Point","coordinates":[408068.80800000019,2922818.7070000004]},"properties":{"OBJECTID":639,"Zone":"Zone F","STRCTDPTH":3.9609999999999994,"ELEV_GND":9.0229999999999997,"ELEV_INV":5.0620000000000003,"LABEL":"F-MH-211","Inastallation_Status":1,"X":408068.80800000019,"Y":2922818.7070000004,"Depth_Class":"3 - 4 m","District":"Gharnata"}},{"type":"Feature","id":640,"geometry":{"type":"Point","coordinates":[408011.89599999972,2922786.9790000003]},"properties":{"OBJECTID":640,"Zone":"Zone F","STRCTDPTH":4.2070000000000007,"ELEV_GND":9.3680000000000003,"ELEV_INV":5.1609999999999996,"LABEL":"F-MH-212","Inastallation_Status":1,"X":408011.89599999972,"Y":2922786.9790000003,"Depth_Class":"4 - 5 m","District":"Gharnata"}},{"type":"Feature","id":641,"geometry":{"type":"Point","coordinates":[408019.27400000021,2922773.5950000007]},"properties":{"OBJECTID":641,"Zone":"Zone F","STRCTDPTH":4.1000000000000005,"ELEV_GND":9.2850000000000001,"ELEV_INV":5.1849999999999996,"LABEL":"F-MH-213","Inastallation_Status":1,"X":408019.27400000021,"Y":2922773.5950000007,"Depth_Class":"4 - 5 m","District":"Gharnata"}},{"type":"Feature","id":642,"geometry":{"type":"Point","coordinates":[408049.81599999964,2922717.5439999998]},"properties":{"OBJECTID":642,"Zone":"Zone F","STRCTDPTH":4.2219999999999995,"ELEV_GND":9.5039999999999996,"ELEV_INV":5.282,"LABEL":"F-MH-214","Inastallation_Status":1,"X":408049.81599999964,"Y":2922717.5439999998,"Depth_Class":"4 - 5 m","District":"Gharnata"}},{"type":"Feature","id":643,"geometry":{"type":"Point","coordinates":[408084.38999999966,2922656.091]},"properties":{"OBJECTID":643,"Zone":"Zone F","STRCTDPTH":4.4610000000000012,"ELEV_GND":9.8510000000000009,"ELEV_INV":5.3899999999999997,"LABEL":"F-MH-215","Inastallation_Status":1,"X":408084.38999999966,"Y":2922656.091,"Depth_Class":"4 - 5 m","District":"Gharnata"}},{"type":"Feature","id":644,"geometry":{"type":"Point","coordinates":[408109.58100000024,2922610.0979999993]},"properties":{"OBJECTID":644,"Zone":"Zone F","STRCTDPTH":4.6830000000000007,"ELEV_GND":10.153,"ELEV_INV":5.4699999999999998,"LABEL":"F-MH-216","Inastallation_Status":1,"X":408109.58100000024,"Y":2922610.0979999993,"Depth_Class":"4 - 5 m","District":"Gharnata"}},{"type":"Feature","id":645,"geometry":{"type":"Point","coordinates":[408143.5429999996,2922549.5059999991]},"properties":{"OBJECTID":645,"Zone":"Zone F","STRCTDPTH":4.7649999999999997,"ELEV_GND":10.340999999999999,"ELEV_INV":5.5759999999999996,"LABEL":"F-MH-217","Inastallation_Status":1,"X":408143.5429999996,"Y":2922549.5059999991,"Depth_Class":"4 - 5 m","District":"Gharnata"}},{"type":"Feature","id":646,"geometry":{"type":"Point","coordinates":[408167.2620000001,2922505.6889999993]},"properties":{"OBJECTID":646,"Zone":"Zone F","STRCTDPTH":4.9190000000000005,"ELEV_GND":10.57,"ELEV_INV":5.6509999999999998,"LABEL":"F-MH-218","Inastallation_Status":1,"X":408167.2620000001,"Y":2922505.6889999993,"Depth_Class":"4 - 5 m","District":"Gharnata"}},{"type":"Feature","id":647,"geometry":{"type":"Point","coordinates":[408197.92100000009,2922451.0850000009]},"properties":{"OBJECTID":647,"Zone":"Zone F","STRCTDPTH":5.0619999999999994,"ELEV_GND":10.808999999999999,"ELEV_INV":5.7469999999999999,"LABEL":"F-MH-219","Inastallation_Status":1,"X":408197.92100000009,"Y":2922451.0850000009,"Depth_Class":"5 - 6 m","District":"Gharnata"}},{"type":"Feature","id":648,"geometry":{"type":"Point","coordinates":[408229.91299999971,2922392.0010000002]},"properties":{"OBJECTID":648,"Zone":"Zone F","STRCTDPTH":4.9749999999999996,"ELEV_GND":10.824,"ELEV_INV":5.8490000000000002,"LABEL":"F-MH-220","Inastallation_Status":1,"X":408229.91299999971,"Y":2922392.0010000002,"Depth_Class":"4 - 5 m","District":"Gharnata"}},{"type":"Feature","id":649,"geometry":{"type":"Point","coordinates":[408251.61330000032,2922353.0756000001]},"properties":{"OBJECTID":649,"Zone":"Zone F","STRCTDPTH":4.5970000000000004,"ELEV_GND":10.579000000000001,"ELEV_INV":5.9820000000000002,"LABEL":"F-MH-221","Inastallation_Status":1,"X":408251.61330000032,"Y":2922353.0756000001,"Depth_Class":"4 - 5 m","District":"Gharnata"}},{"type":"Feature","id":650,"geometry":{"type":"Point","coordinates":[408289.40699999966,2922285.2819999997]},"properties":{"OBJECTID":650,"Zone":"Zone F","STRCTDPTH":4.5169999999999995,"ELEV_GND":10.635,"ELEV_INV":6.1180000000000003,"LABEL":"F-MH-222","Inastallation_Status":1,"X":408289.40699999966,"Y":2922285.2819999997,"Depth_Class":"4 - 5 m","District":"Gharnata"}},{"type":"Feature","id":651,"geometry":{"type":"Point","coordinates":[408346.07799999975,2922316.9059999995]},"properties":{"OBJECTID":651,"Zone":"Zone F","STRCTDPTH":4.1600000000000001,"ELEV_GND":10.391,"ELEV_INV":6.2309999999999999,"LABEL":"F-MH-223","Inastallation_Status":1,"X":408346.07799999975,"Y":2922316.9059999995,"Depth_Class":"4 - 5 m","District":"Gharnata"}},{"type":"Feature","id":652,"geometry":{"type":"Point","coordinates":[408404.49299999978,2922349.1950000003]},"properties":{"OBJECTID":652,"Zone":"Zone F","STRCTDPTH":3.9500000000000002,"ELEV_GND":10.298,"ELEV_INV":6.3479999999999999,"LABEL":"F-MH-224","Inastallation_Status":1,"X":408404.49299999978,"Y":2922349.1950000003,"Depth_Class":"3 - 4 m","District":"Gharnata"}},{"type":"Feature","id":653,"geometry":{"type":"Point","coordinates":[408364.80599999987,2922167.2958000004]},"properties":{"OBJECTID":653,"Zone":"Zone F","STRCTDPTH":3.0620000000000003,"ELEV_GND":10.112,"ELEV_INV":7.0499999999999998,"LABEL":"F-MH-225","Inastallation_Status":1,"X":408364.80599999987,"Y":2922167.2958000004,"Depth_Class":"3 - 4 m","District":"Al Etisalat"}},{"type":"Feature","id":654,"geometry":{"type":"Point","coordinates":[408395.88900000043,2922110.7799999993]},"properties":{"OBJECTID":654,"Zone":"Zone F","STRCTDPTH":3.2009999999999996,"ELEV_GND":10.411,"ELEV_INV":7.21,"LABEL":"F-MH-226","Inastallation_Status":1,"X":408395.88900000043,"Y":2922110.7799999993,"Depth_Class":"3 - 4 m","District":"Al Etisalat"}},{"type":"Feature","id":655,"geometry":{"type":"Point","coordinates":[408428.1950000003,2922051.0429999996]},"properties":{"OBJECTID":655,"Zone":"Zone F","STRCTDPTH":3.2029999999999994,"ELEV_GND":10.581,"ELEV_INV":7.3780000000000001,"LABEL":"F-MH-227","Inastallation_Status":1,"X":408428.1950000003,"Y":2922051.0429999996,"Depth_Class":"3 - 4 m","District":"Al Etisalat"}},{"type":"Feature","id":656,"geometry":{"type":"Point","coordinates":[408457.53500000015,2921998.6109999996]},"properties":{"OBJECTID":656,"Zone":"Zone F","STRCTDPTH":3.2309999999999999,"ELEV_GND":10.757,"ELEV_INV":7.5259999999999998,"LABEL":"F-MH-228","Inastallation_Status":1,"X":408457.53500000015,"Y":2921998.6109999996,"Depth_Class":"3 - 4 m","District":"Al Etisalat"}},{"type":"Feature","id":657,"geometry":{"type":"Point","coordinates":[408479.31099999975,2921959.2100000009]},"properties":{"OBJECTID":657,"Zone":"Zone F","STRCTDPTH":3.1869999999999994,"ELEV_GND":10.824999999999999,"ELEV_INV":7.6379999999999999,"LABEL":"F-MH-229","Inastallation_Status":1,"X":408479.31099999975,"Y":2921959.2100000009,"Depth_Class":"3 - 4 m","District":"Al Etisalat"}},{"type":"Feature","id":658,"geometry":{"type":"Point","coordinates":[408507.37600000016,2921908.432]},"properties":{"OBJECTID":658,"Zone":"Zone F","STRCTDPTH":3.1459999999999999,"ELEV_GND":10.927,"ELEV_INV":7.7809999999999997,"LABEL":"F-MH-230","Inastallation_Status":1,"X":408507.37600000016,"Y":2921908.432,"Depth_Class":"3 - 4 m","District":"Al Etisalat"}},{"type":"Feature","id":659,"geometry":{"type":"Point","coordinates":[408539.20600000024,2921849.6209999993]},"properties":{"OBJECTID":659,"Zone":"Zone F","STRCTDPTH":3.4199999999999999,"ELEV_GND":11.464,"ELEV_INV":8.0440000000000005,"LABEL":"F-MH-231","Inastallation_Status":1,"X":408539.20600000024,"Y":2921849.6209999993,"Depth_Class":"3 - 4 m","District":"Al Etisalat"}},{"type":"Feature","id":660,"geometry":{"type":"Point","coordinates":[408587.84900000039,2921875.7980000004]},"properties":{"OBJECTID":660,"Zone":"Zone F","STRCTDPTH":3.1169999999999991,"ELEV_GND":11.337999999999999,"ELEV_INV":8.2210000000000001,"LABEL":"F-MH-232","Inastallation_Status":1,"X":408587.84900000039,"Y":2921875.7980000004,"Depth_Class":"3 - 4 m","District":"Al Etisalat"}},{"type":"Feature","id":661,"geometry":{"type":"Point","coordinates":[408648.31799999997,2921909.1710000001]},"properties":{"OBJECTID":661,"Zone":"Zone F","STRCTDPTH":2.8000000000000007,"ELEV_GND":11.242000000000001,"ELEV_INV":8.4420000000000002,"LABEL":"F-MH-233","Inastallation_Status":1,"X":408648.31799999997,"Y":2921909.1710000001,"Depth_Class":"2 - 3 m","District":"Al Etisalat"}},{"type":"Feature","id":662,"geometry":{"type":"Point","coordinates":[409498.62299999967,2922169.182]},"properties":{"OBJECTID":662,"Zone":"Zone I","STRCTDPTH":1.9410000000000007,"ELEV_GND":10.419,"ELEV_INV":8.4779999999999998,"LABEL":"F-MH-234","Inastallation_Status":1,"X":409498.62299999967,"Y":2922169.182,"Depth_Class":"1 - 2 m","District":"Al Etisalat"}},{"type":"Feature","id":663,"geometry":{"type":"Point","coordinates":[409512.57100000046,2922157.409]},"properties":{"OBJECTID":663,"Zone":"Zone I","STRCTDPTH":2.0780000000000012,"ELEV_GND":10.614000000000001,"ELEV_INV":8.5359999999999996,"LABEL":"F-MH-235","Inastallation_Status":1,"X":409512.57100000046,"Y":2922157.409,"Depth_Class":"2 - 3 m","District":"Al Etisalat"}},{"type":"Feature","id":664,"geometry":{"type":"Point","coordinates":[409568.15799999982,2922115.0649999995]},"properties":{"OBJECTID":664,"Zone":"Zone I","STRCTDPTH":3.2580000000000009,"ELEV_GND":12.384,"ELEV_INV":9.1259999999999994,"LABEL":"F-MH-236","Inastallation_Status":1,"X":409568.15799999982,"Y":2922115.0649999995,"Depth_Class":"3 - 4 m","District":"Al Etisalat"}},{"type":"Feature","id":665,"geometry":{"type":"Point","coordinates":[409623.98599999957,2922072.841]},"properties":{"OBJECTID":665,"Zone":"Zone I","STRCTDPTH":3.8869999999999987,"ELEV_GND":14.782999999999999,"ELEV_INV":10.896000000000001,"LABEL":"F-MH-237","Inastallation_Status":1,"X":409623.98599999957,"Y":2922072.841,"Depth_Class":"3 - 4 m","District":"Al Etisalat"}},{"type":"Feature","id":666,"geometry":{"type":"Point","coordinates":[409680.07600000035,2922030.8560000006]},"properties":{"OBJECTID":666,"Zone":"ZONE K","STRCTDPTH":3.6550000000000011,"ELEV_GND":16.239000000000001,"ELEV_INV":12.584,"LABEL":"F-MH-238","Inastallation_Status":1,"X":409680.07600000035,"Y":2922030.8560000006,"Depth_Class":"3 - 4 m","District":"Al Etisalat"}},{"type":"Feature","id":667,"geometry":{"type":"Point","coordinates":[409726.85400000028,2921978.7300000004]},"properties":{"OBJECTID":667,"Zone":"ZONE K","STRCTDPTH":3.7310000000000016,"ELEV_GND":16.539000000000001,"ELEV_INV":12.808,"LABEL":"F-MH-239","Inastallation_Status":1,"X":409726.85400000028,"Y":2921978.7300000004,"Depth_Class":"3 - 4 m","District":"Al Etisalat"}},{"type":"Feature","id":668,"geometry":{"type":"Point","coordinates":[409768.96200000029,2921922.9869999997]},"properties":{"OBJECTID":668,"Zone":"Zone F","STRCTDPTH":3.8849999999999998,"ELEV_GND":16.916,"ELEV_INV":13.031000000000001,"LABEL":"F-MH-240","Inastallation_Status":1,"X":409768.96200000029,"Y":2921922.9869999997,"Depth_Class":"3 - 4 m","District":"Al Etisalat"}},{"type":"Feature","id":669,"geometry":{"type":"Point","coordinates":[409808.06219999958,2921870.2361999992]},"properties":{"OBJECTID":669,"Zone":"Zone F","STRCTDPTH":4.0960000000000001,"ELEV_GND":17.337,"ELEV_INV":13.241,"LABEL":"F-MH-241","Inastallation_Status":1,"X":409808.06219999958,"Y":2921870.2361999992,"Depth_Class":"4 - 5 m","District":"Al Etisalat"}},{"type":"Feature","id":670,"geometry":{"type":"Point","coordinates":[409833.11500000022,2921836.4370000008]},"properties":{"OBJECTID":670,"Zone":"Zone F","STRCTDPTH":4.2300000000000022,"ELEV_GND":17.606000000000002,"ELEV_INV":13.375999999999999,"LABEL":"F-MH-242","Inastallation_Status":1,"X":409833.11500000022,"Y":2921836.4370000008,"Depth_Class":"4 - 5 m","District":"Al Etisalat"}},{"type":"Feature","id":671,"geometry":{"type":"Point","coordinates":[409868.49100000039,2921773.6620000005]},"properties":{"OBJECTID":671,"Zone":"Zone F","STRCTDPTH":4.2309999999999981,"ELEV_GND":17.998999999999999,"ELEV_INV":13.768000000000001,"LABEL":"F-MH-243","Inastallation_Status":1,"X":409868.49100000039,"Y":2921773.6620000005,"Depth_Class":"4 - 5 m","District":"Al Rayyan"}},{"type":"Feature","id":672,"geometry":{"type":"Point","coordinates":[410222.30200000014,2921049.2510000002]},"properties":{"OBJECTID":672,"Zone":"Zone F","STRCTDPTH":5.0129999999999999,"ELEV_GND":14.175000000000001,"ELEV_INV":9.1620000000000008,"LABEL":"F-MH-244","Inastallation_Status":1,"X":410222.30200000014,"Y":2921049.2510000002,"Depth_Class":"5 - 6 m","District":"Al Rayyan"}},{"type":"Feature","id":673,"geometry":{"type":"Point","coordinates":[410216.04999999981,2921060.5848999992]},"properties":{"OBJECTID":673,"Zone":"Zone F","STRCTDPTH":4.875,"ELEV_GND":14.199999999999999,"ELEV_INV":9.3249999999999993,"LABEL":"F-MH-244-1","Inastallation_Status":1,"X":410216.04999999981,"Y":2921060.5848999992,"Depth_Class":"4 - 5 m","District":"Al Rayyan"}},{"type":"Feature","id":674,"geometry":{"type":"Point","coordinates":[410197.88900000043,2921050.5669999998]},"properties":{"OBJECTID":674,"Zone":"Zone F","STRCTDPTH":4.5700000000000003,"ELEV_GND":14.238,"ELEV_INV":9.6679999999999993,"LABEL":"F-MH-244-2","Inastallation_Status":1,"X":410197.88900000043,"Y":2921050.5669999998,"Depth_Class":"4 - 5 m","District":"Al Rayyan"}},{"type":"Feature","id":675,"geometry":{"type":"Point","coordinates":[410160.98300000001,2921117.2929999996]},"properties":{"OBJECTID":675,"Zone":"Zone F","STRCTDPTH":3.7810000000000006,"ELEV_GND":13.92,"ELEV_INV":10.138999999999999,"LABEL":"F-MH-244-3","Inastallation_Status":1,"X":410160.98300000001,"Y":2921117.2929999996,"Depth_Class":"3 - 4 m","District":"Al Rayyan"}},{"type":"Feature","id":676,"geometry":{"type":"Point","coordinates":[410187.18290000036,2921029.8973999992]},"properties":{"OBJECTID":676,"Zone":"Zone F","STRCTDPTH":3.5899999999999999,"ELEV_GND":14.259,"ELEV_INV":10.669,"LABEL":"F-MH-245","Inastallation_Status":1,"X":410187.18290000036,"Y":2921029.8973999992,"Depth_Class":"3 - 4 m","District":"Al Rayyan"}},{"type":"Feature","id":677,"geometry":{"type":"Point","coordinates":[410131.61199999973,2920999.273]},"properties":{"OBJECTID":677,"Zone":"Zone F","STRCTDPTH":3.7490000000000006,"ELEV_GND":14.515000000000001,"ELEV_INV":10.766,"LABEL":"F-MH-246","Inastallation_Status":1,"X":410131.61199999973,"Y":2920999.273,"Depth_Class":"3 - 4 m","District":"Al Rayyan"}},{"type":"Feature","id":678,"geometry":{"type":"Point","coordinates":[410055.43649999984,2920957.2937000003]},"properties":{"OBJECTID":678,"Zone":"Zone F","STRCTDPTH":4.0590000000000011,"ELEV_GND":14.957000000000001,"ELEV_INV":10.898,"LABEL":"F-MH-247","Inastallation_Status":1,"X":410055.43649999984,"Y":2920957.2937000003,"Depth_Class":"4 - 5 m","District":"Al Rayyan"}},{"type":"Feature","id":679,"geometry":{"type":"Point","coordinates":[409980.99230000004,2920916.2686000001]},"properties":{"OBJECTID":679,"Zone":"Zone F","STRCTDPTH":4.25,"ELEV_GND":15.278,"ELEV_INV":11.028,"LABEL":"F-MH-248","Inastallation_Status":1,"X":409980.99230000004,"Y":2920916.2686000001,"Depth_Class":"4 - 5 m","District":"Al Rayyan"}},{"type":"Feature","id":680,"geometry":{"type":"Point","coordinates":[410009.17899999954,2919611.5370000005]},"properties":{"OBJECTID":680,"Zone":"Zone G","STRCTDPTH":1.9699999999999989,"ELEV_GND":23.827999999999999,"ELEV_INV":21.858000000000001,"LABEL":"G-MH-249","Inastallation_Status":1,"X":410009.17899999954,"Y":2919611.5370000005,"Depth_Class":"1 - 2 m","District":"Al Jamieen"}},{"type":"Feature","id":681,"geometry":{"type":"Point","coordinates":[409982.75999999978,2919597.6720000003]},"properties":{"OBJECTID":681,"Zone":"Zone G","STRCTDPTH":1.968,"ELEV_GND":23.902999999999999,"ELEV_INV":21.934999999999999,"LABEL":"G-MH-250","Inastallation_Status":1,"X":409982.75999999978,"Y":2919597.6720000003,"Depth_Class":"1 - 2 m","District":"Al Jamieen"}},{"type":"Feature","id":682,"geometry":{"type":"Point","coordinates":[409944.29600000009,2919576.4580000006]},"properties":{"OBJECTID":682,"Zone":"Zone G","STRCTDPTH":1.990000000000002,"ELEV_GND":24.039000000000001,"ELEV_INV":22.048999999999999,"LABEL":"G-MH-251","Inastallation_Status":1,"X":409944.29600000009,"Y":2919576.4580000006,"Depth_Class":"1 - 2 m","District":"Al Jamieen"}},{"type":"Feature","id":683,"geometry":{"type":"Point","coordinates":[409900.92399999965,2919552.6329999994]},"properties":{"OBJECTID":683,"Zone":"Zone G","STRCTDPTH":2.25,"ELEV_GND":24.428000000000001,"ELEV_INV":22.178000000000001,"LABEL":"G-MH-252","Inastallation_Status":1,"X":409900.92399999965,"Y":2919552.6329999994,"Depth_Class":"2 - 3 m","District":"Al Jamieen"}},{"type":"Feature","id":684,"geometry":{"type":"Point","coordinates":[411136.69900000002,2919361.8379999995]},"properties":{"OBJECTID":684,"Zone":"Zone G","STRCTDPTH":2.8500000000000014,"ELEV_GND":23.204000000000001,"ELEV_INV":20.353999999999999,"LABEL":"G-MH-253","Inastallation_Status":3,"X":411136.69900000002,"Y":2919361.8379999995,"Depth_Class":"2 - 3 m","District":"Al Nuzha"}},{"type":"Feature","id":685,"geometry":{"type":"Point","coordinates":[411218.07899999991,2919306.6520000007]},"properties":{"OBJECTID":685,"Zone":"Zone G","STRCTDPTH":3.4249999999999972,"ELEV_GND":24.024999999999999,"ELEV_INV":20.600000000000001,"LABEL":"G-MH-254","Inastallation_Status":3,"X":411218.07899999991,"Y":2919306.6520000007,"Depth_Class":"3 - 4 m","District":"Al Nuzha"}},{"type":"Feature","id":686,"geometry":{"type":"Point","coordinates":[411163.22410000023,2919228.5361000001]},"properties":{"OBJECTID":686,"Zone":"Zone G","STRCTDPTH":3.3730000000000011,"ELEV_GND":25.640000000000001,"ELEV_INV":22.266999999999999,"LABEL":"G-MH-255","Inastallation_Status":2,"X":411163.22410000023,"Y":2919228.5361000001,"Depth_Class":"3 - 4 m","District":"Al Nuzha"}},{"type":"Feature","id":687,"geometry":{"type":"Point","coordinates":[411110.74710000027,2919151.0210999995]},"properties":{"OBJECTID":687,"Zone":"Zone G","STRCTDPTH":3.3279999999999994,"ELEV_GND":27.204999999999998,"ELEV_INV":23.876999999999999,"LABEL":"G-MH-256","Inastallation_Status":2,"X":411110.74710000027,"Y":2919151.0210999995,"Depth_Class":"3 - 4 m","District":"Al Nuzha"}},{"type":"Feature","id":688,"geometry":{"type":"Point","coordinates":[411178.40710000042,2919107.8211000003]},"properties":{"OBJECTID":688,"Zone":"Zone G","STRCTDPTH":2.6920000000000002,"ELEV_GND":27.355,"ELEV_INV":24.663,"LABEL":"G-MH-257","Inastallation_Status":2,"X":411178.40710000042,"Y":2919107.8211000003,"Depth_Class":"2 - 3 m","District":"Al Nuzha"}},{"type":"Feature","id":689,"geometry":{"type":"Point","coordinates":[411243.96910000034,2919065.4430999998]},"properties":{"OBJECTID":689,"Zone":"Zone G","STRCTDPTH":2.6610000000000014,"ELEV_GND":27.521000000000001,"ELEV_INV":24.859999999999999,"LABEL":"G-MH-258","Inastallation_Status":2,"X":411243.96910000034,"Y":2919065.4430999998,"Depth_Class":"2 - 3 m","District":"Al Nuzha"}},{"type":"Feature","id":690,"geometry":{"type":"Point","coordinates":[411205.20799999963,2919007.4480000008]},"properties":{"OBJECTID":690,"Zone":"Zone G","STRCTDPTH":3.6819999999999986,"ELEV_GND":28.716999999999999,"ELEV_INV":25.035,"LABEL":"G-MH-259","Inastallation_Status":2,"X":411205.20799999963,"Y":2919007.4480000008,"Depth_Class":"3 - 4 m","District":"Al Nuzha"}},{"type":"Feature","id":691,"geometry":{"type":"Point","coordinates":[411170.30599999987,2918956.4409999996]},"properties":{"OBJECTID":691,"Zone":"Zone G","STRCTDPTH":3.786999999999999,"ELEV_GND":29.946999999999999,"ELEV_INV":26.16,"LABEL":"G-MH-260","Inastallation_Status":1,"X":411170.30599999987,"Y":2918956.4409999996,"Depth_Class":"3 - 4 m","District":"Al Nuzha"}},{"type":"Feature","id":692,"geometry":{"type":"Point","coordinates":[411225.75600000005,2918913.4059999995]},"properties":{"OBJECTID":692,"Zone":"Zone G","STRCTDPTH":3.8390000000000022,"ELEV_GND":30.175000000000001,"ELEV_INV":26.335999999999999,"LABEL":"G-MH-261","Inastallation_Status":1,"X":411225.75600000005,"Y":2918913.4059999995,"Depth_Class":"3 - 4 m","District":"Al Nuzha"}},{"type":"Feature","id":693,"geometry":{"type":"Point","coordinates":[411184.76999999955,2918840.1950000003]},"properties":{"OBJECTID":693,"Zone":"Zone G","STRCTDPTH":3.879999999999999,"ELEV_GND":30.425999999999998,"ELEV_INV":26.545999999999999,"LABEL":"G-MH-262","Inastallation_Status":2,"X":411184.76999999955,"Y":2918840.1950000003,"Depth_Class":"3 - 4 m","District":"Al Nuzha"}},{"type":"Feature","id":694,"geometry":{"type":"Point","coordinates":[411141.29800000042,2918761.3230000008]},"properties":{"OBJECTID":694,"Zone":"Zone G","STRCTDPTH":3.9000000000000021,"ELEV_GND":30.670000000000002,"ELEV_INV":26.77,"LABEL":"G-MH-263","Inastallation_Status":2,"X":411141.29800000042,"Y":2918761.3230000008,"Depth_Class":"3 - 4 m","District":"Al Nuzha"}},{"type":"Feature","id":695,"geometry":{"type":"Point","coordinates":[411088.25399999972,2918764.0659999996]},"properties":{"OBJECTID":695,"Zone":"Zone G","STRCTDPTH":2.754999999999999,"ELEV_GND":30.298999999999999,"ELEV_INV":27.544,"LABEL":"G-MH-264","Inastallation_Status":2,"X":411088.25399999972,"Y":2918764.0659999996,"Depth_Class":"2 - 3 m","District":"Al Nuzha"}},{"type":"Feature","id":696,"geometry":{"type":"Point","coordinates":[411000.79200000037,2918767.8890000004]},"properties":{"OBJECTID":696,"Zone":"Zone G","STRCTDPTH":1.9959999999999987,"ELEV_GND":29.736999999999998,"ELEV_INV":27.741,"LABEL":"G-MH-265","Inastallation_Status":2,"X":411000.79200000037,"Y":2918767.8890000004,"Depth_Class":"1 - 2 m","District":"Al Nuzha"}},{"type":"Feature","id":697,"geometry":{"type":"Point","coordinates":[410917.66700000037,2918769.1649999991]},"properties":{"OBJECTID":697,"Zone":"Zone G","STRCTDPTH":2.6310000000000002,"ELEV_GND":30.558,"ELEV_INV":27.927,"LABEL":"G-MH-266","Inastallation_Status":2,"X":410917.66700000037,"Y":2918769.1649999991,"Depth_Class":"2 - 3 m","District":"Al Nuzha"}},{"type":"Feature","id":698,"geometry":{"type":"Point","coordinates":[410849.93699999992,2918771.6459999997]},"properties":{"OBJECTID":698,"Zone":"Zone G","STRCTDPTH":2.0630000000000024,"ELEV_GND":30.777000000000001,"ELEV_INV":28.713999999999999,"LABEL":"G-MH-267","Inastallation_Status":2,"X":410849.93699999992,"Y":2918771.6459999997,"Depth_Class":"2 - 3 m","District":"Al Nuzha"}},{"type":"Feature","id":699,"geometry":{"type":"Point","coordinates":[410780.40099999961,2918773.9729999993]},"properties":{"OBJECTID":699,"Zone":"Zone G","STRCTDPTH":2.3019999999999996,"ELEV_GND":31.172999999999998,"ELEV_INV":28.870999999999999,"LABEL":"G-MH-268","Inastallation_Status":2,"X":410780.40099999961,"Y":2918773.9729999993,"Depth_Class":"2 - 3 m","District":"Al Nuzha"}},{"type":"Feature","id":700,"geometry":{"type":"Point","coordinates":[410777.43699999992,2918685.0299999993]},"properties":{"OBJECTID":700,"Zone":"Zone G","STRCTDPTH":3.0979999999999954,"ELEV_GND":32.235999999999997,"ELEV_INV":29.138000000000002,"LABEL":"G-MH-269","Inastallation_Status":1,"X":410777.43699999992,"Y":2918685.0299999993,"Depth_Class":"3 - 4 m","District":"Al Nuzha"}},{"type":"Feature","id":701,"geometry":{"type":"Point","coordinates":[410774.34999999963,2918594.0490000006]},"properties":{"OBJECTID":701,"Zone":"Zone G","STRCTDPTH":2.9159999999999968,"ELEV_GND":33.360999999999997,"ELEV_INV":30.445,"LABEL":"G-MH-270","Inastallation_Status":4,"X":410774.34999999963,"Y":2918594.0490000006,"Depth_Class":"2 - 3 m","District":"Al Nuzha"}},{"type":"Feature","id":702,"geometry":{"type":"Point","coordinates":[410771.37799999956,2918499.2219999991]},"properties":{"OBJECTID":702,"Zone":"Zone G","STRCTDPTH":3.7839999999999989,"ELEV_GND":34.503999999999998,"ELEV_INV":30.719999999999999,"LABEL":"G-MH-271","Inastallation_Status":4,"X":410771.37799999956,"Y":2918499.2219999991,"Depth_Class":"3 - 4 m","District":"Al Nuzha"}},{"type":"Feature","id":703,"geometry":{"type":"Point","coordinates":[410702.10599999968,2918500.7960000001]},"properties":{"OBJECTID":703,"Zone":"Zone G","STRCTDPTH":2.4489999999999981,"ELEV_GND":34.220999999999997,"ELEV_INV":31.771999999999998,"LABEL":"G-MH-272","Inastallation_Status":4,"X":410702.10599999968,"Y":2918500.7960000001,"Depth_Class":"2 - 3 m","District":"Al Nuzha"}},{"type":"Feature","id":704,"geometry":{"type":"Point","coordinates":[410650.85800000001,2918503.2400000002]},"properties":{"OBJECTID":704,"Zone":"Zone G","STRCTDPTH":2.0949999999999953,"ELEV_GND":33.982999999999997,"ELEV_INV":31.888000000000002,"LABEL":"G-MH-273","Inastallation_Status":4,"X":410650.85800000001,"Y":2918503.2400000002,"Depth_Class":"2 - 3 m","District":"Al Nuzha"}},{"type":"Feature","id":705,"geometry":{"type":"Point","coordinates":[410647.98199999984,2918444.9680000003]},"properties":{"OBJECTID":705,"Zone":"Zone G","STRCTDPTH":2.7430000000000021,"ELEV_GND":34.762,"ELEV_INV":32.018999999999998,"LABEL":"G-MH-274","Inastallation_Status":4,"X":410647.98199999984,"Y":2918444.9680000003,"Depth_Class":"2 - 3 m","District":"Al Nuzha"}},{"type":"Feature","id":706,"geometry":{"type":"Point","coordinates":[410645.77799999993,2918386.1630000006]},"properties":{"OBJECTID":706,"Zone":"Zone G","STRCTDPTH":3.6049999999999969,"ELEV_GND":35.756999999999998,"ELEV_INV":32.152000000000001,"LABEL":"G-MH-275","Inastallation_Status":4,"X":410645.77799999993,"Y":2918386.1630000006,"Depth_Class":"3 - 4 m","District":"Al Nuzha"}},{"type":"Feature","id":707,"geometry":{"type":"Point","coordinates":[410643.88599999994,2918320.5889999997]},"properties":{"OBJECTID":707,"Zone":"Zone G","STRCTDPTH":4.4819999999999993,"ELEV_GND":36.880000000000003,"ELEV_INV":32.398000000000003,"LABEL":"G-MH-276","Inastallation_Status":4,"X":410643.88599999994,"Y":2918320.5889999997,"Depth_Class":"4 - 5 m","District":"Al Nuzha"}},{"type":"Feature","id":708,"geometry":{"type":"Point","coordinates":[410641.67389999982,2918260.4714000002]},"properties":{"OBJECTID":708,"Zone":"Zone G","STRCTDPTH":3.740000000000002,"ELEV_GND":36.899999999999999,"ELEV_INV":33.159999999999997,"LABEL":"G-MH-277","Inastallation_Status":4,"X":410641.67389999982,"Y":2918260.4714000002,"Depth_Class":"3 - 4 m","District":"Al Nuzha"}},{"type":"Feature","id":709,"geometry":{"type":"Point","coordinates":[410611.96889999975,2918322.9603000004]},"properties":{"OBJECTID":709,"Zone":"Zone G","STRCTDPTH":3.9759999999999991,"ELEV_GND":36.927999999999997,"ELEV_INV":32.951999999999998,"LABEL":"G-MH-278","Inastallation_Status":4,"X":410611.96889999975,"Y":2918322.9603000004,"Depth_Class":"3 - 4 m","District":"Al Waha"}},{"type":"Feature","id":710,"geometry":{"type":"Point","coordinates":[410613.12299999967,2918345.2520000003]},"properties":{"OBJECTID":710,"Zone":"Zone G","STRCTDPTH":3.3909999999999982,"ELEV_GND":36.427,"ELEV_INV":33.036000000000001,"LABEL":"G-MH-279","Inastallation_Status":4,"X":410613.12299999967,"Y":2918345.2520000003,"Depth_Class":"3 - 4 m","District":"Al Jamieen"}},{"type":"Feature","id":711,"geometry":{"type":"Point","coordinates":[410565.85529999994,2918356.7363000009]},"properties":{"OBJECTID":711,"Zone":"Zone G","STRCTDPTH":3.6509999999999962,"ELEV_GND":36.795999999999999,"ELEV_INV":33.145000000000003,"LABEL":"G-MH-280","Inastallation_Status":4,"X":410565.85529999994,"Y":2918356.7363000009,"Depth_Class":"3 - 4 m","District":"Al Jamieen"}},{"type":"Feature","id":712,"geometry":{"type":"Point","coordinates":[410507.53899999987,2918370.9049999993]},"properties":{"OBJECTID":712,"Zone":"Zone G","STRCTDPTH":3.9720000000000013,"ELEV_GND":37.252000000000002,"ELEV_INV":33.280000000000001,"LABEL":"G-MH-281","Inastallation_Status":4,"X":410507.53899999987,"Y":2918370.9049999993,"Depth_Class":"3 - 4 m","District":"Al Jamieen"}},{"type":"Feature","id":713,"geometry":{"type":"Point","coordinates":[410497.33600000013,2918368.1510000005]},"properties":{"OBJECTID":713,"Zone":"Zone G","STRCTDPTH":3.911999999999999,"ELEV_GND":37.491999999999997,"ELEV_INV":33.579999999999998,"LABEL":"G-MH-282","Inastallation_Status":4,"X":410497.33600000013,"Y":2918368.1510000005,"Depth_Class":"3 - 4 m","District":"Al Jamieen"}},{"type":"Feature","id":714,"geometry":{"type":"Point","coordinates":[410499.77840000018,2918320.6955999993]},"properties":{"OBJECTID":714,"Zone":"Zone G","STRCTDPTH":4.6329999999999956,"ELEV_GND":38.284999999999997,"ELEV_INV":33.652000000000001,"LABEL":"G-MH-283","Inastallation_Status":4,"X":410499.77840000018,"Y":2918320.6955999993,"Depth_Class":"4 - 5 m","District":"Al Waha"}},{"type":"Feature","id":715,"geometry":{"type":"Point","coordinates":[410502.2424999997,2918272.8198000006]},"properties":{"OBJECTID":715,"Zone":"Zone G","STRCTDPTH":4.8019999999999996,"ELEV_GND":38.527999999999999,"ELEV_INV":33.725999999999999,"LABEL":"G-MH-284","Inastallation_Status":4,"X":410502.2424999997,"Y":2918272.8198000006,"Depth_Class":"4 - 5 m","District":"Al Waha"}},{"type":"Feature","id":716,"geometry":{"type":"Point","coordinates":[410504.63900000043,2918226.2569999993]},"properties":{"OBJECTID":716,"Zone":"Zone G","STRCTDPTH":4.6370000000000005,"ELEV_GND":38.433999999999997,"ELEV_INV":33.796999999999997,"LABEL":"G-MH-285","Inastallation_Status":4,"X":410504.63900000043,"Y":2918226.2569999993,"Depth_Class":"4 - 5 m","District":"Al Waha"}},{"type":"Feature","id":717,"geometry":{"type":"Point","coordinates":[410502.91500000004,2918166.4020000007]},"properties":{"OBJECTID":717,"Zone":"Zone G","STRCTDPTH":4.5020000000000024,"ELEV_GND":38.390000000000001,"ELEV_INV":33.887999999999998,"LABEL":"G-MH-286","Inastallation_Status":4,"X":410502.91500000004,"Y":2918166.4020000007,"Depth_Class":"4 - 5 m","District":"Al Waha"}},{"type":"Feature","id":718,"geometry":{"type":"Point","coordinates":[410511.94000000041,2918166.6549999993]},"properties":{"OBJECTID":718,"Zone":"Zone G","STRCTDPTH":3.3079999999999998,"ELEV_GND":38.320999999999998,"ELEV_INV":35.012999999999998,"LABEL":"G-MH-287","Inastallation_Status":4,"X":410511.94000000041,"Y":2918166.6549999993,"Depth_Class":"3 - 4 m","District":"Al Waha"}},{"type":"Feature","id":719,"geometry":{"type":"Point","coordinates":[410511.44699999969,2918111.2320000008]},"properties":{"OBJECTID":719,"Zone":"Zone G","STRCTDPTH":3.6389999999999958,"ELEV_GND":38.735999999999997,"ELEV_INV":35.097000000000001,"LABEL":"G-MH-288","Inastallation_Status":4,"X":410511.44699999969,"Y":2918111.2320000008,"Depth_Class":"3 - 4 m","District":"Al Waha"}},{"type":"Feature","id":720,"geometry":{"type":"Point","coordinates":[410506.74199999962,2918071.1730000004]},"properties":{"OBJECTID":720,"Zone":"Zone G","STRCTDPTH":4.75,"ELEV_GND":39.908999999999999,"ELEV_INV":35.158999999999999,"LABEL":"G-MH-289","Inastallation_Status":4,"X":410506.74199999962,"Y":2918071.1730000004,"Depth_Class":"4 - 5 m","District":"Al Waha"}},{"type":"Feature","id":721,"geometry":{"type":"Point","coordinates":[410466.74799999967,2918068.7459999993]},"properties":{"OBJECTID":721,"Zone":"Zone G","STRCTDPTH":4.2379999999999995,"ELEV_GND":40.012,"ELEV_INV":35.774000000000001,"LABEL":"G-MH-290","Inastallation_Status":4,"X":410466.74799999967,"Y":2918068.7459999993,"Depth_Class":"4 - 5 m","District":"Al Waha"}},{"type":"Feature","id":722,"geometry":{"type":"Point","coordinates":[410417.11899999995,2918065.9700000007]},"properties":{"OBJECTID":722,"Zone":"Zone G","STRCTDPTH":4.3370000000000033,"ELEV_GND":40.198,"ELEV_INV":35.860999999999997,"LABEL":"G-MH-291","Inastallation_Status":4,"X":410417.11899999995,"Y":2918065.9700000007,"Depth_Class":"4 - 5 m","District":"Al Waha"}},{"type":"Feature","id":723,"geometry":{"type":"Point","coordinates":[410374.28100000042,2918063.4499999993]},"properties":{"OBJECTID":723,"Zone":"Zone G","STRCTDPTH":4.4140000000000015,"ELEV_GND":40.350000000000001,"ELEV_INV":35.936,"LABEL":"G-MH-292","Inastallation_Status":4,"X":410374.28100000042,"Y":2918063.4499999993,"Depth_Class":"4 - 5 m","District":"Al Waha"}},{"type":"Feature","id":724,"geometry":{"type":"Point","coordinates":[410335.36699999962,2918060.9220000003]},"properties":{"OBJECTID":724,"Zone":"Zone G","STRCTDPTH":4.6009999999999991,"ELEV_GND":40.604999999999997,"ELEV_INV":36.003999999999998,"LABEL":"G-MH-293","Inastallation_Status":4,"X":410335.36699999962,"Y":2918060.9220000003,"Depth_Class":"4 - 5 m","District":"Al Waha"}},{"type":"Feature","id":725,"geometry":{"type":"Point","coordinates":[410285.80350000039,2918057.9719999991]},"properties":{"OBJECTID":725,"Zone":"Zone G","STRCTDPTH":4.9769999999999968,"ELEV_GND":41.067999999999998,"ELEV_INV":36.091000000000001,"LABEL":"G-MH-294","Inastallation_Status":4,"X":410285.80350000039,"Y":2918057.9719999991,"Depth_Class":"4 - 5 m","District":"Al Waha"}},{"type":"Feature","id":726,"geometry":{"type":"Point","coordinates":[410236.24000000022,2918055.0219999999]},"properties":{"OBJECTID":726,"Zone":"Zone G","STRCTDPTH":5.0700000000000003,"ELEV_GND":41.247999999999998,"ELEV_INV":36.177999999999997,"LABEL":"G-MH-295","Inastallation_Status":4,"X":410236.24000000022,"Y":2918055.0219999999,"Depth_Class":"5 - 6 m","District":"Al Waha"}},{"type":"Feature","id":727,"geometry":{"type":"Point","coordinates":[410193.30900000036,2918052.6209999993]},"properties":{"OBJECTID":727,"Zone":"Zone G","STRCTDPTH":4.7079999999999984,"ELEV_GND":40.960999999999999,"ELEV_INV":36.253,"LABEL":"G-MH-296","Inastallation_Status":4,"X":410193.30900000036,"Y":2918052.6209999993,"Depth_Class":"4 - 5 m","District":"Al Waha"}},{"type":"Feature","id":728,"geometry":{"type":"Point","coordinates":[410169.40500000026,2918046.6549999993]},"properties":{"OBJECTID":728,"Zone":"Zone G","STRCTDPTH":4.8200000000000003,"ELEV_GND":41.116,"ELEV_INV":36.295999999999999,"LABEL":"G-MH-297","Inastallation_Status":4,"X":410169.40500000026,"Y":2918046.6549999993,"Depth_Class":"4 - 5 m","District":"Al Waha"}},{"type":"Feature","id":729,"geometry":{"type":"Point","coordinates":[410197.45480000041,2917995.3102000002]},"properties":{"OBJECTID":729,"Zone":"Zone G","STRCTDPTH":4.4579999999999984,"ELEV_GND":40.856000000000002,"ELEV_INV":36.398000000000003,"LABEL":"G-MH-298","Inastallation_Status":4,"X":410197.45480000041,"Y":2917995.3102000002,"Depth_Class":"4 - 5 m","District":"Al Waha"}},{"type":"Feature","id":730,"geometry":{"type":"Point","coordinates":[410235.85080000013,2917925.0266999993]},"properties":{"OBJECTID":730,"Zone":"Zone G","STRCTDPTH":3.9609999999999985,"ELEV_GND":40.5,"ELEV_INV":36.539000000000001,"LABEL":"G-MH-299","Inastallation_Status":4,"X":410235.85080000013,"Y":2917925.0266999993,"Depth_Class":"3 - 4 m","District":"Al Waha"}},{"type":"Feature","id":731,"geometry":{"type":"Point","coordinates":[410214.7209999999,2917910.9590000007]},"properties":{"OBJECTID":731,"Zone":"Zone G","STRCTDPTH":3.9470000000000027,"ELEV_GND":40.530000000000001,"ELEV_INV":36.582999999999998,"LABEL":"G-MH-300","Inastallation_Status":4,"X":410214.7209999999,"Y":2917910.9590000007,"Depth_Class":"3 - 4 m","District":"Al Waha"}},{"type":"Feature","id":732,"geometry":{"type":"Point","coordinates":[407224.84059999976,2925870.1291000005]},"properties":{"OBJECTID":732,"Zone":"ZONE H","STRCTDPTH":7.2300000000000004,"ELEV_GND":2.532,"ELEV_INV":-4.6980000000000004,"LABEL":"H-MH-1","Inastallation_Status":1,"X":407224.84059999976,"Y":2925870.1291000005,"Depth_Class":"7 - 8 m","District":"Al Onoud"}},{"type":"Feature","id":733,"geometry":{"type":"Point","coordinates":[407253.89379999973,2925869.7573000006]},"properties":{"OBJECTID":733,"Zone":"ZONE H","STRCTDPTH":7.1539999999999999,"ELEV_GND":2.5049999999999999,"ELEV_INV":-4.649,"LABEL":"H-MH-2","Inastallation_Status":1,"X":407253.89379999973,"Y":2925869.7573000006,"Depth_Class":"7 - 8 m","District":"Al Onoud"}},{"type":"Feature","id":734,"geometry":{"type":"Point","coordinates":[407255.01360000018,2925931.8089000005]},"properties":{"OBJECTID":734,"Zone":"ZONE H","STRCTDPTH":5.9610000000000003,"ELEV_GND":2.8199999999999998,"ELEV_INV":-3.141,"LABEL":"H-MH-2-1","Inastallation_Status":1,"X":407255.01360000018,"Y":2925931.8089000005,"Depth_Class":"5 - 6 m","District":"Al Onoud"}},{"type":"Feature","id":735,"geometry":{"type":"Point","coordinates":[407055.69460000005,2926222.5349000003]},"properties":{"OBJECTID":735,"Zone":"ZONE H","STRCTDPTH":4.9539999999999997,"ELEV_GND":3.1099999999999999,"ELEV_INV":-1.8440000000000001,"LABEL":"H-MH-2-10","Inastallation_Status":1,"X":407055.69460000005,"Y":2926222.5349000003,"Depth_Class":"4 - 5 m","District":"Al Aziziyah"}},{"type":"Feature","id":736,"geometry":{"type":"Point","coordinates":[407063.19020000007,2926259.0293000005]},"properties":{"OBJECTID":736,"Zone":"ZONE H","STRCTDPTH":4.9079999999999995,"ELEV_GND":3.113,"ELEV_INV":-1.7949999999999999,"LABEL":"H-MH-2-11","Inastallation_Status":1,"X":407063.19020000007,"Y":2926259.0293000005,"Depth_Class":"4 - 5 m","District":"Al Aziziyah"}},{"type":"Feature","id":737,"geometry":{"type":"Point","coordinates":[407069.34659999982,2926305.1259000003]},"properties":{"OBJECTID":737,"Zone":"ZONE H","STRCTDPTH":4.8859999999999992,"ELEV_GND":3.2599999999999998,"ELEV_INV":-1.6259999999999999,"LABEL":"H-MH-2-12","Inastallation_Status":1,"X":407069.34659999982,"Y":2926305.1259000003,"Depth_Class":"4 - 5 m","District":"Al Aziziyah"}},{"type":"Feature","id":738,"geometry":{"type":"Point","coordinates":[407079.11129999999,2926345.0365999993]},"properties":{"OBJECTID":738,"Zone":"ZONE H","STRCTDPTH":4.6379999999999999,"ELEV_GND":3.0830000000000002,"ELEV_INV":-1.5549999999999999,"LABEL":"H-MH-2-13","Inastallation_Status":1,"X":407079.11129999999,"Y":2926345.0365999993,"Depth_Class":"4 - 5 m","District":"Al Aziziyah"}},{"type":"Feature","id":739,"geometry":{"type":"Point","coordinates":[407082.14859999996,2926380.2259]},"properties":{"OBJECTID":739,"Zone":"ZONE H","STRCTDPTH":4.7229999999999999,"ELEV_GND":3.23,"ELEV_INV":-1.4930000000000001,"LABEL":"H-MH-2-14","Inastallation_Status":1,"X":407082.14859999996,"Y":2926380.2259,"Depth_Class":"4 - 5 m","District":"Al Aziziyah"}},{"type":"Feature","id":740,"geometry":{"type":"Point","coordinates":[407036.51460000034,2926388.1078999992]},"properties":{"OBJECTID":740,"Zone":"ZONE H","STRCTDPTH":4.5609999999999999,"ELEV_GND":3.1699999999999999,"ELEV_INV":-1.391,"LABEL":"H-MH-2-15","Inastallation_Status":1,"X":407036.51460000034,"Y":2926388.1078999992,"Depth_Class":"4 - 5 m","District":"Al Aziziyah"}},{"type":"Feature","id":741,"geometry":{"type":"Point","coordinates":[406990.99660000019,2926395.1298999991]},"properties":{"OBJECTID":741,"Zone":"ZONE H","STRCTDPTH":4.3499999999999996,"ELEV_GND":3.0600000000000001,"ELEV_INV":-1.29,"LABEL":"H-MH-2-16","Inastallation_Status":1,"X":406990.99660000019,"Y":2926395.1298999991,"Depth_Class":"4 - 5 m","District":"Al Aziziyah"}},{"type":"Feature","id":742,"geometry":{"type":"Point","coordinates":[406929.05460000038,2926405.3578999992]},"properties":{"OBJECTID":742,"Zone":"ZONE H","STRCTDPTH":4.1529999999999996,"ELEV_GND":3.0019999999999998,"ELEV_INV":-1.151,"LABEL":"H-MH-2-17","Inastallation_Status":1,"X":406929.05460000038,"Y":2926405.3578999992,"Depth_Class":"4 - 5 m","District":"Al Aziziyah"}},{"type":"Feature","id":743,"geometry":{"type":"Point","coordinates":[406935.73159999959,2926444.9068999998]},"properties":{"OBJECTID":743,"Zone":"ZONE H","STRCTDPTH":4.0229999999999997,"ELEV_GND":2.96,"ELEV_INV":-1.0629999999999999,"LABEL":"H-MH-2-18","Inastallation_Status":1,"X":406935.73159999959,"Y":2926444.9068999998,"Depth_Class":"4 - 5 m","District":"Al Aziziyah"}},{"type":"Feature","id":744,"geometry":{"type":"Point","coordinates":[406942.18259999994,2926484.4828999992]},"properties":{"OBJECTID":744,"Zone":"ZONE H","STRCTDPTH":4.0510000000000002,"ELEV_GND":3.0800000000000001,"ELEV_INV":-0.97099999999999997,"LABEL":"H-MH-2-19","Inastallation_Status":1,"X":406942.18259999994,"Y":2926484.4828999992,"Depth_Class":"4 - 5 m","District":"Al Aziziyah"}},{"type":"Feature","id":745,"geometry":{"type":"Point","coordinates":[407256.09960000031,2925982.1778999995]},"properties":{"OBJECTID":745,"Zone":"ZONE H","STRCTDPTH":6.0949999999999998,"ELEV_GND":3.0499999999999998,"ELEV_INV":-3.0449999999999999,"LABEL":"H-MH-2-2","Inastallation_Status":1,"X":407256.09960000031,"Y":2925982.1778999995,"Depth_Class":"6 - 7 m","District":"Al Onoud"}},{"type":"Feature","id":746,"geometry":{"type":"Point","coordinates":[406949.03959999979,2926523.7739000004]},"properties":{"OBJECTID":746,"Zone":"ZONE H","STRCTDPTH":4.2169999999999996,"ELEV_GND":3.3399999999999999,"ELEV_INV":-0.877,"LABEL":"H-MH-2-20","Inastallation_Status":1,"X":406949.03959999979,"Y":2926523.7739000004,"Depth_Class":"4 - 5 m","District":"Al Aziziyah"}},{"type":"Feature","id":747,"geometry":{"type":"Point","coordinates":[406889.30360000022,2926533.3018999994]},"properties":{"OBJECTID":747,"Zone":"ZONE H","STRCTDPTH":3.8799999999999999,"ELEV_GND":3.1499999999999999,"ELEV_INV":-0.72999999999999998,"LABEL":"H-MH-2-21","Inastallation_Status":1,"X":406889.30360000022,"Y":2926533.3018999994,"Depth_Class":"3 - 4 m","District":"Al Aziziyah"}},{"type":"Feature","id":748,"geometry":{"type":"Point","coordinates":[406843.08139999956,2926543.8463000003]},"properties":{"OBJECTID":748,"Zone":"ZONE H","STRCTDPTH":3.6869999999999998,"ELEV_GND":3.0739999999999998,"ELEV_INV":-0.61299999999999999,"LABEL":"H-MH-2-22","Inastallation_Status":1,"X":406843.08139999956,"Y":2926543.8463000003,"Depth_Class":"3 - 4 m","District":"Al Aziziyah"}},{"type":"Feature","id":749,"geometry":{"type":"Point","coordinates":[407257.2845999999,2926032.0518999994]},"properties":{"OBJECTID":749,"Zone":"ZONE H","STRCTDPTH":6.1900000000000004,"ELEV_GND":3.2400000000000002,"ELEV_INV":-2.9500000000000002,"LABEL":"H-MH-2-3","Inastallation_Status":1,"X":407257.2845999999,"Y":2926032.0518999994,"Depth_Class":"6 - 7 m","District":"Al Onoud"}},{"type":"Feature","id":750,"geometry":{"type":"Point","coordinates":[407258.48660000041,2926082.0369000006]},"properties":{"OBJECTID":750,"Zone":"ZONE H","STRCTDPTH":6.0250000000000004,"ELEV_GND":3.1699999999999999,"ELEV_INV":-2.855,"LABEL":"H-MH-2-4","Inastallation_Status":1,"X":407258.48660000041,"Y":2926082.0369000006,"Depth_Class":"6 - 7 m","District":"Al Onoud"}},{"type":"Feature","id":751,"geometry":{"type":"Point","coordinates":[407259.71960000042,2926139.8258999996]},"properties":{"OBJECTID":751,"Zone":"ZONE H","STRCTDPTH":6.0659999999999998,"ELEV_GND":3.3199999999999998,"ELEV_INV":-2.746,"LABEL":"H-MH-2-5","Inastallation_Status":1,"X":407259.71960000042,"Y":2926139.8258999996,"Depth_Class":"6 - 7 m","District":"Al Aziziyah"}},{"type":"Feature","id":752,"geometry":{"type":"Point","coordinates":[407210.79459999967,2926147.2578999996]},"properties":{"OBJECTID":752,"Zone":"ZONE H","STRCTDPTH":5.9020000000000001,"ELEV_GND":3.25,"ELEV_INV":-2.6520000000000001,"LABEL":"H-MH-2-6","Inastallation_Status":1,"X":407210.79459999967,"Y":2926147.2578999996,"Depth_Class":"5 - 6 m","District":"Al Aziziyah"}},{"type":"Feature","id":753,"geometry":{"type":"Point","coordinates":[407151.67260000017,2926156.9789000005]},"properties":{"OBJECTID":753,"Zone":"ZONE H","STRCTDPTH":5.7780000000000005,"ELEV_GND":3.2400000000000002,"ELEV_INV":-2.5379999999999998,"LABEL":"H-MH-2-7","Inastallation_Status":1,"X":407151.67260000017,"Y":2926156.9789000005,"Depth_Class":"5 - 6 m","District":"Al Aziziyah"}},{"type":"Feature","id":754,"geometry":{"type":"Point","coordinates":[407092.35259999987,2926166.8958999999]},"properties":{"OBJECTID":754,"Zone":"ZONE H","STRCTDPTH":5.5739999999999998,"ELEV_GND":3.1499999999999999,"ELEV_INV":-2.4239999999999999,"LABEL":"H-MH-2-8","Inastallation_Status":1,"X":407092.35259999987,"Y":2926166.8958999999,"Depth_Class":"5 - 6 m","District":"Al Aziziyah"}},{"type":"Feature","id":755,"geometry":{"type":"Point","coordinates":[407047.95260000043,2926174.2749000005]},"properties":{"OBJECTID":755,"Zone":"ZONE H","STRCTDPTH":5.468,"ELEV_GND":3.1299999999999999,"ELEV_INV":-2.3380000000000001,"LABEL":"H-MH-2-9","Inastallation_Status":1,"X":407047.95260000043,"Y":2926174.2749000005,"Depth_Class":"5 - 6 m","District":"Al Aziziyah"}},{"type":"Feature","id":756,"geometry":{"type":"Point","coordinates":[407003.51059999969,2926181.6029000003]},"properties":{"OBJECTID":756,"Zone":"ZONE H","STRCTDPTH":5.1389999999999993,"ELEV_GND":3.0699999999999998,"ELEV_INV":-2.069,"LABEL":"H-MH-2-9-1","Inastallation_Status":1,"X":407003.51059999969,"Y":2926181.6029000003,"Depth_Class":"5 - 6 m","District":"Al Aziziyah"}},{"type":"Feature","id":757,"geometry":{"type":"Point","coordinates":[406597.28160000034,2926250.9956]},"properties":{"OBJECTID":757,"Zone":"ZONE H","STRCTDPTH":1.9689999999999999,"ELEV_GND":2.75,"ELEV_INV":0.78100000000000003,"LABEL":"H-MH-2-9-10","Inastallation_Status":1,"X":406597.28160000034,"Y":2926250.9956,"Depth_Class":"1 - 2 m","District":"Al Aziziyah"}},{"type":"Feature","id":758,"geometry":{"type":"Point","coordinates":[406944.23660000041,2926191.1589000002]},"properties":{"OBJECTID":758,"Zone":"ZONE H","STRCTDPTH":5.109,"ELEV_GND":3.1299999999999999,"ELEV_INV":-1.9790000000000001,"LABEL":"H-MH-2-9-2","Inastallation_Status":1,"X":406944.23660000041,"Y":2926191.1589000002,"Depth_Class":"5 - 6 m","District":"Al Aziziyah"}},{"type":"Feature","id":759,"geometry":{"type":"Point","coordinates":[406893.23529999983,2926201.4860999994]},"properties":{"OBJECTID":759,"Zone":"ZONE H","STRCTDPTH":4.875,"ELEV_GND":2.9740000000000002,"ELEV_INV":-1.901,"LABEL":"H-MH-2-9-3","Inastallation_Status":1,"X":406893.23529999983,"Y":2926201.4860999994,"Depth_Class":"4 - 5 m","District":"Al Aziziyah"}},{"type":"Feature","id":760,"geometry":{"type":"Point","coordinates":[406825.95959999971,2926211.0339000002]},"properties":{"OBJECTID":760,"Zone":"ZONE H","STRCTDPTH":4.8689999999999998,"ELEV_GND":3.0699999999999998,"ELEV_INV":-1.7989999999999999,"LABEL":"H-MH-2-9-4","Inastallation_Status":1,"X":406825.95959999971,"Y":2926211.0339000002,"Depth_Class":"4 - 5 m","District":"Al Aziziyah"}},{"type":"Feature","id":761,"geometry":{"type":"Point","coordinates":[406800.37050000019,2926215.9525000006]},"properties":{"OBJECTID":761,"Zone":"ZONE H","STRCTDPTH":4.6909999999999998,"ELEV_GND":2.931,"ELEV_INV":-1.76,"LABEL":"H-MH-2-9-5","Inastallation_Status":1,"X":406800.37050000019,"Y":2926215.9525000006,"Depth_Class":"4 - 5 m","District":"Al Aziziyah"}},{"type":"Feature","id":762,"geometry":{"type":"Point","coordinates":[406766.88460000046,2926221.0799000002]},"properties":{"OBJECTID":762,"Zone":"ZONE H","STRCTDPTH":4.7490000000000006,"ELEV_GND":3.04,"ELEV_INV":-1.7090000000000001,"LABEL":"H-MH-2-9-6","Inastallation_Status":1,"X":406766.88460000046,"Y":2926221.0799000002,"Depth_Class":"4 - 5 m","District":"Al Aziziyah"}},{"type":"Feature","id":763,"geometry":{"type":"Point","coordinates":[406722.17960000038,2926228.2328999992]},"properties":{"OBJECTID":763,"Zone":"ZONE H","STRCTDPTH":4.601,"ELEV_GND":2.96,"ELEV_INV":-1.641,"LABEL":"H-MH-2-9-7","Inastallation_Status":1,"X":406722.17960000038,"Y":2926228.2328999992,"Depth_Class":"4 - 5 m","District":"Al Aziziyah"}},{"type":"Feature","id":764,"geometry":{"type":"Point","coordinates":[406682.85859999992,2926234.5359000005]},"properties":{"OBJECTID":764,"Zone":"ZONE H","STRCTDPTH":2.5129999999999999,"ELEV_GND":2.9449999999999998,"ELEV_INV":0.432,"LABEL":"H-MH-2-9-8","Inastallation_Status":1,"X":406682.85859999992,"Y":2926234.5359000005,"Depth_Class":"2 - 3 m","District":"Al Aziziyah"}},{"type":"Feature","id":765,"geometry":{"type":"Point","coordinates":[406653.52159999963,2926239.8079000004]},"properties":{"OBJECTID":765,"Zone":"ZONE H","STRCTDPTH":2.3479999999999999,"ELEV_GND":2.8999999999999999,"ELEV_INV":0.55200000000000005,"LABEL":"H-MH-2-9-9","Inastallation_Status":1,"X":406653.52159999963,"Y":2926239.8079000004,"Depth_Class":"2 - 3 m","District":"Al Aziziyah"}},{"type":"Feature","id":766,"geometry":{"type":"Point","coordinates":[407301.19460000005,2925870.4478999991]},"properties":{"OBJECTID":766,"Zone":"ZONE H","STRCTDPTH":6.7699999999999996,"ELEV_GND":3.21,"ELEV_INV":-3.5600000000000001,"LABEL":"H-MH-3","Inastallation_Status":1,"X":407301.19460000005,"Y":2925870.4478999991,"Depth_Class":"6 - 7 m","District":"Al Onoud"}},{"type":"Feature","id":767,"geometry":{"type":"Point","coordinates":[407332.37839999981,2925870.8178000003]},"properties":{"OBJECTID":767,"Zone":"ZONE H","STRCTDPTH":6.6180000000000003,"ELEV_GND":3.105,"ELEV_INV":-3.5129999999999999,"LABEL":"H-MH-4","Inastallation_Status":4,"X":407332.37839999981,"Y":2925870.8178000003,"Depth_Class":"6 - 7 m","District":"Al Onoud"}},{"type":"Feature","id":768,"geometry":{"type":"Point","coordinates":[407340.22059999965,2925889.2059000004]},"properties":{"OBJECTID":768,"Zone":"ZONE H","STRCTDPTH":6.6829999999999998,"ELEV_GND":3.2000000000000002,"ELEV_INV":-3.4830000000000001,"LABEL":"H-MH-5","Inastallation_Status":1,"X":407340.22059999965,"Y":2925889.2059000004,"Depth_Class":"6 - 7 m","District":"Al Onoud"}},{"type":"Feature","id":769,"geometry":{"type":"Point","coordinates":[407343.0055999998,2925979.3999000005]},"properties":{"OBJECTID":769,"Zone":"ZONE H","STRCTDPTH":5.585,"ELEV_GND":3.2599999999999998,"ELEV_INV":-2.3250000000000002,"LABEL":"H-MH-6","Inastallation_Status":1,"X":407343.0055999998,"Y":2925979.3999000005,"Depth_Class":"5 - 6 m","District":"Al Onoud"}},{"type":"Feature","id":770,"geometry":{"type":"Point","coordinates":[407344.40660000034,2926029.8838999998]},"properties":{"OBJECTID":770,"Zone":"ZONE H","STRCTDPTH":5.4000000000000004,"ELEV_GND":3.1299999999999999,"ELEV_INV":-2.27,"LABEL":"H-MH-7","Inastallation_Status":1,"X":407344.40660000034,"Y":2926029.8838999998,"Depth_Class":"5 - 6 m","District":"Al Onoud"}},{"type":"Feature","id":771,"geometry":{"type":"Point","coordinates":[407339.07959999982,2926087.3478999995]},"properties":{"OBJECTID":771,"Zone":"ZONE H","STRCTDPTH":5.5179999999999998,"ELEV_GND":3.3119999999999998,"ELEV_INV":-2.206,"LABEL":"H-MH-8","Inastallation_Status":1,"X":407339.07959999982,"Y":2926087.3478999995,"Depth_Class":"5 - 6 m","District":"Al Onoud"}},{"type":"Feature","id":772,"geometry":{"type":"Point","coordinates":[407345.69660000037,2926099.6458999999]},"properties":{"OBJECTID":772,"Zone":"ZONE H","STRCTDPTH":5.4969999999999999,"ELEV_GND":3.306,"ELEV_INV":-2.1909999999999998,"LABEL":"H-MH-9","Inastallation_Status":1,"X":407345.69660000037,"Y":2926099.6458999999,"Depth_Class":"5 - 6 m","District":"Al Onoud"}},{"type":"Feature","id":773,"geometry":{"type":"Point","coordinates":[407355.86259999964,2926109.6839000005]},"properties":{"OBJECTID":773,"Zone":"ZONE H","STRCTDPTH":5.585,"ELEV_GND":3.4100000000000001,"ELEV_INV":-2.1749999999999998,"LABEL":"H-MH-10","Inastallation_Status":1,"X":407355.86259999964,"Y":2926109.6839000005,"Depth_Class":"5 - 6 m","District":"Al Onoud"}},{"type":"Feature","id":774,"geometry":{"type":"Point","coordinates":[407377.27159999963,2926105.9838999994]},"properties":{"OBJECTID":774,"Zone":"ZONE H","STRCTDPTH":5.7709999999999999,"ELEV_GND":3.6200000000000001,"ELEV_INV":-2.1509999999999998,"LABEL":"H-MH-11","Inastallation_Status":1,"X":407377.27159999963,"Y":2926105.9838999994,"Depth_Class":"5 - 6 m","District":"Al Onoud"}},{"type":"Feature","id":775,"geometry":{"type":"Point","coordinates":[407378.78160000034,2926119.3899000008]},"properties":{"OBJECTID":775,"Zone":"ZONE H","STRCTDPTH":5.4779999999999998,"ELEV_GND":3.4399999999999999,"ELEV_INV":-2.0379999999999998,"LABEL":"H-MH-12","Inastallation_Status":1,"X":407378.78160000034,"Y":2926119.3899000008,"Depth_Class":"5 - 6 m","District":"Al Aziziyah"}},{"type":"Feature","id":776,"geometry":{"type":"Point","coordinates":[407387.80059999973,2926168.0489000008]},"properties":{"OBJECTID":776,"Zone":"ZONE H","STRCTDPTH":5.2629999999999999,"ELEV_GND":3.2799999999999998,"ELEV_INV":-1.9830000000000001,"LABEL":"H-MH-13","Inastallation_Status":1,"X":407387.80059999973,"Y":2926168.0489000008,"Depth_Class":"5 - 6 m","District":"Al Aziziyah"}},{"type":"Feature","id":777,"geometry":{"type":"Point","coordinates":[407393.38159999996,2926200.9129000008]},"properties":{"OBJECTID":777,"Zone":"ZONE H","STRCTDPTH":5.2569999999999997,"ELEV_GND":3.3100000000000001,"ELEV_INV":-1.9470000000000001,"LABEL":"H-MH-14","Inastallation_Status":1,"X":407393.38159999996,"Y":2926200.9129000008,"Depth_Class":"5 - 6 m","District":"Al Aziziyah"}},{"type":"Feature","id":778,"geometry":{"type":"Point","coordinates":[407453.88360000029,2926190.6798999999]},"properties":{"OBJECTID":778,"Zone":"ZONE H","STRCTDPTH":5.056,"ELEV_GND":3.177,"ELEV_INV":-1.879,"LABEL":"H-MH-15","Inastallation_Status":1,"X":407453.88360000029,"Y":2926190.6798999999,"Depth_Class":"5 - 6 m","District":"Al Aziziyah"}},{"type":"Feature","id":779,"geometry":{"type":"Point","coordinates":[407462.63659999985,2926249.0219000001]},"properties":{"OBJECTID":779,"Zone":"ZONE H","STRCTDPTH":4.8540000000000001,"ELEV_GND":3.04,"ELEV_INV":-1.8140000000000001,"LABEL":"H-MH-16","Inastallation_Status":1,"X":407462.63659999985,"Y":2926249.0219000001,"Depth_Class":"4 - 5 m","District":"Al Aziziyah"}},{"type":"Feature","id":780,"geometry":{"type":"Point","coordinates":[407473.48859999981,2926315.1868999992]},"properties":{"OBJECTID":780,"Zone":"ZONE H","STRCTDPTH":5.2409999999999997,"ELEV_GND":3.5,"ELEV_INV":-1.7410000000000001,"LABEL":"H-MH-17","Inastallation_Status":1,"X":407473.48859999981,"Y":2926315.1868999992,"Depth_Class":"5 - 6 m","District":"Al Aziziyah"}},{"type":"Feature","id":781,"geometry":{"type":"Point","coordinates":[407520.94259999972,2926307.7879000008]},"properties":{"OBJECTID":781,"Zone":"ZONE H","STRCTDPTH":5.3280000000000003,"ELEV_GND":3.6400000000000001,"ELEV_INV":-1.6879999999999999,"LABEL":"H-MH-18","Inastallation_Status":1,"X":407520.94259999972,"Y":2926307.7879000008,"Depth_Class":"5 - 6 m","District":"Al Aziziyah"}},{"type":"Feature","id":782,"geometry":{"type":"Point","coordinates":[407570.01059999969,2926299.3549000006]},"properties":{"OBJECTID":782,"Zone":"ZONE H","STRCTDPTH":5.2229999999999999,"ELEV_GND":3.5899999999999999,"ELEV_INV":-1.633,"LABEL":"H-MH-19","Inastallation_Status":1,"X":407570.01059999969,"Y":2926299.3549000006,"Depth_Class":"5 - 6 m","District":"Al Aziziyah"}},{"type":"Feature","id":783,"geometry":{"type":"Point","coordinates":[407581.29260000028,2926302.1228999998]},"properties":{"OBJECTID":783,"Zone":"ZONE H","STRCTDPTH":4.5309999999999997,"ELEV_GND":3.5169999999999999,"ELEV_INV":-1.014,"LABEL":"H-MH-20","Inastallation_Status":1,"X":407581.29260000028,"Y":2926302.1228999998,"Depth_Class":"4 - 5 m","District":"Al Aziziyah"}},{"type":"Feature","id":784,"geometry":{"type":"Point","coordinates":[407646.46360000037,2926290.6908999998]},"properties":{"OBJECTID":784,"Zone":"ZONE H","STRCTDPTH":4.5579999999999998,"ELEV_GND":3.6600000000000001,"ELEV_INV":-0.89800000000000002,"LABEL":"H-MH-21","Inastallation_Status":1,"X":407646.46360000037,"Y":2926290.6908999998,"Depth_Class":"4 - 5 m","District":"Al Aziziyah"}},{"type":"Feature","id":785,"geometry":{"type":"Point","coordinates":[407695.05559999961,2926282.8429000005]},"properties":{"OBJECTID":785,"Zone":"ZONE H","STRCTDPTH":4.4020000000000001,"ELEV_GND":3.5899999999999999,"ELEV_INV":-0.81200000000000006,"LABEL":"H-MH-22","Inastallation_Status":1,"X":407695.05559999961,"Y":2926282.8429000005,"Depth_Class":"4 - 5 m","District":"Al Aziziyah"}},{"type":"Feature","id":786,"geometry":{"type":"Point","coordinates":[407738.15359999985,2926275.5178999994]},"properties":{"OBJECTID":786,"Zone":"ZONE H","STRCTDPTH":4.226,"ELEV_GND":3.4900000000000002,"ELEV_INV":-0.73599999999999999,"LABEL":"H-MH-23","Inastallation_Status":1,"X":407738.15359999985,"Y":2926275.5178999994,"Depth_Class":"4 - 5 m","District":"Al Aziziyah"}},{"type":"Feature","id":787,"geometry":{"type":"Point","coordinates":[407750.60659999959,2926273.5339000002]},"properties":{"OBJECTID":787,"Zone":"ZONE H","STRCTDPTH":4.1639999999999997,"ELEV_GND":3.4500000000000002,"ELEV_INV":-0.71399999999999997,"LABEL":"H-MH-24","Inastallation_Status":1,"X":407750.60659999959,"Y":2926273.5339000002,"Depth_Class":"4 - 5 m","District":"Al Aziziyah"}},{"type":"Feature","id":788,"geometry":{"type":"Point","coordinates":[407804.29260000028,2926265.4539000001]},"properties":{"OBJECTID":788,"Zone":"ZONE H","STRCTDPTH":3.9189999999999996,"ELEV_GND":3.2999999999999998,"ELEV_INV":-0.61899999999999999,"LABEL":"H-MH-25","Inastallation_Status":1,"X":407804.29260000028,"Y":2926265.4539000001,"Depth_Class":"3 - 4 m","District":"Al Aziziyah"}},{"type":"Feature","id":789,"geometry":{"type":"Point","coordinates":[407876.72059999965,2926252.9718999993]},"properties":{"OBJECTID":789,"Zone":"ZONE H","STRCTDPTH":3.6799999999999997,"ELEV_GND":3.1899999999999999,"ELEV_INV":-0.48999999999999999,"LABEL":"H-MH-26","Inastallation_Status":1,"X":407876.72059999965,"Y":2926252.9718999993,"Depth_Class":"3 - 4 m","District":"Al Aziziyah"}},{"type":"Feature","id":790,"geometry":{"type":"Point","coordinates":[407932.5055999998,2926243.1548999995]},"properties":{"OBJECTID":790,"Zone":"ZONE H","STRCTDPTH":3.2549999999999999,"ELEV_GND":2.8639999999999999,"ELEV_INV":-0.39100000000000001,"LABEL":"H-MH-27","Inastallation_Status":1,"X":407932.5055999998,"Y":2926243.1548999995,"Depth_Class":"3 - 4 m","District":"Al Aziziyah"}},{"type":"Feature","id":791,"geometry":{"type":"Point","coordinates":[407943.2536000004,2926309.6898999996]},"properties":{"OBJECTID":791,"Zone":"ZONE H","STRCTDPTH":3.2630000000000003,"ELEV_GND":2.9900000000000002,"ELEV_INV":-0.27300000000000002,"LABEL":"H-MH-28","Inastallation_Status":1,"X":407943.2536000004,"Y":2926309.6898999996,"Depth_Class":"3 - 4 m","District":"Al Aziziyah"}},{"type":"Feature","id":792,"geometry":{"type":"Point","coordinates":[407955.42960000038,2926383.7039000001]},"properties":{"OBJECTID":792,"Zone":"ZONE H","STRCTDPTH":3.2719999999999998,"ELEV_GND":3.1299999999999999,"ELEV_INV":-0.14199999999999999,"LABEL":"H-MH-29","Inastallation_Status":1,"X":407955.42960000038,"Y":2926383.7039000001,"Depth_Class":"3 - 4 m","District":"Al Aziziyah"}},{"type":"Feature","id":793,"geometry":{"type":"Point","coordinates":[407967.74560000002,2926457.4359000009]},"properties":{"OBJECTID":793,"Zone":"ZONE H","STRCTDPTH":2.8410000000000002,"ELEV_GND":2.8300000000000001,"ELEV_INV":-0.010999999999999999,"LABEL":"H-MH-30","Inastallation_Status":1,"X":407967.74560000002,"Y":2926457.4359000009,"Depth_Class":"2 - 3 m","District":"Al Aziziyah"}},{"type":"Feature","id":794,"geometry":{"type":"Point","coordinates":[407979.5756000001,2926528.7629000004]},"properties":{"OBJECTID":794,"Zone":"ZONE H","STRCTDPTH":2.5139999999999998,"ELEV_GND":2.6299999999999999,"ELEV_INV":0.11600000000000001,"LABEL":"H-MH-31","Inastallation_Status":1,"X":407979.5756000001,"Y":2926528.7629000004,"Depth_Class":"2 - 3 m","District":"Al Aziziyah"}},{"type":"Feature","id":795,"geometry":{"type":"Point","coordinates":[407987.65479999967,2926596.4796999991]},"properties":{"OBJECTID":795,"Zone":"ZONE H","STRCTDPTH":2.5150000000000001,"ELEV_GND":2.75,"ELEV_INV":0.23499999999999999,"LABEL":"H-MH-32","Inastallation_Status":1,"X":407987.65479999967,"Y":2926596.4796999991,"Depth_Class":"2 - 3 m","District":"Al Aziziyah"}},{"type":"Feature","id":796,"geometry":{"type":"Point","coordinates":[407933.82459999993,2926604.2548999991]},"properties":{"OBJECTID":796,"Zone":"ZONE H","STRCTDPTH":2.5349999999999997,"ELEV_GND":2.8599999999999999,"ELEV_INV":0.32500000000000001,"LABEL":"H-MH-33","Inastallation_Status":1,"X":407933.82459999993,"Y":2926604.2548999991,"Depth_Class":"2 - 3 m","District":"Al Aziziyah"}},{"type":"Feature","id":797,"geometry":{"type":"Point","coordinates":[407874.5876000002,2926614.1179000009]},"properties":{"OBJECTID":797,"Zone":"ZONE H","STRCTDPTH":2.6469999999999998,"ELEV_GND":3.0499999999999998,"ELEV_INV":0.40300000000000002,"LABEL":"H-MH-34","Inastallation_Status":1,"X":407874.5876000002,"Y":2926614.1179000009,"Depth_Class":"2 - 3 m","District":"Al Aziziyah"}},{"type":"Feature","id":798,"geometry":{"type":"Point","coordinates":[407813.37060000002,2926624.1328999996]},"properties":{"OBJECTID":798,"Zone":"ZONE H","STRCTDPTH":2.6960000000000002,"ELEV_GND":3.1800000000000002,"ELEV_INV":0.48399999999999999,"LABEL":"H-MH-35","Inastallation_Status":1,"X":407813.37060000002,"Y":2926624.1328999996,"Depth_Class":"2 - 3 m","District":"Al Aziziyah"}},{"type":"Feature","id":799,"geometry":{"type":"Point","coordinates":[407761.03959999979,2926633.0229000002]},"properties":{"OBJECTID":799,"Zone":"ZONE H","STRCTDPTH":2.7469999999999999,"ELEV_GND":3.2999999999999998,"ELEV_INV":0.55300000000000005,"LABEL":"H-MH-36","Inastallation_Status":1,"X":407761.03959999979,"Y":2926633.0229000002,"Depth_Class":"2 - 3 m","District":"Al Aziziyah"}},{"type":"Feature","id":800,"geometry":{"type":"Point","coordinates":[407710.99260000046,2926641.4068999998]},"properties":{"OBJECTID":800,"Zone":"ZONE H","STRCTDPTH":2.7809999999999997,"ELEV_GND":3.3999999999999999,"ELEV_INV":0.61899999999999999,"LABEL":"H-MH-37","Inastallation_Status":1,"X":407710.99260000046,"Y":2926641.4068999998,"Depth_Class":"2 - 3 m","District":"Al Aziziyah"}},{"type":"Feature","id":801,"geometry":{"type":"Point","coordinates":[407714.26979999989,2926732.3147]},"properties":{"OBJECTID":801,"Zone":"ZONE H","STRCTDPTH":2.0589999999999997,"ELEV_GND":2.8599999999999999,"ELEV_INV":0.80100000000000005,"LABEL":"H-MH-38","Inastallation_Status":1,"X":407714.26979999989,"Y":2926732.3147,"Depth_Class":"2 - 3 m","District":"Al Aziziyah"}},{"type":"Feature","id":802,"geometry":{"type":"Point","coordinates":[407604.85379999969,2925007.8516000006]},"properties":{"OBJECTID":802,"Zone":"ZONE H","STRCTDPTH":6.6669999999999998,"ELEV_GND":2.6699999999999999,"ELEV_INV":-3.9969999999999999,"LABEL":"H-MH-39","Inastallation_Status":4,"X":407604.85379999969,"Y":2925007.8516000006,"Depth_Class":"6 - 7 m","District":"Al Onoud"}},{"type":"Feature","id":803,"geometry":{"type":"Point","coordinates":[407567.64059999958,2925005.6729000006]},"properties":{"OBJECTID":803,"Zone":"ZONE H","STRCTDPTH":6.6580000000000004,"ELEV_GND":2.7200000000000002,"ELEV_INV":-3.9380000000000002,"LABEL":"H-MH-40","Inastallation_Status":4,"X":407567.64059999958,"Y":2925005.6729000006,"Depth_Class":"6 - 7 m","District":"Al Onoud"}},{"type":"Feature","id":804,"geometry":{"type":"Point","coordinates":[407516.01659999974,2925001.1919]},"properties":{"OBJECTID":804,"Zone":"ZONE H","STRCTDPTH":6.5839999999999996,"ELEV_GND":2.71,"ELEV_INV":-3.8740000000000001,"LABEL":"H-MH-41","Inastallation_Status":4,"X":407516.01659999974,"Y":2925001.1919,"Depth_Class":"6 - 7 m","District":"Al Onoud"}},{"type":"Feature","id":805,"geometry":{"type":"Point","coordinates":[407471.43460000027,2924996.4649]},"properties":{"OBJECTID":805,"Zone":"ZONE H","STRCTDPTH":6.4480000000000004,"ELEV_GND":2.6299999999999999,"ELEV_INV":-3.8180000000000001,"LABEL":"H-MH-42","Inastallation_Status":4,"X":407471.43460000027,"Y":2924996.4649,"Depth_Class":"6 - 7 m","District":"Al Onoud"}},{"type":"Feature","id":806,"geometry":{"type":"Point","coordinates":[407427.93360000011,2924992.7489]},"properties":{"OBJECTID":806,"Zone":"ZONE H","STRCTDPTH":6.2729999999999997,"ELEV_GND":2.5099999999999998,"ELEV_INV":-3.7629999999999999,"LABEL":"H-MH-43","Inastallation_Status":4,"X":407427.93360000011,"Y":2924992.7489,"Depth_Class":"6 - 7 m","District":"Al Onoud"}},{"type":"Feature","id":807,"geometry":{"type":"Point","coordinates":[407398.34360000025,2924990.2069000006]},"properties":{"OBJECTID":807,"Zone":"ZONE H","STRCTDPTH":6.1859999999999999,"ELEV_GND":2.46,"ELEV_INV":-3.726,"LABEL":"H-MH-44","Inastallation_Status":4,"X":407398.34360000025,"Y":2924990.2069000006,"Depth_Class":"6 - 7 m","District":"Al Onoud"}},{"type":"Feature","id":808,"geometry":{"type":"Point","coordinates":[407358.76059999969,2924987.3028999995]},"properties":{"OBJECTID":808,"Zone":"ZONE H","STRCTDPTH":6.0359999999999996,"ELEV_GND":2.3599999999999999,"ELEV_INV":-3.6760000000000002,"LABEL":"H-MH-45","Inastallation_Status":4,"X":407358.76059999969,"Y":2924987.3028999995,"Depth_Class":"6 - 7 m","District":"Al Onoud"}},{"type":"Feature","id":809,"geometry":{"type":"Point","coordinates":[407357.5159,2925009.1381000001]},"properties":{"OBJECTID":809,"Zone":"ZONE H","STRCTDPTH":6.0109999999999992,"ELEV_GND":2.3719999999999999,"ELEV_INV":-3.6389999999999998,"LABEL":"H-MH-46","Inastallation_Status":4,"X":407357.5159,"Y":2925009.1381000001,"Depth_Class":"6 - 7 m","District":"Al Onoud"}},{"type":"Feature","id":810,"geometry":{"type":"Point","coordinates":[407353.51860000007,2925050.8659000006]},"properties":{"OBJECTID":810,"Zone":"ZONE H","STRCTDPTH":5.9879999999999995,"ELEV_GND":2.4199999999999999,"ELEV_INV":-3.5680000000000001,"LABEL":"H-MH-47","Inastallation_Status":4,"X":407353.51860000007,"Y":2925050.8659000006,"Depth_Class":"5 - 6 m","District":"Al Onoud"}},{"type":"Feature","id":811,"geometry":{"type":"Point","coordinates":[407349.28670000006,2925088.7160999998]},"properties":{"OBJECTID":811,"Zone":"ZONE H","STRCTDPTH":5.8200000000000003,"ELEV_GND":2.3170000000000002,"ELEV_INV":-3.5030000000000001,"LABEL":"H-MH-48","Inastallation_Status":4,"X":407349.28670000006,"Y":2925088.7160999998,"Depth_Class":"5 - 6 m","District":"Al Onoud"}},{"type":"Feature","id":812,"geometry":{"type":"Point","coordinates":[407346.44959999993,2925127.7849000003]},"properties":{"OBJECTID":812,"Zone":"ZONE H","STRCTDPTH":5.7769999999999992,"ELEV_GND":2.3399999999999999,"ELEV_INV":-3.4369999999999998,"LABEL":"H-MH-49","Inastallation_Status":4,"X":407346.44959999993,"Y":2925127.7849000003,"Depth_Class":"5 - 6 m","District":"Al Onoud"}},{"type":"Feature","id":813,"geometry":{"type":"Point","coordinates":[407413.05069999956,2925131.2589999996]},"properties":{"OBJECTID":813,"Zone":"ZONE H","STRCTDPTH":5.1159999999999997,"ELEV_GND":2.46,"ELEV_INV":-2.6560000000000001,"LABEL":"H-MH-49-1","Inastallation_Status":1,"X":407413.05069999956,"Y":2925131.2589999996,"Depth_Class":"5 - 6 m","District":"Al Onoud"}},{"type":"Feature","id":814,"geometry":{"type":"Point","coordinates":[407769.6827999996,2925225.6052000001]},"properties":{"OBJECTID":814,"Zone":"ZONE H","STRCTDPTH":4.3019999999999996,"ELEV_GND":2.5059999999999998,"ELEV_INV":-1.796,"LABEL":"H-MH-49-10","Inastallation_Status":1,"X":407769.6827999996,"Y":2925225.6052000001,"Depth_Class":"4 - 5 m","District":"Al Onoud"}},{"type":"Feature","id":815,"geometry":{"type":"Point","coordinates":[407463.92960000038,2925135.0778999999]},"properties":{"OBJECTID":815,"Zone":"ZONE H","STRCTDPTH":5.1139999999999999,"ELEV_GND":2.5499999999999998,"ELEV_INV":-2.5640000000000001,"LABEL":"H-MH-49-2","Inastallation_Status":1,"X":407463.92960000038,"Y":2925135.0778999999,"Depth_Class":"5 - 6 m","District":"Al Onoud"}},{"type":"Feature","id":816,"geometry":{"type":"Point","coordinates":[407516.39960000012,2925139.1039000005]},"properties":{"OBJECTID":816,"Zone":"ZONE H","STRCTDPTH":5.125,"ELEV_GND":2.6400000000000001,"ELEV_INV":-2.4849999999999999,"LABEL":"H-MH-49-3","Inastallation_Status":1,"X":407516.39960000012,"Y":2925139.1039000005,"Depth_Class":"5 - 6 m","District":"Al Onoud"}},{"type":"Feature","id":817,"geometry":{"type":"Point","coordinates":[407566.4506000001,2925142.4339000005]},"properties":{"OBJECTID":817,"Zone":"ZONE H","STRCTDPTH":5.149,"ELEV_GND":2.7400000000000002,"ELEV_INV":-2.4089999999999998,"LABEL":"H-MH-49-4","Inastallation_Status":1,"X":407566.4506000001,"Y":2925142.4339000005,"Depth_Class":"5 - 6 m","District":"Al Onoud"}},{"type":"Feature","id":818,"geometry":{"type":"Point","coordinates":[407619.15859999973,2925145.4459000006]},"properties":{"OBJECTID":818,"Zone":"ZONE H","STRCTDPTH":5.0899999999999999,"ELEV_GND":2.7599999999999998,"ELEV_INV":-2.3300000000000001,"LABEL":"H-MH-49-5","Inastallation_Status":1,"X":407619.15859999973,"Y":2925145.4459000006,"Depth_Class":"5 - 6 m","District":"Al Onoud"}},{"type":"Feature","id":819,"geometry":{"type":"Point","coordinates":[407665.5418999996,2925149.1629000008]},"properties":{"OBJECTID":819,"Zone":"ZONE H","STRCTDPTH":4.8179999999999996,"ELEV_GND":2.5579999999999998,"ELEV_INV":-2.2599999999999998,"LABEL":"H-MH-49-6","Inastallation_Status":1,"X":407665.5418999996,"Y":2925149.1629000008,"Depth_Class":"4 - 5 m","District":"Al Onoud"}},{"type":"Feature","id":820,"geometry":{"type":"Point","coordinates":[407731.00960000046,2925153.7759000007]},"properties":{"OBJECTID":820,"Zone":"ZONE H","STRCTDPTH":4.6360000000000001,"ELEV_GND":2.5529999999999999,"ELEV_INV":-2.0830000000000002,"LABEL":"H-MH-49-7","Inastallation_Status":1,"X":407731.00960000046,"Y":2925153.7759000007,"Depth_Class":"4 - 5 m","District":"Al Onoud"}},{"type":"Feature","id":821,"geometry":{"type":"Point","coordinates":[407789.1595999999,2925157.2769000009]},"properties":{"OBJECTID":821,"Zone":"ZONE H","STRCTDPTH":4.335,"ELEV_GND":2.3799999999999999,"ELEV_INV":-1.9550000000000001,"LABEL":"H-MH-49-8","Inastallation_Status":1,"X":407789.1595999999,"Y":2925157.2769000009,"Depth_Class":"4 - 5 m","District":"Al Onoud"}},{"type":"Feature","id":822,"geometry":{"type":"Point","coordinates":[407790.59659999982,2925170.2938999999]},"properties":{"OBJECTID":822,"Zone":"ZONE H","STRCTDPTH":4.2359999999999998,"ELEV_GND":2.3100000000000001,"ELEV_INV":-1.9259999999999999,"LABEL":"H-MH-49-9","Inastallation_Status":1,"X":407790.59659999982,"Y":2925170.2938999999,"Depth_Class":"4 - 5 m","District":"Al Onoud"}},{"type":"Feature","id":823,"geometry":{"type":"Point","coordinates":[407342.41860000044,2925166.3038999997]},"properties":{"OBJECTID":823,"Zone":"ZONE H","STRCTDPTH":5.6609999999999996,"ELEV_GND":2.29,"ELEV_INV":-3.371,"LABEL":"H-MH-50","Inastallation_Status":4,"X":407342.41860000044,"Y":2925166.3038999997,"Depth_Class":"5 - 6 m","District":"Al Onoud"}},{"type":"Feature","id":824,"geometry":{"type":"Point","coordinates":[407336.62239999976,2925224.9776000008]},"properties":{"OBJECTID":824,"Zone":"ZONE H","STRCTDPTH":5.5549999999999997,"ELEV_GND":2.383,"ELEV_INV":-3.1720000000000002,"LABEL":"H-MH-51","Inastallation_Status":4,"X":407336.62239999976,"Y":2925224.9776000008,"Depth_Class":"5 - 6 m","District":"Al Onoud"}},{"type":"Feature","id":825,"geometry":{"type":"Point","coordinates":[407332.28050000034,2925277.7993999999]},"properties":{"OBJECTID":825,"Zone":"ZONE H","STRCTDPTH":5.5289999999999999,"ELEV_GND":2.4470000000000001,"ELEV_INV":-3.0819999999999999,"LABEL":"H-MH-52","Inastallation_Status":4,"X":407332.28050000034,"Y":2925277.7993999999,"Depth_Class":"5 - 6 m","District":"Al Onoud"}},{"type":"Feature","id":826,"geometry":{"type":"Point","coordinates":[407327.58660000004,2925332.4048999995]},"properties":{"OBJECTID":826,"Zone":"ZONE H","STRCTDPTH":5.5679999999999996,"ELEV_GND":2.5800000000000001,"ELEV_INV":-2.988,"LABEL":"H-MH-53","Inastallation_Status":4,"X":407327.58660000004,"Y":2925332.4048999995,"Depth_Class":"5 - 6 m","District":"Al Onoud"}},{"type":"Feature","id":827,"geometry":{"type":"Point","coordinates":[407329.09960000031,2925379.7228999995]},"properties":{"OBJECTID":827,"Zone":"ZONE H","STRCTDPTH":5.4580000000000002,"ELEV_GND":2.5499999999999998,"ELEV_INV":-2.9079999999999999,"LABEL":"H-MH-54","Inastallation_Status":4,"X":407329.09960000031,"Y":2925379.7228999995,"Depth_Class":"5 - 6 m","District":"Al Onoud"}},{"type":"Feature","id":828,"geometry":{"type":"Point","coordinates":[407329.93659999967,2925456.5998999998]},"properties":{"OBJECTID":828,"Zone":"ZONE H","STRCTDPTH":5.5069999999999997,"ELEV_GND":2.73,"ELEV_INV":-2.7770000000000001,"LABEL":"H-MH-55","Inastallation_Status":4,"X":407329.93659999967,"Y":2925456.5998999998,"Depth_Class":"5 - 6 m","District":"Al Onoud"}},{"type":"Feature","id":829,"geometry":{"type":"Point","coordinates":[407330.62000000011,2925494.5394000001]},"properties":{"OBJECTID":829,"Zone":"ZONE H","STRCTDPTH":5.5030000000000001,"ELEV_GND":2.79,"ELEV_INV":-2.7130000000000001,"LABEL":"H-MH-56","Inastallation_Status":4,"X":407330.62000000011,"Y":2925494.5394000001,"Depth_Class":"5 - 6 m","District":"Al Onoud"}},{"type":"Feature","id":830,"geometry":{"type":"Point","coordinates":[407331.36760000046,2925518.5068999995]},"properties":{"OBJECTID":830,"Zone":"ZONE H","STRCTDPTH":5.492,"ELEV_GND":2.8199999999999998,"ELEV_INV":-2.6720000000000002,"LABEL":"H-MH-57","Inastallation_Status":4,"X":407331.36760000046,"Y":2925518.5068999995,"Depth_Class":"5 - 6 m","District":"Al Onoud"}},{"type":"Feature","id":831,"geometry":{"type":"Point","coordinates":[407333.30460000038,2925560.8649000004]},"properties":{"OBJECTID":831,"Zone":"ZONE H","STRCTDPTH":5.3609999999999998,"ELEV_GND":2.7999999999999998,"ELEV_INV":-2.5609999999999999,"LABEL":"H-MH-58","Inastallation_Status":4,"X":407333.30460000038,"Y":2925560.8649000004,"Depth_Class":"5 - 6 m","District":"Al Onoud"}},{"type":"Feature","id":832,"geometry":{"type":"Point","coordinates":[407334.3666000003,2925608.3498999998]},"properties":{"OBJECTID":832,"Zone":"ZONE H","STRCTDPTH":5.1699999999999999,"ELEV_GND":2.6899999999999999,"ELEV_INV":-2.48,"LABEL":"H-MH-59","Inastallation_Status":4,"X":407334.3666000003,"Y":2925608.3498999998,"Depth_Class":"5 - 6 m","District":"Al Onoud"}},{"type":"Feature","id":833,"geometry":{"type":"Point","coordinates":[407335.60560000036,2925659.0899]},"properties":{"OBJECTID":833,"Zone":"ZONE H","STRCTDPTH":5.3040000000000003,"ELEV_GND":2.9100000000000001,"ELEV_INV":-2.3940000000000001,"LABEL":"H-MH-60","Inastallation_Status":4,"X":407335.60560000036,"Y":2925659.0899,"Depth_Class":"5 - 6 m","District":"Al Onoud"}},{"type":"Feature","id":834,"geometry":{"type":"Point","coordinates":[407336.49760000035,2925696.4718999993]},"properties":{"OBJECTID":834,"Zone":"ZONE H","STRCTDPTH":5.0899999999999999,"ELEV_GND":2.7599999999999998,"ELEV_INV":-2.3300000000000001,"LABEL":"H-MH-61","Inastallation_Status":4,"X":407336.49760000035,"Y":2925696.4718999993,"Depth_Class":"5 - 6 m","District":"Al Onoud"}},{"type":"Feature","id":835,"geometry":{"type":"Point","coordinates":[407337.34800000023,2925733.7719000001]},"properties":{"OBJECTID":835,"Zone":"ZONE H","STRCTDPTH":4.1619999999999999,"ELEV_GND":2.8130000000000002,"ELEV_INV":-1.349,"LABEL":"H-MH-62","Inastallation_Status":4,"X":407337.34800000023,"Y":2925733.7719000001,"Depth_Class":"4 - 5 m","District":"Al Onoud"}},{"type":"Feature","id":836,"geometry":{"type":"Point","coordinates":[407337.28519999981,2925776.3333999999]},"properties":{"OBJECTID":836,"Zone":"ZONE H","STRCTDPTH":3.9559999999999995,"ELEV_GND":2.8199999999999998,"ELEV_INV":-1.1359999999999999,"LABEL":"H-MH-63","Inastallation_Status":4,"X":407337.28519999981,"Y":2925776.3333999999,"Depth_Class":"3 - 4 m","District":"Al Onoud"}},{"type":"Feature","id":837,"geometry":{"type":"Point","coordinates":[407338.22149999999,2925829.2514999993]},"properties":{"OBJECTID":837,"Zone":"ZONE H","STRCTDPTH":3.181,"ELEV_GND":3.0049999999999999,"ELEV_INV":-0.17599999999999999,"LABEL":"H-MH-64","Inastallation_Status":4,"X":407338.22149999999,"Y":2925829.2514999993,"Depth_Class":"3 - 4 m","District":"Al Onoud"}},{"type":"Feature","id":838,"geometry":{"type":"Point","coordinates":[407337.83000000007,2925862.6250999998]},"properties":{"OBJECTID":838,"Zone":"ZONE H","STRCTDPTH":3.1000000000000001,"ELEV_GND":3.0910000000000002,"ELEV_INV":-0.0089999999999999993,"LABEL":"H-MH-65","Inastallation_Status":4,"X":407337.83000000007,"Y":2925862.6250999998,"Depth_Class":"3 - 4 m","District":"Al Onoud"}},{"type":"Feature","id":839,"geometry":{"type":"Point","coordinates":[407417.98959999997,2924220.6198999994]},"properties":{"OBJECTID":839,"Zone":"ZONE H","STRCTDPTH":6.1400000000000006,"ELEV_GND":3.54,"ELEV_INV":-2.6000000000000001,"LABEL":"H-MH-66","Inastallation_Status":1,"X":407417.98959999997,"Y":2924220.6198999994,"Depth_Class":"6 - 7 m","District":"Al Jalawiyah"}},{"type":"Feature","id":840,"geometry":{"type":"Point","coordinates":[407414.12660000008,2924281.0359000005]},"properties":{"OBJECTID":840,"Zone":"ZONE H","STRCTDPTH":6.0510000000000002,"ELEV_GND":3.6400000000000001,"ELEV_INV":-2.411,"LABEL":"H-MH-67","Inastallation_Status":1,"X":407414.12660000008,"Y":2924281.0359000005,"Depth_Class":"6 - 7 m","District":"Al Jalawiyah"}},{"type":"Feature","id":841,"geometry":{"type":"Point","coordinates":[407410.80659999978,2924344.7879000008]},"properties":{"OBJECTID":841,"Zone":"ZONE H","STRCTDPTH":5.9749999999999996,"ELEV_GND":3.6600000000000001,"ELEV_INV":-2.3149999999999999,"LABEL":"H-MH-68","Inastallation_Status":1,"X":407410.80659999978,"Y":2924344.7879000008,"Depth_Class":"5 - 6 m","District":"Al Jalawiyah"}},{"type":"Feature","id":842,"geometry":{"type":"Point","coordinates":[407404.18659999967,2924425.9229000006]},"properties":{"OBJECTID":842,"Zone":"ZONE H","STRCTDPTH":5.8529999999999998,"ELEV_GND":3.6600000000000001,"ELEV_INV":-2.1930000000000001,"LABEL":"H-MH-69","Inastallation_Status":1,"X":407404.18659999967,"Y":2924425.9229000006,"Depth_Class":"5 - 6 m","District":"Al Jalawiyah"}},{"type":"Feature","id":843,"geometry":{"type":"Point","coordinates":[407396.26169999968,2924497.8350000009]},"properties":{"OBJECTID":843,"Zone":"ZONE H","STRCTDPTH":5.6139999999999999,"ELEV_GND":3.5299999999999998,"ELEV_INV":-2.0840000000000001,"LABEL":"H-MH-70","Inastallation_Status":1,"X":407396.26169999968,"Y":2924497.8350000009,"Depth_Class":"5 - 6 m","District":"Al Jalawiyah"}},{"type":"Feature","id":844,"geometry":{"type":"Point","coordinates":[407474.75860000029,2924513.5839000009]},"properties":{"OBJECTID":844,"Zone":"ZONE H","STRCTDPTH":5.149,"ELEV_GND":3.7000000000000002,"ELEV_INV":-1.4490000000000001,"LABEL":"H-MH-71","Inastallation_Status":1,"X":407474.75860000029,"Y":2924513.5839000009,"Depth_Class":"5 - 6 m","District":"Al Jalawiyah"}},{"type":"Feature","id":845,"geometry":{"type":"Point","coordinates":[407544.67059999984,2924525.9138999991]},"properties":{"OBJECTID":845,"Zone":"ZONE H","STRCTDPTH":5.0679999999999996,"ELEV_GND":3.7599999999999998,"ELEV_INV":-1.3080000000000001,"LABEL":"H-MH-72","Inastallation_Status":1,"X":407544.67059999984,"Y":2924525.9138999991,"Depth_Class":"5 - 6 m","District":"Al Jalawiyah"}},{"type":"Feature","id":846,"geometry":{"type":"Point","coordinates":[407618.54459999967,2924538.8018999994]},"properties":{"OBJECTID":846,"Zone":"ZONE H","STRCTDPTH":4.9199999999999999,"ELEV_GND":3.71,"ELEV_INV":-1.21,"LABEL":"H-MH-73","Inastallation_Status":1,"X":407618.54459999967,"Y":2924538.8018999994,"Depth_Class":"4 - 5 m","District":"Al Jalawiyah"}},{"type":"Feature","id":847,"geometry":{"type":"Point","coordinates":[407697.18659999967,2924552.5538999997]},"properties":{"OBJECTID":847,"Zone":"ZONE H","STRCTDPTH":4.7460000000000004,"ELEV_GND":3.6400000000000001,"ELEV_INV":-1.1060000000000001,"LABEL":"H-MH-74","Inastallation_Status":1,"X":407697.18659999967,"Y":2924552.5538999997,"Depth_Class":"4 - 5 m","District":"Al Jalawiyah"}},{"type":"Feature","id":848,"geometry":{"type":"Point","coordinates":[407766.57459999993,2924563.9649]},"properties":{"OBJECTID":848,"Zone":"ZONE H","STRCTDPTH":4.6189999999999998,"ELEV_GND":3.6040000000000001,"ELEV_INV":-1.0149999999999999,"LABEL":"H-MH-75","Inastallation_Status":1,"X":407766.57459999993,"Y":2924563.9649,"Depth_Class":"4 - 5 m","District":"Al Jalawiyah"}},{"type":"Feature","id":849,"geometry":{"type":"Point","coordinates":[407835.84279999975,2924576.4796999991]},"properties":{"OBJECTID":849,"Zone":"ZONE H","STRCTDPTH":4.593,"ELEV_GND":3.6699999999999999,"ELEV_INV":-0.92300000000000004,"LABEL":"H-MH-76","Inastallation_Status":1,"X":407835.84279999975,"Y":2924576.4796999991,"Depth_Class":"4 - 5 m","District":"Al Jalawiyah"}},{"type":"Feature","id":850,"geometry":{"type":"Point","coordinates":[408083.11079999991,2924605.5533000007]},"properties":{"OBJECTID":850,"Zone":"ZONE H","STRCTDPTH":3.9670000000000001,"ELEV_GND":3.387,"ELEV_INV":-0.57999999999999996,"LABEL":"H-MH-79","Inastallation_Status":1,"X":408083.11079999991,"Y":2924605.5533000007,"Depth_Class":"3 - 4 m","District":"Al Jalawiyah"}},{"type":"Feature","id":851,"geometry":{"type":"Point","coordinates":[408104.38159999996,2924544.2089000009]},"properties":{"OBJECTID":851,"Zone":"ZONE H","STRCTDPTH":3.714,"ELEV_GND":3.472,"ELEV_INV":-0.24199999999999999,"LABEL":"H-MH-82","Inastallation_Status":1,"X":408104.38159999996,"Y":2924544.2089000009,"Depth_Class":"3 - 4 m","District":"Al Jalawiyah"}},{"type":"Feature","id":852,"geometry":{"type":"Point","coordinates":[408118.69560000021,2924505.6768999994]},"properties":{"OBJECTID":852,"Zone":"ZONE H","STRCTDPTH":3.6440000000000001,"ELEV_GND":3.476,"ELEV_INV":-0.16800000000000001,"LABEL":"H-MH-83","Inastallation_Status":1,"X":408118.69560000021,"Y":2924505.6768999994,"Depth_Class":"3 - 4 m","District":"Al Jalawiyah"}},{"type":"Feature","id":853,"geometry":{"type":"Point","coordinates":[408139.45160000026,2924449.4679000005]},"properties":{"OBJECTID":853,"Zone":"ZONE H","STRCTDPTH":3.5899999999999999,"ELEV_GND":3.5299999999999998,"ELEV_INV":-0.059999999999999998,"LABEL":"H-MH-84","Inastallation_Status":1,"X":408139.45160000026,"Y":2924449.4679000005,"Depth_Class":"3 - 4 m","District":"Al Jalawiyah"}},{"type":"Feature","id":854,"geometry":{"type":"Point","coordinates":[408157.00860000029,2924402.4079]},"properties":{"OBJECTID":854,"Zone":"ZONE H","STRCTDPTH":3.6270000000000002,"ELEV_GND":3.657,"ELEV_INV":0.029999999999999999,"LABEL":"H-MH-85","Inastallation_Status":1,"X":408157.00860000029,"Y":2924402.4079,"Depth_Class":"3 - 4 m","District":"Al Jalawiyah"}},{"type":"Feature","id":855,"geometry":{"type":"Point","coordinates":[408180.80240000039,2924335.4553999994]},"properties":{"OBJECTID":855,"Zone":"ZONE H","STRCTDPTH":3.569,"ELEV_GND":3.7309999999999999,"ELEV_INV":0.16200000000000001,"LABEL":"H-MH-86","Inastallation_Status":1,"X":408180.80240000039,"Y":2924335.4553999994,"Depth_Class":"3 - 4 m","District":"Al Jalawiyah"}},{"type":"Feature","id":856,"geometry":{"type":"Point","coordinates":[406870.68209999986,2924228.6344000008]},"properties":{"OBJECTID":856,"Zone":"ZONE H","STRCTDPTH":5.2690000000000001,"ELEV_GND":3.8370000000000002,"ELEV_INV":-1.4319999999999999,"LABEL":"H-MH-87","Inastallation_Status":1,"X":406870.68209999986,"Y":2924228.6344000008,"Depth_Class":"5 - 6 m","District":"Al Atheer"}},{"type":"Feature","id":857,"geometry":{"type":"Point","coordinates":[406858.62870000023,2924282.2876999993]},"properties":{"OBJECTID":857,"Zone":"ZONE H","STRCTDPTH":5.5860000000000003,"ELEV_GND":4.1900000000000004,"ELEV_INV":-1.3959999999999999,"LABEL":"H-MH-88","Inastallation_Status":1,"X":406858.62870000023,"Y":2924282.2876999993,"Depth_Class":"5 - 6 m","District":"Al Atheer"}},{"type":"Feature","id":858,"geometry":{"type":"Point","coordinates":[406847.23709999956,2924330.9675999992]},"properties":{"OBJECTID":858,"Zone":"ZONE H","STRCTDPTH":5.1260000000000003,"ELEV_GND":3.762,"ELEV_INV":-1.3640000000000001,"LABEL":"H-MH-89","Inastallation_Status":1,"X":406847.23709999956,"Y":2924330.9675999992,"Depth_Class":"5 - 6 m","District":"Al Atheer"}},{"type":"Feature","id":859,"geometry":{"type":"Point","coordinates":[406797.42760000005,2924328.4079]},"properties":{"OBJECTID":859,"Zone":"ZONE H","STRCTDPTH":4.2699999999999996,"ELEV_GND":3.6699999999999999,"ELEV_INV":-0.59999999999999998,"LABEL":"H-MH-89-1","Inastallation_Status":1,"X":406797.42760000005,"Y":2924328.4079,"Depth_Class":"4 - 5 m","District":"Al Atheer"}},{"type":"Feature","id":860,"geometry":{"type":"Point","coordinates":[406746.93059999961,2924323.5249000005]},"properties":{"OBJECTID":860,"Zone":"ZONE H","STRCTDPTH":4.1390000000000002,"ELEV_GND":3.5800000000000001,"ELEV_INV":-0.55900000000000005,"LABEL":"H-MH-89-2","Inastallation_Status":1,"X":406746.93059999961,"Y":2924323.5249000005,"Depth_Class":"4 - 5 m","District":"Al Atheer"}},{"type":"Feature","id":861,"geometry":{"type":"Point","coordinates":[406706.92879999988,2924317.5530999992]},"properties":{"OBJECTID":861,"Zone":"ZONE H","STRCTDPTH":4.1739999999999995,"ELEV_GND":3.6469999999999998,"ELEV_INV":-0.52700000000000002,"LABEL":"H-MH-89-2-1","Inastallation_Status":1,"X":406706.92879999988,"Y":2924317.5530999992,"Depth_Class":"4 - 5 m","District":"Al Atheer"}},{"type":"Feature","id":862,"geometry":{"type":"Point","coordinates":[406662.33029999956,2924314.3869000003]},"properties":{"OBJECTID":862,"Zone":"ZONE H","STRCTDPTH":4.2210000000000001,"ELEV_GND":3.73,"ELEV_INV":-0.49099999999999999,"LABEL":"H-MH-89-2-2","Inastallation_Status":1,"X":406662.33029999956,"Y":2924314.3869000003,"Depth_Class":"4 - 5 m","District":"Al Atheer"}},{"type":"Feature","id":863,"geometry":{"type":"Point","coordinates":[406605.65060000028,2924578.3368999995]},"properties":{"OBJECTID":863,"Zone":"ZONE H","STRCTDPTH":1.9700000000000002,"ELEV_GND":3.7320000000000002,"ELEV_INV":1.762,"LABEL":"H-MH-89-2-3","Inastallation_Status":1,"X":406605.65060000028,"Y":2924578.3368999995,"Depth_Class":"1 - 2 m","District":"Al Atheer"}},{"type":"Feature","id":864,"geometry":{"type":"Point","coordinates":[406738.28660000023,2924367.8488999996]},"properties":{"OBJECTID":864,"Zone":"ZONE H","STRCTDPTH":3.4550000000000001,"ELEV_GND":3.7200000000000002,"ELEV_INV":0.26500000000000001,"LABEL":"H-MH-89-3","Inastallation_Status":1,"X":406738.28660000023,"Y":2924367.8488999996,"Depth_Class":"3 - 4 m","District":"Al Atheer"}},{"type":"Feature","id":865,"geometry":{"type":"Point","coordinates":[406726.03359999973,2924426.8388999999]},"properties":{"OBJECTID":865,"Zone":"ZONE H","STRCTDPTH":3.3999999999999999,"ELEV_GND":3.8580000000000001,"ELEV_INV":0.45800000000000002,"LABEL":"H-MH-89-4","Inastallation_Status":1,"X":406726.03359999973,"Y":2924426.8388999999,"Depth_Class":"3 - 4 m","District":"Al Atheer"}},{"type":"Feature","id":866,"geometry":{"type":"Point","coordinates":[406714.26659999974,2924481.0139000006]},"properties":{"OBJECTID":866,"Zone":"ZONE H","STRCTDPTH":3.0699999999999998,"ELEV_GND":3.8399999999999999,"ELEV_INV":0.77000000000000002,"LABEL":"H-MH-89-5","Inastallation_Status":1,"X":406714.26659999974,"Y":2924481.0139000006,"Depth_Class":"3 - 4 m","District":"Al Atheer"}},{"type":"Feature","id":867,"geometry":{"type":"Point","coordinates":[406701.97759999987,2924539.8309000004]},"properties":{"OBJECTID":867,"Zone":"ZONE H","STRCTDPTH":2.7279999999999998,"ELEV_GND":3.6899999999999999,"ELEV_INV":0.96199999999999997,"LABEL":"H-MH-89-6","Inastallation_Status":1,"X":406701.97759999987,"Y":2924539.8309000004,"Depth_Class":"2 - 3 m","District":"Al Atheer"}},{"type":"Feature","id":868,"geometry":{"type":"Point","coordinates":[406686.70170000009,2924609.2129999995]},"properties":{"OBJECTID":868,"Zone":"ZONE H","STRCTDPTH":1.7650000000000001,"ELEV_GND":3.3500000000000001,"ELEV_INV":1.585,"LABEL":"H-MH-89-7","Inastallation_Status":1,"X":406686.70170000009,"Y":2924609.2129999995,"Depth_Class":"1 - 2 m","District":"Al Atheer"}},{"type":"Feature","id":869,"geometry":{"type":"Point","coordinates":[406835.47559999954,2924383.8539000005]},"properties":{"OBJECTID":869,"Zone":"ZONE H","STRCTDPTH":5.1049999999999995,"ELEV_GND":4.0499999999999998,"ELEV_INV":-1.0549999999999999,"LABEL":"H-MH-90","Inastallation_Status":1,"X":406835.47559999954,"Y":2924383.8539000005,"Depth_Class":"5 - 6 m","District":"Al Atheer"}},{"type":"Feature","id":870,"geometry":{"type":"Point","coordinates":[406820.04360000044,2924451.0408999994]},"properties":{"OBJECTID":870,"Zone":"ZONE H","STRCTDPTH":4.8860000000000001,"ELEV_GND":3.9100000000000001,"ELEV_INV":-0.97599999999999998,"LABEL":"H-MH-91","Inastallation_Status":1,"X":406820.04360000044,"Y":2924451.0408999994,"Depth_Class":"4 - 5 m","District":"Al Atheer"}},{"type":"Feature","id":871,"geometry":{"type":"Point","coordinates":[406791.88559999969,2924536.8519000001]},"properties":{"OBJECTID":871,"Zone":"ZONE H","STRCTDPTH":4.3620000000000001,"ELEV_GND":3.4900000000000002,"ELEV_INV":-0.872,"LABEL":"H-MH-92","Inastallation_Status":1,"X":406791.88559999969,"Y":2924536.8519000001,"Depth_Class":"4 - 5 m","District":"Al Atheer"}},{"type":"Feature","id":872,"geometry":{"type":"Point","coordinates":[406785.09860000014,2924565.9948999994]},"properties":{"OBJECTID":872,"Zone":"ZONE H","STRCTDPTH":4.1769999999999996,"ELEV_GND":3.3399999999999999,"ELEV_INV":-0.83699999999999997,"LABEL":"H-MH-93","Inastallation_Status":1,"X":406785.09860000014,"Y":2924565.9948999994,"Depth_Class":"4 - 5 m","District":"Al Atheer"}},{"type":"Feature","id":873,"geometry":{"type":"Point","coordinates":[406774.59659999982,2924650.6259000003]},"properties":{"OBJECTID":873,"Zone":"ZONE H","STRCTDPTH":4.1189999999999998,"ELEV_GND":3.3799999999999999,"ELEV_INV":-0.73899999999999999,"LABEL":"H-MH-94","Inastallation_Status":1,"X":406774.59659999982,"Y":2924650.6259000003,"Depth_Class":"4 - 5 m","District":"Al Atheer"}},{"type":"Feature","id":874,"geometry":{"type":"Point","coordinates":[406728.7536000004,2924646.4669000003]},"properties":{"OBJECTID":874,"Zone":"ZONE H","STRCTDPTH":2.6880000000000002,"ELEV_GND":3.1000000000000001,"ELEV_INV":0.41199999999999998,"LABEL":"H-MH-94-1","Inastallation_Status":1,"X":406728.7536000004,"Y":2924646.4669000003,"Depth_Class":"2 - 3 m","District":"Al Atheer"}},{"type":"Feature","id":875,"geometry":{"type":"Point","coordinates":[406280.20959999971,2924608.1298999991]},"properties":{"OBJECTID":875,"Zone":"ZONE H","STRCTDPTH":2.3579999999999997,"ELEV_GND":3.8599999999999999,"ELEV_INV":1.502,"LABEL":"H-MH-94-10","Inastallation_Status":1,"X":406280.20959999971,"Y":2924608.1298999991,"Depth_Class":"2 - 3 m","District":"Al Atheer"}},{"type":"Feature","id":876,"geometry":{"type":"Point","coordinates":[406233.57660000026,2924603.4869999997]},"properties":{"OBJECTID":876,"Zone":"ZONE H","STRCTDPTH":2.319,"ELEV_GND":3.903,"ELEV_INV":1.5840000000000001,"LABEL":"H-MH-94-11","Inastallation_Status":1,"X":406233.57660000026,"Y":2924603.4869999997,"Depth_Class":"2 - 3 m","District":"Al Atheer"}},{"type":"Feature","id":877,"geometry":{"type":"Point","coordinates":[406170.09759999998,2924599.0958999991]},"properties":{"OBJECTID":877,"Zone":"ZONE H","STRCTDPTH":2.198,"ELEV_GND":4.0899999999999999,"ELEV_INV":1.8919999999999999,"LABEL":"H-MH-94-12","Inastallation_Status":1,"X":406170.09759999998,"Y":2924599.0958999991,"Depth_Class":"2 - 3 m","District":"Al Atheer"}},{"type":"Feature","id":878,"geometry":{"type":"Point","coordinates":[406130.31960000005,2924595.5789000001]},"properties":{"OBJECTID":878,"Zone":"ZONE H","STRCTDPTH":2.2290000000000001,"ELEV_GND":4.1900000000000004,"ELEV_INV":1.9610000000000001,"LABEL":"H-MH-94-13","Inastallation_Status":1,"X":406130.31960000005,"Y":2924595.5789000001,"Depth_Class":"2 - 3 m","District":"Al Atheer"}},{"type":"Feature","id":879,"geometry":{"type":"Point","coordinates":[406090.97159999982,2924591.6428999994]},"properties":{"OBJECTID":879,"Zone":"ZONE H","STRCTDPTH":2.2589999999999999,"ELEV_GND":4.29,"ELEV_INV":2.0310000000000001,"LABEL":"H-MH-94-14","Inastallation_Status":1,"X":406090.97159999982,"Y":2924591.6428999994,"Depth_Class":"2 - 3 m","District":"Al Atheer"}},{"type":"Feature","id":880,"geometry":{"type":"Point","coordinates":[406050.88659999985,2924587.7438999992]},"properties":{"OBJECTID":880,"Zone":"ZONE H","STRCTDPTH":2.2389999999999999,"ELEV_GND":4.3399999999999999,"ELEV_INV":2.101,"LABEL":"H-MH-94-15","Inastallation_Status":1,"X":406050.88659999985,"Y":2924587.7438999992,"Depth_Class":"2 - 3 m","District":"Al Atheer"}},{"type":"Feature","id":881,"geometry":{"type":"Point","coordinates":[406018.12160000019,2924585.0298999995]},"properties":{"OBJECTID":881,"Zone":"ZONE H","STRCTDPTH":2.141,"ELEV_GND":4.2999999999999998,"ELEV_INV":2.1589999999999998,"LABEL":"H-MH-94-16","Inastallation_Status":1,"X":406018.12160000019,"Y":2924585.0298999995,"Depth_Class":"2 - 3 m","District":"Al Atheer"}},{"type":"Feature","id":882,"geometry":{"type":"Point","coordinates":[405977.80460000038,2924581.4099000003]},"properties":{"OBJECTID":882,"Zone":"ZONE H","STRCTDPTH":1.8869999999999996,"ELEV_GND":4.1159999999999997,"ELEV_INV":2.2290000000000001,"LABEL":"H-MH-94-17","Inastallation_Status":1,"X":405977.80460000038,"Y":2924581.4099000003,"Depth_Class":"1 - 2 m","District":"Al Atheer"}},{"type":"Feature","id":883,"geometry":{"type":"Point","coordinates":[405942.67520000041,2924580.7118999995]},"properties":{"OBJECTID":883,"Zone":"ZONE H","STRCTDPTH":1.6299999999999994,"ELEV_GND":4.0199999999999996,"ELEV_INV":2.3900000000000001,"LABEL":"H-MH-94-18","Inastallation_Status":1,"X":405942.67520000041,"Y":2924580.7118999995,"Depth_Class":"1 - 2 m","District":"Al Atheer"}},{"type":"Feature","id":884,"geometry":{"type":"Point","coordinates":[406670.70459999982,2924641.5689000003]},"properties":{"OBJECTID":884,"Zone":"ZONE H","STRCTDPTH":2.7000000000000002,"ELEV_GND":3.214,"ELEV_INV":0.51400000000000001,"LABEL":"H-MH-94-2","Inastallation_Status":1,"X":406670.70459999982,"Y":2924641.5689000003,"Depth_Class":"2 - 3 m","District":"Al Atheer"}},{"type":"Feature","id":885,"geometry":{"type":"Point","coordinates":[406625.92760000005,2924637.7529000007]},"properties":{"OBJECTID":885,"Zone":"ZONE H","STRCTDPTH":2.7269999999999999,"ELEV_GND":3.3199999999999998,"ELEV_INV":0.59299999999999997,"LABEL":"H-MH-94-3","Inastallation_Status":1,"X":406625.92760000005,"Y":2924637.7529000007,"Depth_Class":"2 - 3 m","District":"Al Atheer"}},{"type":"Feature","id":886,"geometry":{"type":"Point","coordinates":[406580.77460000012,2924634.1839000005]},"properties":{"OBJECTID":886,"Zone":"ZONE H","STRCTDPTH":2.665,"ELEV_GND":3.359,"ELEV_INV":0.69399999999999995,"LABEL":"H-MH-94-4","Inastallation_Status":1,"X":406580.77460000012,"Y":2924634.1839000005,"Depth_Class":"2 - 3 m","District":"Al Atheer"}},{"type":"Feature","id":887,"geometry":{"type":"Point","coordinates":[406546.70370000042,2924630.4364999998]},"properties":{"OBJECTID":887,"Zone":"ZONE H","STRCTDPTH":2.7530000000000001,"ELEV_GND":3.5070000000000001,"ELEV_INV":0.754,"LABEL":"H-MH-94-5","Inastallation_Status":1,"X":406546.70370000042,"Y":2924630.4364999998,"Depth_Class":"2 - 3 m","District":"Al Atheer"}},{"type":"Feature","id":888,"geometry":{"type":"Point","coordinates":[406489.30360000022,2924626.4469000008]},"properties":{"OBJECTID":888,"Zone":"ZONE H","STRCTDPTH":2.7749999999999999,"ELEV_GND":3.7799999999999998,"ELEV_INV":1.0049999999999999,"LABEL":"H-MH-94-6","Inastallation_Status":1,"X":406489.30360000022,"Y":2924626.4469000008,"Depth_Class":"2 - 3 m","District":"Al Atheer"}},{"type":"Feature","id":889,"geometry":{"type":"Point","coordinates":[406439.45160000026,2924622.1228999998]},"properties":{"OBJECTID":889,"Zone":"ZONE H","STRCTDPTH":2.8199999999999998,"ELEV_GND":3.9399999999999999,"ELEV_INV":1.1200000000000001,"LABEL":"H-MH-94-7","Inastallation_Status":1,"X":406439.45160000026,"Y":2924622.1228999998,"Depth_Class":"2 - 3 m","District":"Al Atheer"}},{"type":"Feature","id":890,"geometry":{"type":"Point","coordinates":[406382.91559999995,2924617.3248999994]},"properties":{"OBJECTID":890,"Zone":"ZONE H","STRCTDPTH":2.851,"ELEV_GND":4.0700000000000003,"ELEV_INV":1.2190000000000001,"LABEL":"H-MH-94-8","Inastallation_Status":1,"X":406382.91559999995,"Y":2924617.3248999994,"Depth_Class":"2 - 3 m","District":"Al Atheer"}},{"type":"Feature","id":891,"geometry":{"type":"Point","coordinates":[406315.88159999996,2924611.7609000001]},"properties":{"OBJECTID":891,"Zone":"ZONE H","STRCTDPTH":2.4199999999999999,"ELEV_GND":3.8199999999999998,"ELEV_INV":1.3999999999999999,"LABEL":"H-MH-94-9","Inastallation_Status":1,"X":406315.88159999996,"Y":2924611.7609000001,"Depth_Class":"2 - 3 m","District":"Al Atheer"}},{"type":"Feature","id":892,"geometry":{"type":"Point","coordinates":[406763.07189999986,2924697.3007999994]},"properties":{"OBJECTID":892,"Zone":"ZONE H","STRCTDPTH":3.7389999999999999,"ELEV_GND":3.1549999999999998,"ELEV_INV":-0.58399999999999996,"LABEL":"H-MH-95","Inastallation_Status":1,"X":406763.07189999986,"Y":2924697.3007999994,"Depth_Class":"3 - 4 m","District":"Al Atheer"}},{"type":"Feature","id":893,"geometry":{"type":"Point","coordinates":[406752.81759999972,2924744.5929000005]},"properties":{"OBJECTID":893,"Zone":"ZONE H","STRCTDPTH":3.6699999999999999,"ELEV_GND":3.1600000000000001,"ELEV_INV":-0.51000000000000001,"LABEL":"H-MH-96","Inastallation_Status":1,"X":406752.81759999972,"Y":2924744.5929000005,"Depth_Class":"3 - 4 m","District":"Al Atheer"}},{"type":"Feature","id":894,"geometry":{"type":"Point","coordinates":[406697.28060000017,2924739.8399]},"properties":{"OBJECTID":894,"Zone":"ZONE H","STRCTDPTH":2.242,"ELEV_GND":3.27,"ELEV_INV":1.028,"LABEL":"H-MH-96-1","Inastallation_Status":1,"X":406697.28060000017,"Y":2924739.8399,"Depth_Class":"2 - 3 m","District":"Al Atheer"}},{"type":"Feature","id":895,"geometry":{"type":"Point","coordinates":[406639.41260000039,2924734.4689000007]},"properties":{"OBJECTID":895,"Zone":"ZONE H","STRCTDPTH":2.1960000000000002,"ELEV_GND":3.4100000000000001,"ELEV_INV":1.214,"LABEL":"H-MH-96-2","Inastallation_Status":1,"X":406639.41260000039,"Y":2924734.4689000007,"Depth_Class":"2 - 3 m","District":"Al Atheer"}},{"type":"Feature","id":896,"geometry":{"type":"Point","coordinates":[406571.94560000021,2924728.9019000009]},"properties":{"OBJECTID":896,"Zone":"ZONE H","STRCTDPTH":2.2300000000000004,"ELEV_GND":3.6600000000000001,"ELEV_INV":1.4299999999999999,"LABEL":"H-MH-96-3","Inastallation_Status":1,"X":406571.94560000021,"Y":2924728.9019000009,"Depth_Class":"2 - 3 m","District":"Al Atheer"}},{"type":"Feature","id":897,"geometry":{"type":"Point","coordinates":[406504.20959999971,2924722.6098999996]},"properties":{"OBJECTID":897,"Zone":"ZONE H","STRCTDPTH":2.2000000000000002,"ELEV_GND":3.8479999999999999,"ELEV_INV":1.6479999999999999,"LABEL":"H-MH-96-4","Inastallation_Status":1,"X":406504.20959999971,"Y":2924722.6098999996,"Depth_Class":"2 - 3 m","District":"Al Atheer"}},{"type":"Feature","id":898,"geometry":{"type":"Point","coordinates":[406421.55559999961,2924715.1949000005]},"properties":{"OBJECTID":898,"Zone":"ZONE H","STRCTDPTH":2,"ELEV_GND":3.9550000000000001,"ELEV_INV":1.9550000000000001,"LABEL":"H-MH-96-5","Inastallation_Status":1,"X":406421.55559999961,"Y":2924715.1949000005,"Depth_Class":"2 - 3 m","District":"Al Atheer"}},{"type":"Feature","id":899,"geometry":{"type":"Point","coordinates":[406742.54260000028,2924788.3608999997]},"properties":{"OBJECTID":899,"Zone":"ZONE H","STRCTDPTH":3.3369999999999997,"ELEV_GND":2.96,"ELEV_INV":-0.377,"LABEL":"H-MH-97","Inastallation_Status":1,"X":406742.54260000028,"Y":2924788.3608999997,"Depth_Class":"3 - 4 m","District":"Al Atheer"}},{"type":"Feature","id":900,"geometry":{"type":"Point","coordinates":[406733.69359999988,2924825.2678999994]},"properties":{"OBJECTID":900,"Zone":"ZONE H","STRCTDPTH":3.1499999999999999,"ELEV_GND":2.8399999999999999,"ELEV_INV":-0.31,"LABEL":"H-MH-98","Inastallation_Status":1,"X":406733.69359999988,"Y":2924825.2678999994,"Depth_Class":"3 - 4 m","District":"Al Atheer"}},{"type":"Feature","id":901,"geometry":{"type":"Point","coordinates":[406733.01260000002,2924834.9539000001]},"properties":{"OBJECTID":901,"Zone":"ZONE H","STRCTDPTH":3.0830000000000002,"ELEV_GND":2.79,"ELEV_INV":-0.29299999999999998,"LABEL":"H-MH-99","Inastallation_Status":1,"X":406733.01260000002,"Y":2924834.9539000001,"Depth_Class":"3 - 4 m","District":"Al Atheer"}},{"type":"Feature","id":902,"geometry":{"type":"Point","coordinates":[406659.5895999996,2924826.4958999995]},"properties":{"OBJECTID":902,"Zone":"ZONE H","STRCTDPTH":2.964,"ELEV_GND":2.7999999999999998,"ELEV_INV":-0.16400000000000001,"LABEL":"H-MH-100","Inastallation_Status":1,"X":406659.5895999996,"Y":2924826.4958999995,"Depth_Class":"2 - 3 m","District":"Al Atheer"}},{"type":"Feature","id":903,"geometry":{"type":"Point","coordinates":[406595.35059999954,2924818.6868999992]},"properties":{"OBJECTID":903,"Zone":"ZONE H","STRCTDPTH":2.9610000000000003,"ELEV_GND":2.9100000000000001,"ELEV_INV":-0.050999999999999997,"LABEL":"H-MH-101","Inastallation_Status":1,"X":406595.35059999954,"Y":2924818.6868999992,"Depth_Class":"2 - 3 m","District":"Al Atheer"}},{"type":"Feature","id":904,"geometry":{"type":"Point","coordinates":[406591.38860000018,2924859.8979000002]},"properties":{"OBJECTID":904,"Zone":"ZONE H","STRCTDPTH":2.4410000000000003,"ELEV_GND":2.9100000000000001,"ELEV_INV":0.46899999999999997,"LABEL":"H-MH-101-1","Inastallation_Status":1,"X":406591.38860000018,"Y":2924859.8979000002,"Depth_Class":"2 - 3 m","District":"Al Mohamadiyyah"}},{"type":"Feature","id":905,"geometry":{"type":"Point","coordinates":[406677.59360000025,2924865.4138999991]},"properties":{"OBJECTID":905,"Zone":"ZONE H","STRCTDPTH":2.306,"ELEV_GND":3.1000000000000001,"ELEV_INV":0.79400000000000004,"LABEL":"H-MH-101-2","Inastallation_Status":1,"X":406677.59360000025,"Y":2924865.4138999991,"Depth_Class":"2 - 3 m","District":"Al Mohamadiyyah"}},{"type":"Feature","id":906,"geometry":{"type":"Point","coordinates":[406712.47059999965,2924881.5119000003]},"properties":{"OBJECTID":906,"Zone":"ZONE H","STRCTDPTH":2.1829999999999998,"ELEV_GND":3.1000000000000001,"ELEV_INV":0.91700000000000004,"LABEL":"H-MH-101-3","Inastallation_Status":1,"X":406712.47059999965,"Y":2924881.5119000003,"Depth_Class":"2 - 3 m","District":"Al Mohamadiyyah"}},{"type":"Feature","id":907,"geometry":{"type":"Point","coordinates":[406698.51090000011,2924954.0405000001]},"properties":{"OBJECTID":907,"Zone":"ZONE H","STRCTDPTH":2.097,"ELEV_GND":3.25,"ELEV_INV":1.153,"LABEL":"H-MH-101-4","Inastallation_Status":1,"X":406698.51090000011,"Y":2924954.0405000001,"Depth_Class":"2 - 3 m","District":"Al Mohamadiyyah"}},{"type":"Feature","id":908,"geometry":{"type":"Point","coordinates":[406699.33380000014,2925010.7909999993]},"properties":{"OBJECTID":908,"Zone":"ZONE H","STRCTDPTH":1.5,"ELEV_GND":2.835,"ELEV_INV":1.335,"LABEL":"H-MH-101-5","Inastallation_Status":1,"X":406699.33380000014,"Y":2925010.7909999993,"Depth_Class":"1 - 2 m","District":"Al Mohamadiyyah"}},{"type":"Feature","id":909,"geometry":{"type":"Point","coordinates":[406535.38860000018,2924813.6029000003]},"properties":{"OBJECTID":909,"Zone":"ZONE H","STRCTDPTH":2.7199999999999998,"ELEV_GND":2.96,"ELEV_INV":0.23999999999999999,"LABEL":"H-MH-102","Inastallation_Status":1,"X":406535.38860000018,"Y":2924813.6029000003,"Depth_Class":"2 - 3 m","District":"Al Atheer"}},{"type":"Feature","id":910,"geometry":{"type":"Point","coordinates":[406475.5206000004,2924810.6939000003]},"properties":{"OBJECTID":910,"Zone":"ZONE H","STRCTDPTH":2.6280000000000001,"ELEV_GND":3.0600000000000001,"ELEV_INV":0.432,"LABEL":"H-MH-103","Inastallation_Status":1,"X":406475.5206000004,"Y":2924810.6939000003,"Depth_Class":"2 - 3 m","District":"Al Atheer"}},{"type":"Feature","id":911,"geometry":{"type":"Point","coordinates":[406415.62260000035,2924805.4449000005]},"properties":{"OBJECTID":911,"Zone":"ZONE H","STRCTDPTH":2.4649999999999999,"ELEV_GND":3.0899999999999999,"ELEV_INV":0.625,"LABEL":"H-MH-104","Inastallation_Status":1,"X":406415.62260000035,"Y":2924805.4449000005,"Depth_Class":"2 - 3 m","District":"Al Atheer"}},{"type":"Feature","id":912,"geometry":{"type":"Point","coordinates":[406365.56060000043,2924801.3099000007]},"properties":{"OBJECTID":912,"Zone":"ZONE H","STRCTDPTH":2.3849999999999998,"ELEV_GND":3.1699999999999999,"ELEV_INV":0.78500000000000003,"LABEL":"H-MH-105","Inastallation_Status":1,"X":406365.56060000043,"Y":2924801.3099000007,"Depth_Class":"2 - 3 m","District":"Al Atheer"}},{"type":"Feature","id":913,"geometry":{"type":"Point","coordinates":[406370.96059999987,2924742.6579]},"properties":{"OBJECTID":913,"Zone":"ZONE H","STRCTDPTH":2.0259999999999998,"ELEV_GND":3.6200000000000001,"ELEV_INV":1.5940000000000001,"LABEL":"H-MH-105-1","Inastallation_Status":1,"X":406370.96059999987,"Y":2924742.6579,"Depth_Class":"2 - 3 m","District":"Al Atheer"}},{"type":"Feature","id":914,"geometry":{"type":"Point","coordinates":[406375.69660000037,2924687.9068999998]},"properties":{"OBJECTID":914,"Zone":"ZONE H","STRCTDPTH":2.0819999999999999,"ELEV_GND":3.9100000000000001,"ELEV_INV":1.8280000000000001,"LABEL":"H-MH-105-2","Inastallation_Status":1,"X":406375.69660000037,"Y":2924687.9068999998,"Depth_Class":"2 - 3 m","District":"Al Atheer"}},{"type":"Feature","id":915,"geometry":{"type":"Point","coordinates":[406324.29559999984,2924682.5799000002]},"properties":{"OBJECTID":915,"Zone":"ZONE H","STRCTDPTH":1.8269999999999997,"ELEV_GND":3.8199999999999998,"ELEV_INV":1.9930000000000001,"LABEL":"H-MH-105-3","Inastallation_Status":1,"X":406324.29559999984,"Y":2924682.5799000002,"Depth_Class":"1 - 2 m","District":"Al Atheer"}},{"type":"Feature","id":916,"geometry":{"type":"Point","coordinates":[406286.7706000004,2924675.7338999994]},"properties":{"OBJECTID":916,"Zone":"ZONE H","STRCTDPTH":1.7649999999999997,"ELEV_GND":3.8799999999999999,"ELEV_INV":2.1150000000000002,"LABEL":"H-MH-105-4","Inastallation_Status":1,"X":406286.7706000004,"Y":2924675.7338999994,"Depth_Class":"1 - 2 m","District":"Al Atheer"}},{"type":"Feature","id":917,"geometry":{"type":"Point","coordinates":[406315.89159999974,2924794.6399000008]},"properties":{"OBJECTID":917,"Zone":"ZONE H","STRCTDPTH":2.2949999999999999,"ELEV_GND":3.2410000000000001,"ELEV_INV":0.94599999999999995,"LABEL":"H-MH-106","Inastallation_Status":1,"X":406315.89159999974,"Y":2924794.6399000008,"Depth_Class":"2 - 3 m","District":"Al Atheer"}},{"type":"Feature","id":918,"geometry":{"type":"Point","coordinates":[406271.31060000043,2924790.3669000007]},"properties":{"OBJECTID":918,"Zone":"ZONE H","STRCTDPTH":2.2109999999999999,"ELEV_GND":3.2999999999999998,"ELEV_INV":1.089,"LABEL":"H-MH-107","Inastallation_Status":1,"X":406271.31060000043,"Y":2924790.3669000007,"Depth_Class":"2 - 3 m","District":"Al Atheer"}},{"type":"Feature","id":919,"geometry":{"type":"Point","coordinates":[406220.63559999969,2924788.3578999992]},"properties":{"OBJECTID":919,"Zone":"ZONE H","STRCTDPTH":2.0289999999999999,"ELEV_GND":3.2799999999999998,"ELEV_INV":1.2509999999999999,"LABEL":"H-MH-108","Inastallation_Status":1,"X":406220.63559999969,"Y":2924788.3578999992,"Depth_Class":"2 - 3 m","District":"Al Atheer"}},{"type":"Feature","id":920,"geometry":{"type":"Point","coordinates":[406153.74760000035,2924782.7248999998]},"properties":{"OBJECTID":920,"Zone":"ZONE H","STRCTDPTH":1.8440000000000001,"ELEV_GND":3.3100000000000001,"ELEV_INV":1.466,"LABEL":"H-MH-109","Inastallation_Status":1,"X":406153.74760000035,"Y":2924782.7248999998,"Depth_Class":"1 - 2 m","District":"Al Atheer"}},{"type":"Feature","id":921,"geometry":{"type":"Point","coordinates":[406089.09360000025,2924773.4388999995]},"properties":{"OBJECTID":921,"Zone":"ZONE H","STRCTDPTH":1.7649999999999999,"ELEV_GND":3.4399999999999999,"ELEV_INV":1.675,"LABEL":"H-MH-110","Inastallation_Status":1,"X":406089.09360000025,"Y":2924773.4388999995,"Depth_Class":"1 - 2 m","District":"Al Atheer"}},{"type":"Feature","id":922,"geometry":{"type":"Point","coordinates":[406989.68919999991,2923766.3087000009]},"properties":{"OBJECTID":922,"Zone":"ZONE H","STRCTDPTH":4.2409999999999997,"ELEV_GND":4.8739999999999997,"ELEV_INV":0.63300000000000001,"LABEL":"H-MH-111","Inastallation_Status":1,"X":406989.68919999991,"Y":2923766.3087000009,"Depth_Class":"4 - 5 m","District":"Al Atheer"}},{"type":"Feature","id":923,"geometry":{"type":"Point","coordinates":[406910.0251000002,2923725.0182000007]},"properties":{"OBJECTID":923,"Zone":"ZONE H","STRCTDPTH":3.9219999999999997,"ELEV_GND":4.8419999999999996,"ELEV_INV":0.92000000000000004,"LABEL":"H-MH-112","Inastallation_Status":1,"X":406910.0251000002,"Y":2923725.0182000007,"Depth_Class":"3 - 4 m","District":"Al Atheer"}},{"type":"Feature","id":924,"geometry":{"type":"Point","coordinates":[406847.06489999965,2923693.0932999998]},"properties":{"OBJECTID":924,"Zone":"ZONE H","STRCTDPTH":3.8159999999999998,"ELEV_GND":4.9619999999999997,"ELEV_INV":1.1459999999999999,"LABEL":"H-MH-113","Inastallation_Status":1,"X":406847.06489999965,"Y":2923693.0932999998,"Depth_Class":"3 - 4 m","District":"Al Atheer"}},{"type":"Feature","id":925,"geometry":{"type":"Point","coordinates":[406789.85560000036,2923661.7619000003]},"properties":{"OBJECTID":925,"Zone":"ZONE H","STRCTDPTH":3.3700000000000001,"ELEV_GND":4.7240000000000002,"ELEV_INV":1.3540000000000001,"LABEL":"H-MH-114","Inastallation_Status":1,"X":406789.85560000036,"Y":2923661.7619000003,"Depth_Class":"3 - 4 m","District":"Al Atheer"}},{"type":"Feature","id":926,"geometry":{"type":"Point","coordinates":[406771.15560000017,2923656.4109000005]},"properties":{"OBJECTID":926,"Zone":"ZONE H","STRCTDPTH":3.3369999999999997,"ELEV_GND":4.7539999999999996,"ELEV_INV":1.417,"LABEL":"H-MH-115","Inastallation_Status":1,"X":406771.15560000017,"Y":2923656.4109000005,"Depth_Class":"3 - 4 m","District":"Al Atheer"}},{"type":"Feature","id":927,"geometry":{"type":"Point","coordinates":[406693.35360000003,2923634.0988999996]},"properties":{"OBJECTID":927,"Zone":"ZONE H","STRCTDPTH":3.4159999999999995,"ELEV_GND":5.0919999999999996,"ELEV_INV":1.6759999999999999,"LABEL":"H-MH-116","Inastallation_Status":1,"X":406693.35360000003,"Y":2923634.0988999996,"Depth_Class":"3 - 4 m","District":"Al Atheer"}},{"type":"Feature","id":928,"geometry":{"type":"Point","coordinates":[406617.20160000026,2923625.4858999997]},"properties":{"OBJECTID":928,"Zone":"ZONE H","STRCTDPTH":3.0889999999999995,"ELEV_GND":5.0099999999999998,"ELEV_INV":1.921,"LABEL":"H-MH-117","Inastallation_Status":1,"X":406617.20160000026,"Y":2923625.4858999997,"Depth_Class":"3 - 4 m","District":"Al Atheer"}},{"type":"Feature","id":929,"geometry":{"type":"Point","coordinates":[406542.97259999998,2923618.9628999997]},"properties":{"OBJECTID":929,"Zone":"ZONE H","STRCTDPTH":2.6509999999999998,"ELEV_GND":4.8099999999999996,"ELEV_INV":2.1589999999999998,"LABEL":"H-MH-118","Inastallation_Status":1,"X":406542.97259999998,"Y":2923618.9628999997,"Depth_Class":"2 - 3 m","District":"Al Atheer"}},{"type":"Feature","id":930,"geometry":{"type":"Point","coordinates":[406532.67459999956,2923606.2678999994]},"properties":{"OBJECTID":930,"Zone":"ZONE H","STRCTDPTH":2.6149999999999998,"ELEV_GND":4.827,"ELEV_INV":2.2120000000000002,"LABEL":"H-MH-119","Inastallation_Status":1,"X":406532.67459999956,"Y":2923606.2678999994,"Depth_Class":"2 - 3 m","District":"Al Atheer"}},{"type":"Feature","id":931,"geometry":{"type":"Point","coordinates":[406487.64429999981,2923580.2616000008]},"properties":{"OBJECTID":931,"Zone":"ZONE H","STRCTDPTH":2.6950000000000003,"ELEV_GND":5.0730000000000004,"ELEV_INV":2.3780000000000001,"LABEL":"H-MH-120","Inastallation_Status":1,"X":406487.64429999981,"Y":2923580.2616000008,"Depth_Class":"2 - 3 m","District":"Al Atheer"}},{"type":"Feature","id":932,"geometry":{"type":"Point","coordinates":[404999.33260000031,2927728.0119000003]},"properties":{"OBJECTID":932,"Zone":"ZONE H","STRCTDPTH":5.0899999999999999,"ELEV_GND":3.73,"ELEV_INV":-1.3600000000000001,"LABEL":"H-MH-121","Inastallation_Status":1,"X":404999.33260000031,"Y":2927728.0119000003,"Depth_Class":"5 - 6 m","District":"Al Dana"}},{"type":"Feature","id":933,"geometry":{"type":"Point","coordinates":[405117.42789999954,2927548.8519000001]},"properties":{"OBJECTID":933,"Zone":"ZONE H","STRCTDPTH":4.5449999999999999,"ELEV_GND":3.7200000000000002,"ELEV_INV":-0.82499999999999996,"LABEL":"H-MH-122","Inastallation_Status":1,"X":405117.42789999954,"Y":2927548.8519000001,"Depth_Class":"4 - 5 m","District":"Al Mohamadiyyah"}},{"type":"Feature","id":934,"geometry":{"type":"Point","coordinates":[405096.04959999956,2927613.2519000005]},"properties":{"OBJECTID":934,"Zone":"ZONE H","STRCTDPTH":4.7069999999999999,"ELEV_GND":3.9500000000000002,"ELEV_INV":-0.75700000000000001,"LABEL":"H-MH-123","Inastallation_Status":1,"X":405096.04959999956,"Y":2927613.2519000005,"Depth_Class":"4 - 5 m","District":"Al Mohamadiyyah"}},{"type":"Feature","id":935,"geometry":{"type":"Point","coordinates":[405071.65560000017,2927679.6648999993]},"properties":{"OBJECTID":935,"Zone":"ZONE H","STRCTDPTH":4.5860000000000003,"ELEV_GND":3.8999999999999999,"ELEV_INV":-0.68600000000000005,"LABEL":"H-MH-124","Inastallation_Status":1,"X":405071.65560000017,"Y":2927679.6648999993,"Depth_Class":"4 - 5 m","District":"Al Mohamadiyyah"}},{"type":"Feature","id":936,"geometry":{"type":"Point","coordinates":[405045.7061999999,2927743.9122000001]},"properties":{"OBJECTID":936,"Zone":"ZONE H","STRCTDPTH":4.3970000000000002,"ELEV_GND":3.7799999999999998,"ELEV_INV":-0.61699999999999999,"LABEL":"H-MH-125","Inastallation_Status":1,"X":405045.7061999999,"Y":2927743.9122000001,"Depth_Class":"4 - 5 m","District":"Al Mohamadiyyah"}},{"type":"Feature","id":937,"geometry":{"type":"Point","coordinates":[404958.27859999985,2927713.5259000007]},"properties":{"OBJECTID":937,"Zone":"ZONE H","STRCTDPTH":4.3469999999999995,"ELEV_GND":4.0199999999999996,"ELEV_INV":-0.32700000000000001,"LABEL":"H-MH-126","Inastallation_Status":1,"X":404958.27859999985,"Y":2927713.5259000007,"Depth_Class":"4 - 5 m","District":"Al Dana"}},{"type":"Feature","id":938,"geometry":{"type":"Point","coordinates":[404977.97860000003,2927652.5658999998]},"properties":{"OBJECTID":938,"Zone":"ZONE H","STRCTDPTH":4.0860000000000003,"ELEV_GND":3.8999999999999999,"ELEV_INV":-0.186,"LABEL":"H-MH-127","Inastallation_Status":1,"X":404977.97860000003,"Y":2927652.5658999998,"Depth_Class":"4 - 5 m","District":"Al Dana"}},{"type":"Feature","id":939,"geometry":{"type":"Point","coordinates":[404901.03560000006,2927624.7788999993]},"properties":{"OBJECTID":939,"Zone":"ZONE H","STRCTDPTH":4.0060000000000002,"ELEV_GND":4,"ELEV_INV":-0.0060000000000000001,"LABEL":"H-MH-128","Inastallation_Status":1,"X":404901.03560000006,"Y":2927624.7788999993,"Depth_Class":"4 - 5 m","District":"Al Dana"}},{"type":"Feature","id":940,"geometry":{"type":"Point","coordinates":[404826.31759999972,2927598.1409000009]},"properties":{"OBJECTID":940,"Zone":"ZONE H","STRCTDPTH":3.7079999999999997,"ELEV_GND":3.8759999999999999,"ELEV_INV":0.16800000000000001,"LABEL":"H-MH-129","Inastallation_Status":1,"X":404826.31759999972,"Y":2927598.1409000009,"Depth_Class":"3 - 4 m","District":"Al Dana"}},{"type":"Feature","id":941,"geometry":{"type":"Point","coordinates":[404757.16610000003,2927571.5465999991]},"properties":{"OBJECTID":941,"Zone":"ZONE H","STRCTDPTH":3.3959999999999999,"ELEV_GND":3.7269999999999999,"ELEV_INV":0.33100000000000002,"LABEL":"H-MH-130","Inastallation_Status":1,"X":404757.16610000003,"Y":2927571.5465999991,"Depth_Class":"3 - 4 m","District":"Al Dana"}},{"type":"Feature","id":942,"geometry":{"type":"Point","coordinates":[404676.95309999958,2927543.7050000001]},"properties":{"OBJECTID":942,"Zone":"ZONE H","STRCTDPTH":3.1390000000000002,"ELEV_GND":3.657,"ELEV_INV":0.51800000000000002,"LABEL":"H-MH-131","Inastallation_Status":1,"X":404676.95309999958,"Y":2927543.7050000001,"Depth_Class":"3 - 4 m","District":"Al Dana"}},{"type":"Feature","id":943,"geometry":{"type":"Point","coordinates":[405704.08349999972,2927809.1779999994]},"properties":{"OBJECTID":943,"Zone":"ZONE H","STRCTDPTH":4.4859999999999998,"ELEV_GND":3.0600000000000001,"ELEV_INV":-1.4259999999999999,"LABEL":"H-MH-132","Inastallation_Status":1,"X":405704.08349999972,"Y":2927809.1779999994,"Depth_Class":"4 - 5 m","District":"Al Mohamadiyyah"}},{"type":"Feature","id":944,"geometry":{"type":"Point","coordinates":[405679.4626000002,2927878.3118999992]},"properties":{"OBJECTID":944,"Zone":"ZONE H","STRCTDPTH":4.2080000000000002,"ELEV_GND":3.1699999999999999,"ELEV_INV":-1.038,"LABEL":"H-MH-133","Inastallation_Status":1,"X":405679.4626000002,"Y":2927878.3118999992,"Depth_Class":"4 - 5 m","District":"Al Mohamadiyyah"}},{"type":"Feature","id":945,"geometry":{"type":"Point","coordinates":[405653.14059999958,2927951.6259000003]},"properties":{"OBJECTID":945,"Zone":"ZONE H","STRCTDPTH":4.1989999999999998,"ELEV_GND":3.4100000000000001,"ELEV_INV":-0.78900000000000003,"LABEL":"H-MH-134","Inastallation_Status":1,"X":405653.14059999958,"Y":2927951.6259000003,"Depth_Class":"4 - 5 m","District":"Al Mohamadiyyah"}},{"type":"Feature","id":946,"geometry":{"type":"Point","coordinates":[405628.43659999967,2928020.1049000006]},"properties":{"OBJECTID":946,"Zone":"ZONE H","STRCTDPTH":3.8690000000000002,"ELEV_GND":3.3130000000000002,"ELEV_INV":-0.55600000000000005,"LABEL":"H-MH-135","Inastallation_Status":1,"X":405628.43659999967,"Y":2928020.1049000006,"Depth_Class":"3 - 4 m","District":"Al Mohamadiyyah"}},{"type":"Feature","id":947,"geometry":{"type":"Point","coordinates":[407956.03160000034,2927620.2128999997]},"properties":{"OBJECTID":947,"Zone":"ZONE H","STRCTDPTH":3.927,"ELEV_GND":3.7770000000000001,"ELEV_INV":-0.14999999999999999,"LABEL":"H-MH-136","Inastallation_Status":1,"X":407956.03160000034,"Y":2927620.2128999997,"Depth_Class":"3 - 4 m","District":"Al Jawhara"}},{"type":"Feature","id":948,"geometry":{"type":"Point","coordinates":[407956.4944000002,2927676.4593000002]},"properties":{"OBJECTID":948,"Zone":"ZONE H","STRCTDPTH":2.8639999999999999,"ELEV_GND":3.6080000000000001,"ELEV_INV":0.74399999999999999,"LABEL":"H-MH-137","Inastallation_Status":1,"X":407956.4944000002,"Y":2927676.4593000002,"Depth_Class":"2 - 3 m","District":"Al Jawhara"}},{"type":"Feature","id":949,"geometry":{"type":"Point","coordinates":[407914.80090000015,2927644.3723000009]},"properties":{"OBJECTID":949,"Zone":"ZONE H","STRCTDPTH":2.464,"ELEV_GND":3.2999999999999998,"ELEV_INV":0.83599999999999997,"LABEL":"H-MH-138","Inastallation_Status":1,"X":407914.80090000015,"Y":2927644.3723000009,"Depth_Class":"2 - 3 m","District":"Al Jawhara"}},{"type":"Feature","id":950,"geometry":{"type":"Point","coordinates":[407873.39419999998,2927597.7230999991]},"properties":{"OBJECTID":950,"Zone":"ZONE H","STRCTDPTH":3.0100000000000002,"ELEV_GND":3.9550000000000001,"ELEV_INV":0.94499999999999995,"LABEL":"H-MH-139","Inastallation_Status":1,"X":407873.39419999998,"Y":2927597.7230999991,"Depth_Class":"3 - 4 m","District":"Al Jawhara"}},{"type":"Feature","id":951,"geometry":{"type":"Point","coordinates":[409634.70999999996,2928116.9350000005]},"properties":{"OBJECTID":951,"Zone":"Zone I","STRCTDPTH":6.0609999999999999,"ELEV_GND":3.238,"ELEV_INV":-2.823,"LABEL":"I-MH-1","Inastallation_Status":1,"X":409634.70999999996,"Y":2928116.9350000005,"Depth_Class":"6 - 7 m","District":"Al Hamra"}},{"type":"Feature","id":952,"geometry":{"type":"Point","coordinates":[409580.21399999969,2928117.182]},"properties":{"OBJECTID":952,"Zone":"Zone I","STRCTDPTH":5.9039999999999999,"ELEV_GND":3.2400000000000002,"ELEV_INV":-2.6640000000000001,"LABEL":"I-MH-2","Inastallation_Status":1,"X":409580.21399999969,"Y":2928117.182,"Depth_Class":"5 - 6 m","District":"Al Hamra"}},{"type":"Feature","id":953,"geometry":{"type":"Point","coordinates":[409521.29550000001,2928117.9564999994]},"properties":{"OBJECTID":953,"Zone":"Zone I","STRCTDPTH":6.0500000000000007,"ELEV_GND":3.556,"ELEV_INV":-2.4940000000000002,"LABEL":"I-MH-3","Inastallation_Status":1,"X":409521.29550000001,"Y":2928117.9564999994,"Depth_Class":"6 - 7 m","District":"Al Hamra"}},{"type":"Feature","id":954,"geometry":{"type":"Point","coordinates":[409519.44790000003,2928191.8232000005]},"properties":{"OBJECTID":954,"Zone":"Zone I","STRCTDPTH":5.7519999999999998,"ELEV_GND":3.4729999999999999,"ELEV_INV":-2.2789999999999999,"LABEL":"I-MH-4","Inastallation_Status":1,"X":409519.44790000003,"Y":2928191.8232000005,"Depth_Class":"5 - 6 m","District":"Al Hamra"}},{"type":"Feature","id":955,"geometry":{"type":"Point","coordinates":[409539.06489999965,2928211.3702000007]},"properties":{"OBJECTID":955,"Zone":"Zone I","STRCTDPTH":5.6319999999999997,"ELEV_GND":3.4329999999999998,"ELEV_INV":-2.1989999999999998,"LABEL":"I-MH-5","Inastallation_Status":1,"X":409539.06489999965,"Y":2928211.3702000007,"Depth_Class":"5 - 6 m","District":"Al Hamra"}},{"type":"Feature","id":956,"geometry":{"type":"Point","coordinates":[409492.96600000001,2928256.8949999996]},"properties":{"OBJECTID":956,"Zone":"Zone I","STRCTDPTH":5.4260000000000002,"ELEV_GND":3.5760000000000001,"ELEV_INV":-1.8500000000000001,"LABEL":"I-MH-6","Inastallation_Status":1,"X":409492.96600000001,"Y":2928256.8949999996,"Depth_Class":"5 - 6 m","District":"Al Hamra"}},{"type":"Feature","id":957,"geometry":{"type":"Point","coordinates":[409448.36000000034,2928301.4639999997]},"properties":{"OBJECTID":957,"Zone":"Zone I","STRCTDPTH":5.3849999999999998,"ELEV_GND":3.6669999999999998,"ELEV_INV":-1.718,"LABEL":"I-MH-7","Inastallation_Status":1,"X":409448.36000000034,"Y":2928301.4639999997,"Depth_Class":"5 - 6 m","District":"Al Hamra"}},{"type":"Feature","id":958,"geometry":{"type":"Point","coordinates":[409401.41500000004,2928349.9820000008]},"properties":{"OBJECTID":958,"Zone":"Zone I","STRCTDPTH":5.3090000000000002,"ELEV_GND":3.782,"ELEV_INV":-1.5269999999999999,"LABEL":"I-MH-8","Inastallation_Status":1,"X":409401.41500000004,"Y":2928349.9820000008,"Depth_Class":"5 - 6 m","District":"Al Hamra"}},{"type":"Feature","id":959,"geometry":{"type":"Point","coordinates":[409356.60610000044,2928396.5185000002]},"properties":{"OBJECTID":959,"Zone":"Zone I","STRCTDPTH":5.008,"ELEV_GND":3.617,"ELEV_INV":-1.391,"LABEL":"I-MH-9","Inastallation_Status":1,"X":409356.60610000044,"Y":2928396.5185000002,"Depth_Class":"5 - 6 m","District":"Al Hamra"}},{"type":"Feature","id":960,"geometry":{"type":"Point","coordinates":[409328.10500000045,2928423.7029999997]},"properties":{"OBJECTID":960,"Zone":"Zone I","STRCTDPTH":4.9240000000000004,"ELEV_GND":3.6150000000000002,"ELEV_INV":-1.3089999999999999,"LABEL":"I-MH-10","Inastallation_Status":1,"X":409328.10500000045,"Y":2928423.7029999997,"Depth_Class":"4 - 5 m","District":"Al Hamra"}},{"type":"Feature","id":961,"geometry":{"type":"Point","coordinates":[409278.50229999982,2928458.3981999997]},"properties":{"OBJECTID":961,"Zone":"Zone I","STRCTDPTH":4.7439999999999998,"ELEV_GND":3.5630000000000002,"ELEV_INV":-1.181,"LABEL":"I-MH-11","Inastallation_Status":1,"X":409278.50229999982,"Y":2928458.3981999997,"Depth_Class":"4 - 5 m","District":"Al Hamra"}},{"type":"Feature","id":962,"geometry":{"type":"Point","coordinates":[409228.38900000043,2928461.841]},"properties":{"OBJECTID":962,"Zone":"Zone I","STRCTDPTH":4.5430000000000001,"ELEV_GND":3.4870000000000001,"ELEV_INV":-1.056,"LABEL":"I-MH-12","Inastallation_Status":1,"X":409228.38900000043,"Y":2928461.841,"Depth_Class":"4 - 5 m","District":"Al Hamra"}},{"type":"Feature","id":963,"geometry":{"type":"Point","coordinates":[409171.62820000015,2928465.0548999999]},"properties":{"OBJECTID":963,"Zone":"Zone I","STRCTDPTH":4.2379999999999995,"ELEV_GND":3.3849999999999998,"ELEV_INV":-0.85299999999999998,"LABEL":"I-MH-13","Inastallation_Status":1,"X":409171.62820000015,"Y":2928465.0548999999,"Depth_Class":"4 - 5 m","District":"Al Hamra"}},{"type":"Feature","id":964,"geometry":{"type":"Point","coordinates":[409246.25999999978,2927227.4649999999]},"properties":{"OBJECTID":964,"Zone":"Zone I","STRCTDPTH":5.75,"ELEV_GND":3.4239999999999999,"ELEV_INV":-2.3260000000000001,"LABEL":"I-MH-14","Inastallation_Status":4,"X":409246.25999999978,"Y":2927227.4649999999,"Depth_Class":"5 - 6 m","District":"Al Hamra"}},{"type":"Feature","id":965,"geometry":{"type":"Point","coordinates":[409334.16399999987,2927227.2750000004]},"properties":{"OBJECTID":965,"Zone":"Zone I","STRCTDPTH":5.6050000000000004,"ELEV_GND":3.4550000000000001,"ELEV_INV":-2.1499999999999999,"LABEL":"I-MH-15","Inastallation_Status":4,"X":409334.16399999987,"Y":2927227.2750000004,"Depth_Class":"5 - 6 m","District":"Al Hamra"}},{"type":"Feature","id":966,"geometry":{"type":"Point","coordinates":[409412.08800000045,2927226.2880000006]},"properties":{"OBJECTID":966,"Zone":"Zone I","STRCTDPTH":5.4820000000000002,"ELEV_GND":3.488,"ELEV_INV":-1.994,"LABEL":"I-MH-16","Inastallation_Status":4,"X":409412.08800000045,"Y":2927226.2880000006,"Depth_Class":"5 - 6 m","District":"Al Hamra"}},{"type":"Feature","id":967,"geometry":{"type":"Point","coordinates":[409511.26400000043,2927227.2594000008]},"properties":{"OBJECTID":967,"Zone":"Zone I","STRCTDPTH":5.5030000000000001,"ELEV_GND":3.7069999999999999,"ELEV_INV":-1.796,"LABEL":"I-MH-17","Inastallation_Status":4,"X":409511.26400000043,"Y":2927227.2594000008,"Depth_Class":"5 - 6 m","District":"Al Hamra"}},{"type":"Feature","id":968,"geometry":{"type":"Point","coordinates":[409513.85400000028,2927271.4059999995]},"properties":{"OBJECTID":968,"Zone":"Zone I","STRCTDPTH":5.7009999999999996,"ELEV_GND":4.3579999999999997,"ELEV_INV":-1.343,"LABEL":"I-MH-18","Inastallation_Status":4,"X":409513.85400000028,"Y":2927271.4059999995,"Depth_Class":"5 - 6 m","District":"Al Hamra"}},{"type":"Feature","id":969,"geometry":{"type":"Point","coordinates":[409514.59700000007,2927352.977]},"properties":{"OBJECTID":969,"Zone":"Zone I","STRCTDPTH":5.4559999999999995,"ELEV_GND":4.2679999999999998,"ELEV_INV":-1.1879999999999999,"LABEL":"I-MH-19","Inastallation_Status":4,"X":409514.59700000007,"Y":2927352.977,"Depth_Class":"5 - 6 m","District":"Al Hamra"}},{"type":"Feature","id":970,"geometry":{"type":"Point","coordinates":[409513.4654000001,2927432.9441999998]},"properties":{"OBJECTID":970,"Zone":"Zone I","STRCTDPTH":4.6859999999999999,"ELEV_GND":3.6499999999999999,"ELEV_INV":-1.036,"LABEL":"I-MH-20","Inastallation_Status":4,"X":409513.4654000001,"Y":2927432.9441999998,"Depth_Class":"4 - 5 m","District":"Al Hamra"}},{"type":"Feature","id":971,"geometry":{"type":"Point","coordinates":[409515.96100000013,2927495.8279999997]},"properties":{"OBJECTID":971,"Zone":"Zone I","STRCTDPTH":4.6390000000000002,"ELEV_GND":3.722,"ELEV_INV":-0.91700000000000004,"LABEL":"I-MH-21","Inastallation_Status":4,"X":409515.96100000013,"Y":2927495.8279999997,"Depth_Class":"4 - 5 m","District":"Al Hamra"}},{"type":"Feature","id":972,"geometry":{"type":"Point","coordinates":[409516.27799999993,2927561.2960000001]},"properties":{"OBJECTID":972,"Zone":"Zone I","STRCTDPTH":4.4240000000000004,"ELEV_GND":3.6320000000000001,"ELEV_INV":-0.79200000000000004,"LABEL":"I-MH-22","Inastallation_Status":4,"X":409516.27799999993,"Y":2927561.2960000001,"Depth_Class":"4 - 5 m","District":"Al Hamra"}},{"type":"Feature","id":973,"geometry":{"type":"Point","coordinates":[409517.26699999999,2927621.9979999997]},"properties":{"OBJECTID":973,"Zone":"Zone I","STRCTDPTH":4.4870000000000001,"ELEV_GND":3.8100000000000001,"ELEV_INV":-0.67700000000000005,"LABEL":"I-MH-23","Inastallation_Status":4,"X":409517.26699999999,"Y":2927621.9979999997,"Depth_Class":"4 - 5 m","District":"Al Hamra"}},{"type":"Feature","id":974,"geometry":{"type":"Point","coordinates":[409517.40000000037,2927697.4670000002]},"properties":{"OBJECTID":974,"Zone":"Zone I","STRCTDPTH":4.258,"ELEV_GND":3.7240000000000002,"ELEV_INV":-0.53400000000000003,"LABEL":"I-MH-24","Inastallation_Status":4,"X":409517.40000000037,"Y":2927697.4670000002,"Depth_Class":"4 - 5 m","District":"Al Hamra"}},{"type":"Feature","id":975,"geometry":{"type":"Point","coordinates":[409517.43499999959,2927756.9260000009]},"properties":{"OBJECTID":975,"Zone":"Zone I","STRCTDPTH":4.0529999999999999,"ELEV_GND":3.6320000000000001,"ELEV_INV":-0.42099999999999999,"LABEL":"I-MH-25","Inastallation_Status":4,"X":409517.43499999959,"Y":2927756.9260000009,"Depth_Class":"4 - 5 m","District":"Al Hamra"}},{"type":"Feature","id":976,"geometry":{"type":"Point","coordinates":[409518.47300000023,2927810.2080000006]},"properties":{"OBJECTID":976,"Zone":"Zone I","STRCTDPTH":3.9539999999999997,"ELEV_GND":3.6349999999999998,"ELEV_INV":-0.31900000000000001,"LABEL":"I-MH-26","Inastallation_Status":4,"X":409518.47300000023,"Y":2927810.2080000006,"Depth_Class":"3 - 4 m","District":"Al Hamra"}},{"type":"Feature","id":977,"geometry":{"type":"Point","coordinates":[409518.7089999998,2927856.9580000006]},"properties":{"OBJECTID":977,"Zone":"Zone I","STRCTDPTH":3.8889999999999998,"ELEV_GND":3.6589999999999998,"ELEV_INV":-0.23000000000000001,"LABEL":"I-MH-27","Inastallation_Status":4,"X":409518.7089999998,"Y":2927856.9580000006,"Depth_Class":"3 - 4 m","District":"Al Hamra"}},{"type":"Feature","id":978,"geometry":{"type":"Point","coordinates":[409518.51099999994,2927919.9210000001]},"properties":{"OBJECTID":978,"Zone":"Zone I","STRCTDPTH":3.6510000000000002,"ELEV_GND":3.54,"ELEV_INV":-0.111,"LABEL":"I-MH-28","Inastallation_Status":4,"X":409518.51099999994,"Y":2927919.9210000001,"Depth_Class":"3 - 4 m","District":"Al Hamra"}},{"type":"Feature","id":979,"geometry":{"type":"Point","coordinates":[409519.66899999976,2927988.3809999991]},"properties":{"OBJECTID":979,"Zone":"Zone I","STRCTDPTH":3.5509999999999997,"ELEV_GND":3.5699999999999998,"ELEV_INV":0.019,"LABEL":"I-MH-29","Inastallation_Status":4,"X":409519.66899999976,"Y":2927988.3809999991,"Depth_Class":"3 - 4 m","District":"Al Hamra"}},{"type":"Feature","id":980,"geometry":{"type":"Point","coordinates":[409520.12799999956,2928060.4920000006]},"properties":{"OBJECTID":980,"Zone":"Zone I","STRCTDPTH":3.4649999999999999,"ELEV_GND":3.621,"ELEV_INV":0.156,"LABEL":"I-MH-30","Inastallation_Status":4,"X":409520.12799999956,"Y":2928060.4920000006,"Depth_Class":"3 - 4 m","District":"Al Hamra"}},{"type":"Feature","id":981,"geometry":{"type":"Point","coordinates":[409518.49650000036,2928115.0691]},"properties":{"OBJECTID":981,"Zone":"Zone I","STRCTDPTH":3.3040000000000003,"ELEV_GND":3.5640000000000001,"ELEV_INV":0.26000000000000001,"LABEL":"I-MH-31","Inastallation_Status":4,"X":409518.49650000036,"Y":2928115.0691,"Depth_Class":"3 - 4 m","District":"Al Hamra"}},{"type":"Feature","id":982,"geometry":{"type":"Point","coordinates":[409528.3629999999,2928115.7349999994]},"properties":{"OBJECTID":982,"Zone":"Zone I","STRCTDPTH":3.1930000000000001,"ELEV_GND":3.472,"ELEV_INV":0.27900000000000003,"LABEL":"I-MH-32","Inastallation_Status":4,"X":409528.3629999999,"Y":2928115.7349999994,"Depth_Class":"3 - 4 m","District":"Al Hamra"}},{"type":"Feature","id":983,"geometry":{"type":"Point","coordinates":[409610.26900000032,2928115.2630000003]},"properties":{"OBJECTID":983,"Zone":"Zone I","STRCTDPTH":2.8439999999999999,"ELEV_GND":3.278,"ELEV_INV":0.434,"LABEL":"I-MH-33","Inastallation_Status":4,"X":409610.26900000032,"Y":2928115.2630000003,"Depth_Class":"2 - 3 m","District":"Al Hamra"}},{"type":"Feature","id":984,"geometry":{"type":"Point","coordinates":[409625.81340000033,2928116.0185000002]},"properties":{"OBJECTID":984,"Zone":"Zone I","STRCTDPTH":2.71,"ELEV_GND":3.1739999999999999,"ELEV_INV":0.46400000000000002,"LABEL":"I-MH-34","Inastallation_Status":4,"X":409625.81340000033,"Y":2928116.0185000002,"Depth_Class":"2 - 3 m","District":"Al Hamra"}},{"type":"Feature","id":985,"geometry":{"type":"Point","coordinates":[408909.24189999979,2925325.0112999994]},"properties":{"OBJECTID":985,"Zone":"Zone I","STRCTDPTH":5.173,"ELEV_GND":2.5350000000000001,"ELEV_INV":-2.6379999999999999,"LABEL":"I-MH-35","Inastallation_Status":4,"X":408909.24189999979,"Y":2925325.0112999994,"Depth_Class":"5 - 6 m","District":"Al Khaleej"}},{"type":"Feature","id":986,"geometry":{"type":"Point","coordinates":[408909.51690000016,2925341.6543000005]},"properties":{"OBJECTID":986,"Zone":"Zone I","STRCTDPTH":5.1440000000000001,"ELEV_GND":2.5230000000000001,"ELEV_INV":-2.621,"LABEL":"I-MH-36","Inastallation_Status":4,"X":408909.51690000016,"Y":2925341.6543000005,"Depth_Class":"5 - 6 m","District":"Al Khaleej"}},{"type":"Feature","id":987,"geometry":{"type":"Point","coordinates":[408909.34850000031,2925397.6601]},"properties":{"OBJECTID":987,"Zone":"Zone I","STRCTDPTH":5.0549999999999997,"ELEV_GND":2.4900000000000002,"ELEV_INV":-2.5649999999999999,"LABEL":"I-MH-37","Inastallation_Status":4,"X":408909.34850000031,"Y":2925397.6601,"Depth_Class":"5 - 6 m","District":"Al Khaleej"}},{"type":"Feature","id":988,"geometry":{"type":"Point","coordinates":[408909.60759999976,2925448.8407000005]},"properties":{"OBJECTID":988,"Zone":"Zone I","STRCTDPTH":4.9260000000000002,"ELEV_GND":2.4119999999999999,"ELEV_INV":-2.5139999999999998,"LABEL":"I-MH-38","Inastallation_Status":4,"X":408909.60759999976,"Y":2925448.8407000005,"Depth_Class":"4 - 5 m","District":"Al Khaleej"}},{"type":"Feature","id":989,"geometry":{"type":"Point","coordinates":[408909.20239999983,2925526.5015999991]},"properties":{"OBJECTID":989,"Zone":"Zone I","STRCTDPTH":4.335,"ELEV_GND":2.141,"ELEV_INV":-2.194,"LABEL":"I-MH-38-1","Inastallation_Status":4,"X":408909.20239999983,"Y":2925526.5015999991,"Depth_Class":"4 - 5 m","District":"Al Khaleej"}},{"type":"Feature","id":990,"geometry":{"type":"Point","coordinates":[408903.59609999973,2925452.5865000002]},"properties":{"OBJECTID":990,"Zone":"Zone I","STRCTDPTH":1.9839999999999998,"ELEV_GND":2.4329999999999998,"ELEV_INV":0.44900000000000001,"LABEL":"I-MH-38-1-1","Inastallation_Status":4,"X":408903.59609999973,"Y":2925452.5865000002,"Depth_Class":"1 - 2 m","District":"Al Khaleej"}},{"type":"Feature","id":991,"geometry":{"type":"Point","coordinates":[408904.77500000037,2925500.0739999991]},"properties":{"OBJECTID":991,"Zone":"Zone I","STRCTDPTH":1.7650000000000001,"ELEV_GND":2.3660000000000001,"ELEV_INV":0.60099999999999998,"LABEL":"I-MH-38-1-2","Inastallation_Status":4,"X":408904.77500000037,"Y":2925500.0739999991,"Depth_Class":"1 - 2 m","District":"Al Khaleej"}},{"type":"Feature","id":992,"geometry":{"type":"Point","coordinates":[409150.1799999997,2925893.6579999998]},"properties":{"OBJECTID":992,"Zone":"Zone I","STRCTDPTH":4.0609999999999999,"ELEV_GND":2.677,"ELEV_INV":-1.3839999999999999,"LABEL":"I-MH-38-10","Inastallation_Status":4,"X":409150.1799999997,"Y":2925893.6579999998,"Depth_Class":"4 - 5 m","District":"Al Zohour"}},{"type":"Feature","id":993,"geometry":{"type":"Point","coordinates":[409150.77099999972,2925963.6799999997]},"properties":{"OBJECTID":993,"Zone":"Zone I","STRCTDPTH":4.0670000000000002,"ELEV_GND":2.7389999999999999,"ELEV_INV":-1.3280000000000001,"LABEL":"I-MH-38-11","Inastallation_Status":4,"X":409150.77099999972,"Y":2925963.6799999997,"Depth_Class":"4 - 5 m","District":"Al Zohour"}},{"type":"Feature","id":994,"geometry":{"type":"Point","coordinates":[409151.15000000037,2926033.6799999997]},"properties":{"OBJECTID":994,"Zone":"Zone I","STRCTDPTH":4.0949999999999998,"ELEV_GND":2.823,"ELEV_INV":-1.272,"LABEL":"I-MH-38-12","Inastallation_Status":4,"X":409151.15000000037,"Y":2926033.6799999997,"Depth_Class":"4 - 5 m","District":"Al Zohour"}},{"type":"Feature","id":995,"geometry":{"type":"Point","coordinates":[409152.84700000007,2926105.591]},"properties":{"OBJECTID":995,"Zone":"Zone I","STRCTDPTH":4.1559999999999997,"ELEV_GND":2.9409999999999998,"ELEV_INV":-1.2150000000000001,"LABEL":"I-MH-38-13","Inastallation_Status":4,"X":409152.84700000007,"Y":2926105.591,"Depth_Class":"4 - 5 m","District":"Al Zohour"}},{"type":"Feature","id":996,"geometry":{"type":"Point","coordinates":[409152.3320000004,2926181.5940000005]},"properties":{"OBJECTID":996,"Zone":"Zone I","STRCTDPTH":4.1440000000000001,"ELEV_GND":2.9900000000000002,"ELEV_INV":-1.1539999999999999,"LABEL":"I-MH-38-14","Inastallation_Status":4,"X":409152.3320000004,"Y":2926181.5940000005,"Depth_Class":"4 - 5 m","District":"Al Zohour"}},{"type":"Feature","id":997,"geometry":{"type":"Point","coordinates":[409152.72900000028,2926256.6359999999]},"properties":{"OBJECTID":997,"Zone":"Zone I","STRCTDPTH":4.0979999999999999,"ELEV_GND":3.004,"ELEV_INV":-1.0940000000000001,"LABEL":"I-MH-38-15","Inastallation_Status":4,"X":409152.72900000028,"Y":2926256.6359999999,"Depth_Class":"4 - 5 m","District":"Al Zohour"}},{"type":"Feature","id":998,"geometry":{"type":"Point","coordinates":[409153.28500000015,2926327.3300000001]},"properties":{"OBJECTID":998,"Zone":"Zone I","STRCTDPTH":4.1589999999999998,"ELEV_GND":3.1219999999999999,"ELEV_INV":-1.0369999999999999,"LABEL":"I-MH-38-16","Inastallation_Status":4,"X":409153.28500000015,"Y":2926327.3300000001,"Depth_Class":"4 - 5 m","District":"Al Zohour"}},{"type":"Feature","id":999,"geometry":{"type":"Point","coordinates":[409154.61799999978,2926398.8849999998]},"properties":{"OBJECTID":999,"Zone":"Zone I","STRCTDPTH":4.1690000000000005,"ELEV_GND":3.1890000000000001,"ELEV_INV":-0.97999999999999998,"LABEL":"I-MH-38-17","Inastallation_Status":4,"X":409154.61799999978,"Y":2926398.8849999998,"Depth_Class":"4 - 5 m","District":"Al Zohour"}},{"type":"Feature","id":1000,"geometry":{"type":"Point","coordinates":[409155.17169999983,2926465.6316999998]},"properties":{"OBJECTID":1000,"Zone":"Zone I","STRCTDPTH":3.1499999999999999,"ELEV_GND":3.2509999999999999,"ELEV_INV":0.10100000000000001,"LABEL":"I-MH-38-17-1","Inastallation_Status":4,"X":409155.17169999983,"Y":2926465.6316999998,"Depth_Class":"3 - 4 m","District":"Al Zohour"}},{"type":"Feature","id":1001,"geometry":{"type":"Point","coordinates":[409167.75499999989,2926395.2239999995]},"properties":{"OBJECTID":1001,"Zone":"Zone I","STRCTDPTH":2.472,"ELEV_GND":3.3069999999999999,"ELEV_INV":0.83499999999999996,"LABEL":"I-MH-38-17-2","Inastallation_Status":4,"X":409167.75499999989,"Y":2926395.2239999995,"Depth_Class":"2 - 3 m","District":"Al Zohour"}},{"type":"Feature","id":1002,"geometry":{"type":"Point","coordinates":[409243.25519999955,2926394.5875000004]},"properties":{"OBJECTID":1002,"Zone":"Zone I","STRCTDPTH":2.4100000000000001,"ELEV_GND":3.4319999999999999,"ELEV_INV":1.022,"LABEL":"I-MH-38-17-3","Inastallation_Status":4,"X":409243.25519999955,"Y":2926394.5875000004,"Depth_Class":"2 - 3 m","District":"Al Zohour"}},{"type":"Feature","id":1003,"geometry":{"type":"Point","coordinates":[409140.43429999985,2926387.8317000009]},"properties":{"OBJECTID":1003,"Zone":"Zone I","STRCTDPTH":3.5800000000000001,"ELEV_GND":3.2149999999999999,"ELEV_INV":-0.36499999999999999,"LABEL":"I-MH-38-18","Inastallation_Status":4,"X":409140.43429999985,"Y":2926387.8317000009,"Depth_Class":"3 - 4 m","District":"Al Zohour"}},{"type":"Feature","id":1004,"geometry":{"type":"Point","coordinates":[409061.14919999987,2926387.8317000009]},"properties":{"OBJECTID":1004,"Zone":"Zone I","STRCTDPTH":3.5790000000000002,"ELEV_GND":3.3170000000000002,"ELEV_INV":-0.26200000000000001,"LABEL":"I-MH-38-19","Inastallation_Status":4,"X":409061.14919999987,"Y":2926387.8317000009,"Depth_Class":"3 - 4 m","District":"Al Zohour"}},{"type":"Feature","id":1005,"geometry":{"type":"Point","coordinates":[408962.33490000013,2925526.3178000003]},"properties":{"OBJECTID":1005,"Zone":"Zone I","STRCTDPTH":4.2970000000000006,"ELEV_GND":2.157,"ELEV_INV":-2.1400000000000001,"LABEL":"I-MH-38-2","Inastallation_Status":4,"X":408962.33490000013,"Y":2925526.3178000003,"Depth_Class":"4 - 5 m","District":"Al Khaleej"}},{"type":"Feature","id":1006,"geometry":{"type":"Point","coordinates":[408995.1930999998,2926388.0614999998]},"properties":{"OBJECTID":1006,"Zone":"Zone I","STRCTDPTH":3.3720000000000003,"ELEV_GND":3.1960000000000002,"ELEV_INV":-0.17599999999999999,"LABEL":"I-MH-38-20","Inastallation_Status":4,"X":408995.1930999998,"Y":2926388.0614999998,"Depth_Class":"3 - 4 m","District":"Al Zohour"}},{"type":"Feature","id":1007,"geometry":{"type":"Point","coordinates":[408924.5708999997,2926389.1504999995]},"properties":{"OBJECTID":1007,"Zone":"Zone I","STRCTDPTH":3.202,"ELEV_GND":3.1179999999999999,"ELEV_INV":-0.084000000000000005,"LABEL":"I-MH-38-21","Inastallation_Status":4,"X":408924.5708999997,"Y":2926389.1504999995,"Depth_Class":"3 - 4 m","District":"Al Zohour"}},{"type":"Feature","id":1008,"geometry":{"type":"Point","coordinates":[408919.37820000015,2926402.9027999993]},"properties":{"OBJECTID":1008,"Zone":"Zone I","STRCTDPTH":3.0049999999999999,"ELEV_GND":2.976,"ELEV_INV":-0.029000000000000001,"LABEL":"I-MH-38-22","Inastallation_Status":4,"X":408919.37820000015,"Y":2926402.9027999993,"Depth_Class":"3 - 4 m","District":"Al Zohour"}},{"type":"Feature","id":1009,"geometry":{"type":"Point","coordinates":[408851.18790000025,2926403.3344999999]},"properties":{"OBJECTID":1009,"Zone":"Zone I","STRCTDPTH":2.7759999999999998,"ELEV_GND":2.851,"ELEV_INV":0.074999999999999997,"LABEL":"I-MH-38-23","Inastallation_Status":4,"X":408851.18790000025,"Y":2926403.3344999999,"Depth_Class":"2 - 3 m","District":"Al Zohour"}},{"type":"Feature","id":1010,"geometry":{"type":"Point","coordinates":[408766.68950000033,2926403.8521999996]},"properties":{"OBJECTID":1010,"Zone":"Zone I","STRCTDPTH":2.4629999999999996,"ELEV_GND":2.6669999999999998,"ELEV_INV":0.20399999999999999,"LABEL":"I-MH-38-24","Inastallation_Status":4,"X":408766.68950000033,"Y":2926403.8521999996,"Depth_Class":"2 - 3 m","District":"Al Zohour"}},{"type":"Feature","id":1011,"geometry":{"type":"Point","coordinates":[408701.19400000013,2926404.2535999995]},"properties":{"OBJECTID":1011,"Zone":"Zone I","STRCTDPTH":2.2960000000000003,"ELEV_GND":2.6000000000000001,"ELEV_INV":0.30399999999999999,"LABEL":"I-MH-38-25","Inastallation_Status":4,"X":408701.19400000013,"Y":2926404.2535999995,"Depth_Class":"2 - 3 m","District":"Al Zohour"}},{"type":"Feature","id":1012,"geometry":{"type":"Point","coordinates":[408641.19189999998,2926404.6212000009]},"properties":{"OBJECTID":1012,"Zone":"Zone I","STRCTDPTH":2.0649999999999999,"ELEV_GND":2.5289999999999999,"ELEV_INV":0.46400000000000002,"LABEL":"I-MH-38-26","Inastallation_Status":4,"X":408641.19189999998,"Y":2926404.6212000009,"Depth_Class":"2 - 3 m","District":"Al Zohour"}},{"type":"Feature","id":1013,"geometry":{"type":"Point","coordinates":[408595.63850000035,2926405.5662999991]},"properties":{"OBJECTID":1013,"Zone":"Zone I","STRCTDPTH":1.887,"ELEV_GND":2.4300000000000002,"ELEV_INV":0.54300000000000004,"LABEL":"I-MH-38-27","Inastallation_Status":4,"X":408595.63850000035,"Y":2926405.5662999991,"Depth_Class":"1 - 2 m","District":"Al Zohour"}},{"type":"Feature","id":1014,"geometry":{"type":"Point","coordinates":[409023.14599999972,2925526.8159999996]},"properties":{"OBJECTID":1014,"Zone":"Zone I","STRCTDPTH":4.1550000000000002,"ELEV_GND":2.0750000000000002,"ELEV_INV":-2.0800000000000001,"LABEL":"I-MH-38-3","Inastallation_Status":4,"X":409023.14599999972,"Y":2925526.8159999996,"Depth_Class":"4 - 5 m","District":"Al Khaleej"}},{"type":"Feature","id":1015,"geometry":{"type":"Point","coordinates":[409023.45820000023,2925552.4122000001]},"properties":{"OBJECTID":1015,"Zone":"Zone I","STRCTDPTH":2.0609999999999999,"ELEV_GND":2.1360000000000001,"ELEV_INV":0.074999999999999997,"LABEL":"I-MH-38-3-1","Inastallation_Status":4,"X":409023.45820000023,"Y":2925552.4122000001,"Depth_Class":"2 - 3 m","District":"Al Khaleej"}},{"type":"Feature","id":1016,"geometry":{"type":"Point","coordinates":[408516.84100000001,2926325.5399999991]},"properties":{"OBJECTID":1016,"Zone":"Zone I","STRCTDPTH":3.0660000000000003,"ELEV_GND":2.6160000000000001,"ELEV_INV":-0.45000000000000001,"LABEL":"I-MH-38-3-10","Inastallation_Status":1,"X":408516.84100000001,"Y":2926325.5399999991,"Depth_Class":"3 - 4 m","District":"Al Zohour"}},{"type":"Feature","id":1017,"geometry":{"type":"Point","coordinates":[408515.83800000045,2926399.4700000007]},"properties":{"OBJECTID":1017,"Zone":"Zone I","STRCTDPTH":2.7829999999999999,"ELEV_GND":2.5699999999999998,"ELEV_INV":-0.21299999999999999,"LABEL":"I-MH-38-3-11","Inastallation_Status":1,"X":408515.83800000045,"Y":2926399.4700000007,"Depth_Class":"2 - 3 m","District":"Al Zohour"}},{"type":"Feature","id":1018,"geometry":{"type":"Point","coordinates":[408455.03100000042,2926398.9800000004]},"properties":{"OBJECTID":1018,"Zone":"Zone I","STRCTDPTH":2.633,"ELEV_GND":2.6139999999999999,"ELEV_INV":-0.019,"LABEL":"I-MH-38-3-12","Inastallation_Status":1,"X":408455.03100000042,"Y":2926398.9800000004,"Depth_Class":"2 - 3 m","District":"Al Zohour"}},{"type":"Feature","id":1019,"geometry":{"type":"Point","coordinates":[408398.94170000032,2926397.6988999993]},"properties":{"OBJECTID":1019,"Zone":"Zone I","STRCTDPTH":2.3679999999999999,"ELEV_GND":2.5289999999999999,"ELEV_INV":0.161,"LABEL":"I-MH-38-3-13","Inastallation_Status":1,"X":408398.94170000032,"Y":2926397.6988999993,"Depth_Class":"2 - 3 m","District":"Al Zohour"}},{"type":"Feature","id":1020,"geometry":{"type":"Point","coordinates":[408398.24000000022,2926410.2660000008]},"properties":{"OBJECTID":1020,"Zone":"Zone I","STRCTDPTH":2.2919999999999998,"ELEV_GND":2.4929999999999999,"ELEV_INV":0.20100000000000001,"LABEL":"I-MH-38-3-14","Inastallation_Status":1,"X":408398.24000000022,"Y":2926410.2660000008,"Depth_Class":"2 - 3 m","District":"Al Zohour"}},{"type":"Feature","id":1021,"geometry":{"type":"Point","coordinates":[408397.98120000027,2926453.6908999998]},"properties":{"OBJECTID":1021,"Zone":"Zone I","STRCTDPTH":2.274,"ELEV_GND":2.6139999999999999,"ELEV_INV":0.34000000000000002,"LABEL":"I-MH-38-3-15","Inastallation_Status":1,"X":408397.98120000027,"Y":2926453.6908999998,"Depth_Class":"2 - 3 m","District":"Al Zohour"}},{"type":"Feature","id":1022,"geometry":{"type":"Point","coordinates":[409019.45749999955,2925815.5232999995]},"properties":{"OBJECTID":1022,"Zone":"Zone I","STRCTDPTH":5.0590000000000002,"ELEV_GND":3.0790000000000002,"ELEV_INV":-1.98,"LABEL":"I-MH-38-3-2","Inastallation_Status":1,"X":409019.45749999955,"Y":2925815.5232999995,"Depth_Class":"5 - 6 m","District":"Al Khaleej"}},{"type":"Feature","id":1023,"geometry":{"type":"Point","coordinates":[408634.50289999973,2925951.7588999998]},"properties":{"OBJECTID":1023,"Zone":"Zone I","STRCTDPTH":4.9630000000000001,"ELEV_GND":3.339,"ELEV_INV":-1.6240000000000001,"LABEL":"I-MH-38-3-3","Inastallation_Status":1,"X":408634.50289999973,"Y":2925951.7588999998,"Depth_Class":"4 - 5 m","District":"Al Zohour"}},{"type":"Feature","id":1024,"geometry":{"type":"Point","coordinates":[408572.90199999977,2925949.6649999991]},"properties":{"OBJECTID":1024,"Zone":"Zone I","STRCTDPTH":4.6760000000000002,"ELEV_GND":3.214,"ELEV_INV":-1.462,"LABEL":"I-MH-38-3-4","Inastallation_Status":1,"X":408572.90199999977,"Y":2925949.6649999991,"Depth_Class":"4 - 5 m","District":"Al Zohour"}},{"type":"Feature","id":1025,"geometry":{"type":"Point","coordinates":[408513.76300000027,2925951.3690000009]},"properties":{"OBJECTID":1025,"Zone":"Zone I","STRCTDPTH":4.6840000000000002,"ELEV_GND":3.3260000000000001,"ELEV_INV":-1.3580000000000001,"LABEL":"I-MH-38-3-5","Inastallation_Status":1,"X":408513.76300000027,"Y":2925951.3690000009,"Depth_Class":"4 - 5 m","District":"Al Zohour"}},{"type":"Feature","id":1026,"geometry":{"type":"Point","coordinates":[408512.34210000001,2926019.3179000001]},"properties":{"OBJECTID":1026,"Zone":"Zone I","STRCTDPTH":4.5979999999999999,"ELEV_GND":3.359,"ELEV_INV":-1.2390000000000001,"LABEL":"I-MH-38-3-6","Inastallation_Status":1,"X":408512.34210000001,"Y":2926019.3179000001,"Depth_Class":"4 - 5 m","District":"Al Zohour"}},{"type":"Feature","id":1027,"geometry":{"type":"Point","coordinates":[408510.86099999957,2926091.9409999996]},"properties":{"OBJECTID":1027,"Zone":"Zone I","STRCTDPTH":4.2789999999999999,"ELEV_GND":3.1669999999999998,"ELEV_INV":-1.1120000000000001,"LABEL":"I-MH-38-3-7","Inastallation_Status":1,"X":408510.86099999957,"Y":2926091.9409999996,"Depth_Class":"4 - 5 m","District":"Al Zohour"}},{"type":"Feature","id":1028,"geometry":{"type":"Point","coordinates":[408513.21499999985,2926168.2599999998]},"properties":{"OBJECTID":1028,"Zone":"Zone I","STRCTDPTH":4.0009999999999994,"ELEV_GND":3.0219999999999998,"ELEV_INV":-0.97899999999999998,"LABEL":"I-MH-38-3-8","Inastallation_Status":1,"X":408513.21499999985,"Y":2926168.2599999998,"Depth_Class":"4 - 5 m","District":"Al Zohour"}},{"type":"Feature","id":1029,"geometry":{"type":"Point","coordinates":[408515.01499999966,2926268.9570000004]},"properties":{"OBJECTID":1029,"Zone":"Zone I","STRCTDPTH":3.3610000000000002,"ELEV_GND":2.681,"ELEV_INV":-0.68000000000000005,"LABEL":"I-MH-38-3-9","Inastallation_Status":1,"X":408515.01499999966,"Y":2926268.9570000004,"Depth_Class":"3 - 4 m","District":"Al Zohour"}},{"type":"Feature","id":1030,"geometry":{"type":"Point","coordinates":[409128.02699999977,2925525.693]},"properties":{"OBJECTID":1030,"Zone":"Zone I","STRCTDPTH":4.569,"ELEV_GND":2.6930000000000001,"ELEV_INV":-1.8759999999999999,"LABEL":"I-MH-38-4","Inastallation_Status":4,"X":409128.02699999977,"Y":2925525.693,"Depth_Class":"4 - 5 m","District":"Al Khaleej"}},{"type":"Feature","id":1031,"geometry":{"type":"Point","coordinates":[409128.23080000002,2925629.0880999994]},"properties":{"OBJECTID":1031,"Zone":"Zone I","STRCTDPTH":3.9710000000000001,"ELEV_GND":2.198,"ELEV_INV":-1.7729999999999999,"LABEL":"I-MH-38-5","Inastallation_Status":4,"X":409128.23080000002,"Y":2925629.0880999994,"Depth_Class":"3 - 4 m","District":"Al Khaleej"}},{"type":"Feature","id":1032,"geometry":{"type":"Point","coordinates":[409076.05700000003,2925628.7789999992]},"properties":{"OBJECTID":1032,"Zone":"Zone I","STRCTDPTH":2.0600000000000001,"ELEV_GND":2.1619999999999999,"ELEV_INV":0.10199999999999999,"LABEL":"I-MH-38-5-1","Inastallation_Status":4,"X":409076.05700000003,"Y":2925628.7789999992,"Depth_Class":"2 - 3 m","District":"Al Khaleej"}},{"type":"Feature","id":1033,"geometry":{"type":"Point","coordinates":[409188.11160000041,2925690.8246999998]},"properties":{"OBJECTID":1033,"Zone":"Zone I","STRCTDPTH":1.7889999999999997,"ELEV_GND":2.3769999999999998,"ELEV_INV":0.58799999999999997,"LABEL":"I-MH-38-5-10","Inastallation_Status":4,"X":409188.11160000041,"Y":2925690.8246999998,"Depth_Class":"1 - 2 m","District":"Al Khaleej"}},{"type":"Feature","id":1034,"geometry":{"type":"Point","coordinates":[409187.81740000006,2925732.5953000002]},"properties":{"OBJECTID":1034,"Zone":"Zone I","STRCTDPTH":1.7650000000000001,"ELEV_GND":2.4860000000000002,"ELEV_INV":0.72099999999999997,"LABEL":"I-MH-38-5-11","Inastallation_Status":4,"X":409187.81740000006,"Y":2925732.5953000002,"Depth_Class":"1 - 2 m","District":"Al Khaleej"}},{"type":"Feature","id":1035,"geometry":{"type":"Point","coordinates":[409022.03450000007,2925628.3745000008]},"properties":{"OBJECTID":1035,"Zone":"Zone I","STRCTDPTH":2.0100000000000002,"ELEV_GND":2.2850000000000001,"ELEV_INV":0.27500000000000002,"LABEL":"I-MH-38-5-2","Inastallation_Status":4,"X":409022.03450000007,"Y":2925628.3745000008,"Depth_Class":"2 - 3 m","District":"Al Khaleej"}},{"type":"Feature","id":1036,"geometry":{"type":"Point","coordinates":[409021.57490000036,2925677.5543000009]},"properties":{"OBJECTID":1036,"Zone":"Zone I","STRCTDPTH":1.8780000000000001,"ELEV_GND":2.3100000000000001,"ELEV_INV":0.432,"LABEL":"I-MH-38-5-3","Inastallation_Status":4,"X":409021.57490000036,"Y":2925677.5543000009,"Depth_Class":"1 - 2 m","District":"Al Khaleej"}},{"type":"Feature","id":1037,"geometry":{"type":"Point","coordinates":[409075.38499999978,2925603.4379999992]},"properties":{"OBJECTID":1037,"Zone":"Zone I","STRCTDPTH":1.8720000000000001,"ELEV_GND":2.3500000000000001,"ELEV_INV":0.47799999999999998,"LABEL":"I-MH-38-5-4","Inastallation_Status":4,"X":409075.38499999978,"Y":2925603.4379999992,"Depth_Class":"1 - 2 m","District":"Al Khaleej"}},{"type":"Feature","id":1038,"geometry":{"type":"Point","coordinates":[409021.11000000034,2925704.6809999999]},"properties":{"OBJECTID":1038,"Zone":"Zone I","STRCTDPTH":1.7649999999999997,"ELEV_GND":2.2839999999999998,"ELEV_INV":0.51900000000000002,"LABEL":"I-MH-38-5-5","Inastallation_Status":4,"X":409021.11000000034,"Y":2925704.6809999999,"Depth_Class":"1 - 2 m","District":"Al Khaleej"}},{"type":"Feature","id":1039,"geometry":{"type":"Point","coordinates":[409134.73639999982,2925629.1738000009]},"properties":{"OBJECTID":1039,"Zone":"Zone I","STRCTDPTH":2.242,"ELEV_GND":2.2850000000000001,"ELEV_INV":0.042999999999999997,"LABEL":"I-MH-38-5-6","Inastallation_Status":4,"X":409134.73639999982,"Y":2925629.1738000009,"Depth_Class":"2 - 3 m","District":"Al Khaleej"}},{"type":"Feature","id":1040,"geometry":{"type":"Point","coordinates":[409134.83899999969,2925693.8389999997]},"properties":{"OBJECTID":1040,"Zone":"Zone I","STRCTDPTH":1.7650000000000001,"ELEV_GND":2.2040000000000002,"ELEV_INV":0.439,"LABEL":"I-MH-38-5-6-1","Inastallation_Status":4,"X":409134.83899999969,"Y":2925693.8389999997,"Depth_Class":"1 - 2 m","District":"Al Khaleej"}},{"type":"Feature","id":1041,"geometry":{"type":"Point","coordinates":[409133.69199999981,2925587.2339999992]},"properties":{"OBJECTID":1041,"Zone":"Zone I","STRCTDPTH":1.7650000000000001,"ELEV_GND":2.3620000000000001,"ELEV_INV":0.59699999999999998,"LABEL":"I-MH-38-5-6-2","Inastallation_Status":4,"X":409133.69199999981,"Y":2925587.2339999992,"Depth_Class":"1 - 2 m","District":"Al Khaleej"}},{"type":"Feature","id":1042,"geometry":{"type":"Point","coordinates":[409135.29800000042,2925759.1970000006]},"properties":{"OBJECTID":1042,"Zone":"Zone I","STRCTDPTH":1.8119999999999998,"ELEV_GND":2.46,"ELEV_INV":0.64800000000000002,"LABEL":"I-MH-38-5-6-3","Inastallation_Status":4,"X":409135.29800000042,"Y":2925759.1970000006,"Depth_Class":"1 - 2 m","District":"Al Khaleej"}},{"type":"Feature","id":1043,"geometry":{"type":"Point","coordinates":[409133.30659999978,2925543.9186000004]},"properties":{"OBJECTID":1043,"Zone":"Zone I","STRCTDPTH":1.9179999999999999,"ELEV_GND":2.6539999999999999,"ELEV_INV":0.73599999999999999,"LABEL":"I-MH-38-5-6-4","Inastallation_Status":4,"X":409133.30659999978,"Y":2925543.9186000004,"Depth_Class":"1 - 2 m","District":"Al Khaleej"}},{"type":"Feature","id":1044,"geometry":{"type":"Point","coordinates":[409188.16500000004,2925628.3120000008]},"properties":{"OBJECTID":1044,"Zone":"Zone I","STRCTDPTH":2.0430000000000001,"ELEV_GND":2.2570000000000001,"ELEV_INV":0.214,"LABEL":"I-MH-38-5-7","Inastallation_Status":4,"X":409188.16500000004,"Y":2925628.3120000008,"Depth_Class":"2 - 3 m","District":"Al Khaleej"}},{"type":"Feature","id":1045,"geometry":{"type":"Point","coordinates":[409185.76970000006,2925584.2380999997]},"properties":{"OBJECTID":1045,"Zone":"Zone I","STRCTDPTH":1.8999999999999999,"ELEV_GND":2.2549999999999999,"ELEV_INV":0.35499999999999998,"LABEL":"I-MH-38-5-8","Inastallation_Status":4,"X":409185.76970000006,"Y":2925584.2380999997,"Depth_Class":"1 - 2 m","District":"Al Khaleej"}},{"type":"Feature","id":1046,"geometry":{"type":"Point","coordinates":[409186.4140999997,2925544.3192999996]},"properties":{"OBJECTID":1046,"Zone":"Zone I","STRCTDPTH":1.7650000000000001,"ELEV_GND":2.2480000000000002,"ELEV_INV":0.48299999999999998,"LABEL":"I-MH-38-5-9","Inastallation_Status":4,"X":409186.4140999997,"Y":2925544.3192999996,"Depth_Class":"1 - 2 m","District":"Al Khaleej"}},{"type":"Feature","id":1047,"geometry":{"type":"Point","coordinates":[409128.05999999959,2925705.1449999996]},"properties":{"OBJECTID":1047,"Zone":"Zone I","STRCTDPTH":3.8370000000000002,"ELEV_GND":2.1400000000000001,"ELEV_INV":-1.6970000000000001,"LABEL":"I-MH-38-6","Inastallation_Status":4,"X":409128.05999999959,"Y":2925705.1449999996,"Depth_Class":"3 - 4 m","District":"Al Khaleej"}},{"type":"Feature","id":1048,"geometry":{"type":"Point","coordinates":[409128.93499999959,2925791.1040000003]},"properties":{"OBJECTID":1048,"Zone":"Zone I","STRCTDPTH":4.2160000000000002,"ELEV_GND":2.605,"ELEV_INV":-1.611,"LABEL":"I-MH-38-7","Inastallation_Status":4,"X":409128.93499999959,"Y":2925791.1040000003,"Depth_Class":"4 - 5 m","District":"Al Khaleej"}},{"type":"Feature","id":1049,"geometry":{"type":"Point","coordinates":[409144.70799999963,2925813.7129999995]},"properties":{"OBJECTID":1049,"Zone":"Zone I","STRCTDPTH":4.415,"ELEV_GND":2.8319999999999999,"ELEV_INV":-1.583,"LABEL":"I-MH-38-8","Inastallation_Status":4,"X":409144.70799999963,"Y":2925813.7129999995,"Depth_Class":"4 - 5 m","District":"Al Khaleej"}},{"type":"Feature","id":1050,"geometry":{"type":"Point","coordinates":[409243.3629999999,2925798.3900000006]},"properties":{"OBJECTID":1050,"Zone":"Zone I","STRCTDPTH":3.7770000000000001,"ELEV_GND":2.762,"ELEV_INV":-1.0149999999999999,"LABEL":"I-MH-38-8-1","Inastallation_Status":4,"X":409243.3629999999,"Y":2925798.3900000006,"Depth_Class":"3 - 4 m","District":"Al Khaleej"}},{"type":"Feature","id":1051,"geometry":{"type":"Point","coordinates":[409243.63999999966,2925753.1070000008]},"properties":{"OBJECTID":1051,"Zone":"Zone I","STRCTDPTH":2.4609999999999999,"ELEV_GND":2.782,"ELEV_INV":0.32100000000000001,"LABEL":"I-MH-38-8-1-1","Inastallation_Status":4,"X":409243.63999999966,"Y":2925753.1070000008,"Depth_Class":"2 - 3 m","District":"Al Khaleej"}},{"type":"Feature","id":1052,"geometry":{"type":"Point","coordinates":[409243.30399999954,2925703.5109999999]},"properties":{"OBJECTID":1052,"Zone":"Zone I","STRCTDPTH":2.0510000000000002,"ELEV_GND":2.5310000000000001,"ELEV_INV":0.47999999999999998,"LABEL":"I-MH-38-8-1-2","Inastallation_Status":4,"X":409243.30399999954,"Y":2925703.5109999999,"Depth_Class":"2 - 3 m","District":"Al Khaleej"}},{"type":"Feature","id":1053,"geometry":{"type":"Point","coordinates":[409243.56699999981,2925651.8560000006]},"properties":{"OBJECTID":1053,"Zone":"Zone I","STRCTDPTH":1.7650000000000001,"ELEV_GND":2.4100000000000001,"ELEV_INV":0.64500000000000002,"LABEL":"I-MH-38-8-1-3","Inastallation_Status":4,"X":409243.56699999981,"Y":2925651.8560000006,"Depth_Class":"1 - 2 m","District":"Al Khaleej"}},{"type":"Feature","id":1054,"geometry":{"type":"Point","coordinates":[409672.16970000044,2925731.0800999999]},"properties":{"OBJECTID":1054,"Zone":"Zone I","STRCTDPTH":2.3169999999999997,"ELEV_GND":2.3759999999999999,"ELEV_INV":0.058999999999999997,"LABEL":"I-MH-38-8-10","Inastallation_Status":4,"X":409672.16970000044,"Y":2925731.0800999999,"Depth_Class":"2 - 3 m","District":"Al Khaleej"}},{"type":"Feature","id":1055,"geometry":{"type":"Point","coordinates":[409302.50700000022,2925788.75]},"properties":{"OBJECTID":1055,"Zone":"Zone I","STRCTDPTH":3.5640000000000001,"ELEV_GND":2.6389999999999998,"ELEV_INV":-0.92500000000000004,"LABEL":"I-MH-38-8-2","Inastallation_Status":4,"X":409302.50700000022,"Y":2925788.75,"Depth_Class":"3 - 4 m","District":"Al Khaleej"}},{"type":"Feature","id":1056,"geometry":{"type":"Point","coordinates":[409302.84219999984,2925745.9937999994]},"properties":{"OBJECTID":1056,"Zone":"Zone I","STRCTDPTH":1.9810000000000001,"ELEV_GND":2.395,"ELEV_INV":0.41399999999999998,"LABEL":"I-MH-38-8-2-1","Inastallation_Status":4,"X":409302.84219999984,"Y":2925745.9937999994,"Depth_Class":"1 - 2 m","District":"Al Khaleej"}},{"type":"Feature","id":1057,"geometry":{"type":"Point","coordinates":[409302.75270000007,2925647.5582999997]},"properties":{"OBJECTID":1057,"Zone":"Zone I","STRCTDPTH":1.7650000000000001,"ELEV_GND":2.4940000000000002,"ELEV_INV":0.72899999999999998,"LABEL":"I-MH-38-8-2-2","Inastallation_Status":4,"X":409302.75270000007,"Y":2925647.5582999997,"Depth_Class":"1 - 2 m","District":"Al Khaleej"}},{"type":"Feature","id":1058,"geometry":{"type":"Point","coordinates":[409356.78699999955,2925780.2990000006]},"properties":{"OBJECTID":1058,"Zone":"Zone I","STRCTDPTH":3.3639999999999999,"ELEV_GND":2.5209999999999999,"ELEV_INV":-0.84299999999999997,"LABEL":"I-MH-38-8-3","Inastallation_Status":4,"X":409356.78699999955,"Y":2925780.2990000006,"Depth_Class":"3 - 4 m","District":"Al Khaleej"}},{"type":"Feature","id":1059,"geometry":{"type":"Point","coordinates":[409357.32620000001,2925730.4890000001]},"properties":{"OBJECTID":1059,"Zone":"Zone I","STRCTDPTH":1.8700000000000001,"ELEV_GND":2.4700000000000002,"ELEV_INV":0.59999999999999998,"LABEL":"I-MH-38-8-3-1","Inastallation_Status":4,"X":409357.32620000001,"Y":2925730.4890000001,"Depth_Class":"1 - 2 m","District":"Al Khaleej"}},{"type":"Feature","id":1060,"geometry":{"type":"Point","coordinates":[409358.00299999956,2925698.5079999994]},"properties":{"OBJECTID":1060,"Zone":"Zone I","STRCTDPTH":1.7650000000000001,"ELEV_GND":2.4670000000000001,"ELEV_INV":0.70199999999999996,"LABEL":"I-MH-38-8-3-2","Inastallation_Status":4,"X":409358.00299999956,"Y":2925698.5079999994,"Depth_Class":"1 - 2 m","District":"Al Khaleej"}},{"type":"Feature","id":1061,"geometry":{"type":"Point","coordinates":[409435.59949999955,2925767.9448000006]},"properties":{"OBJECTID":1061,"Zone":"Zone I","STRCTDPTH":3.1599999999999997,"ELEV_GND":2.4369999999999998,"ELEV_INV":-0.72299999999999998,"LABEL":"I-MH-38-8-4","Inastallation_Status":4,"X":409435.59949999955,"Y":2925767.9448000006,"Depth_Class":"3 - 4 m","District":"Al Khaleej"}},{"type":"Feature","id":1062,"geometry":{"type":"Point","coordinates":[409482.60149999987,2925758.6423000004]},"properties":{"OBJECTID":1062,"Zone":"Zone I","STRCTDPTH":2.5090000000000003,"ELEV_GND":2.4060000000000001,"ELEV_INV":-0.10299999999999999,"LABEL":"I-MH-38-8-5","Inastallation_Status":4,"X":409482.60149999987,"Y":2925758.6423000004,"Depth_Class":"2 - 3 m","District":"Al Khaleej"}},{"type":"Feature","id":1063,"geometry":{"type":"Point","coordinates":[409481.5262000002,2925729.8278000001]},"properties":{"OBJECTID":1063,"Zone":"Zone I","STRCTDPTH":2.0139999999999998,"ELEV_GND":2.4849999999999999,"ELEV_INV":0.47099999999999997,"LABEL":"I-MH-38-8-5-1","Inastallation_Status":4,"X":409481.5262000002,"Y":2925729.8278000001,"Depth_Class":"2 - 3 m","District":"Al Khaleej"}},{"type":"Feature","id":1064,"geometry":{"type":"Point","coordinates":[409482.8161000004,2925681.6344000008]},"properties":{"OBJECTID":1064,"Zone":"Zone I","STRCTDPTH":2.0609999999999999,"ELEV_GND":2.6859999999999999,"ELEV_INV":0.625,"LABEL":"I-MH-38-8-5-2","Inastallation_Status":4,"X":409482.8161000004,"Y":2925681.6344000008,"Depth_Class":"2 - 3 m","District":"Al Khaleej"}},{"type":"Feature","id":1065,"geometry":{"type":"Point","coordinates":[409482.65170000028,2925626.7826000005]},"properties":{"OBJECTID":1065,"Zone":"Zone I","STRCTDPTH":1.7649999999999997,"ELEV_GND":2.5659999999999998,"ELEV_INV":0.80100000000000005,"LABEL":"I-MH-38-8-5-3","Inastallation_Status":4,"X":409482.65170000028,"Y":2925626.7826000005,"Depth_Class":"1 - 2 m","District":"Al Khaleej"}},{"type":"Feature","id":1066,"geometry":{"type":"Point","coordinates":[409505.29700000025,2925754.8029999994]},"properties":{"OBJECTID":1066,"Zone":"Zone I","STRCTDPTH":2.4460000000000002,"ELEV_GND":2.395,"ELEV_INV":-0.050999999999999997,"LABEL":"I-MH-38-8-6","Inastallation_Status":4,"X":409505.29700000025,"Y":2925754.8029999994,"Depth_Class":"2 - 3 m","District":"Al Khaleej"}},{"type":"Feature","id":1067,"geometry":{"type":"Point","coordinates":[409536.61290000007,2925749.6807000004]},"properties":{"OBJECTID":1067,"Zone":"Zone I","STRCTDPTH":2.5919999999999996,"ELEV_GND":2.5619999999999998,"ELEV_INV":-0.029999999999999999,"LABEL":"I-MH-38-8-7","Inastallation_Status":4,"X":409536.61290000007,"Y":2925749.6807000004,"Depth_Class":"2 - 3 m","District":"Al Khaleej"}},{"type":"Feature","id":1068,"geometry":{"type":"Point","coordinates":[409536.27699999977,2925722.5850000009]},"properties":{"OBJECTID":1068,"Zone":"Zone I","STRCTDPTH":1.8340000000000001,"ELEV_GND":2.6040000000000001,"ELEV_INV":0.77000000000000002,"LABEL":"I-MH-38-8-7-1","Inastallation_Status":4,"X":409536.27699999977,"Y":2925722.5850000009,"Depth_Class":"1 - 2 m","District":"Al Khaleej"}},{"type":"Feature","id":1069,"geometry":{"type":"Point","coordinates":[409535.85759999976,2925660.875]},"properties":{"OBJECTID":1069,"Zone":"Zone I","STRCTDPTH":1.7650000000000001,"ELEV_GND":2.7320000000000002,"ELEV_INV":0.96699999999999997,"LABEL":"I-MH-38-8-7-2","Inastallation_Status":4,"X":409535.85759999976,"Y":2925660.875,"Depth_Class":"1 - 2 m","District":"Al Khaleej"}},{"type":"Feature","id":1070,"geometry":{"type":"Point","coordinates":[409580.1174999997,2925741.6008000001]},"properties":{"OBJECTID":1070,"Zone":"Zone I","STRCTDPTH":2.391,"ELEV_GND":2.3900000000000001,"ELEV_INV":-0.001,"LABEL":"I-MH-38-8-8","Inastallation_Status":4,"X":409580.1174999997,"Y":2925741.6008000001,"Depth_Class":"2 - 3 m","District":"Al Khaleej"}},{"type":"Feature","id":1071,"geometry":{"type":"Point","coordinates":[409598.61899999995,2925740.4949999992]},"properties":{"OBJECTID":1071,"Zone":"Zone I","STRCTDPTH":2.3939999999999997,"ELEV_GND":2.4049999999999998,"ELEV_INV":0.010999999999999999,"LABEL":"I-MH-38-8-9","Inastallation_Status":4,"X":409598.61899999995,"Y":2925740.4949999992,"Depth_Class":"2 - 3 m","District":"Al Khaleej"}},{"type":"Feature","id":1072,"geometry":{"type":"Point","coordinates":[409149.57400000002,2925835.2789999992]},"properties":{"OBJECTID":1072,"Zone":"Zone I","STRCTDPTH":4.1720000000000006,"ELEV_GND":2.7410000000000001,"ELEV_INV":-1.431,"LABEL":"I-MH-38-9","Inastallation_Status":4,"X":409149.57400000002,"Y":2925835.2789999992,"Depth_Class":"4 - 5 m","District":"Al Zohour"}},{"type":"Feature","id":1073,"geometry":{"type":"Point","coordinates":[409131.28000000026,2925521.0370000005]},"properties":{"OBJECTID":1073,"Zone":"Zone I","STRCTDPTH":3.8319999999999999,"ELEV_GND":2.2229999999999999,"ELEV_INV":-1.609,"LABEL":"I-MH-41","Inastallation_Status":4,"X":409131.28000000026,"Y":2925521.0370000005,"Depth_Class":"3 - 4 m","District":"Al Khaleej"}},{"type":"Feature","id":1074,"geometry":{"type":"Point","coordinates":[409130.88009999972,2925445.9447000008]},"properties":{"OBJECTID":1074,"Zone":"Zone I","STRCTDPTH":2.6760000000000002,"ELEV_GND":2.4820000000000002,"ELEV_INV":-0.19400000000000001,"LABEL":"I-MH-41-1","Inastallation_Status":4,"X":409130.88009999972,"Y":2925445.9447000008,"Depth_Class":"2 - 3 m","District":"Al Khaleej"}},{"type":"Feature","id":1075,"geometry":{"type":"Point","coordinates":[409187.38100000005,2925445.2430000007]},"properties":{"OBJECTID":1075,"Zone":"Zone I","STRCTDPTH":1.98,"ELEV_GND":2.653,"ELEV_INV":0.67300000000000004,"LABEL":"I-MH-41-1-1","Inastallation_Status":4,"X":409187.38100000005,"Y":2925445.2430000007,"Depth_Class":"1 - 2 m","District":"Al Khaleej"}},{"type":"Feature","id":1076,"geometry":{"type":"Point","coordinates":[409219.95399999991,2925445.0150000006]},"properties":{"OBJECTID":1076,"Zone":"Zone I","STRCTDPTH":1.7649999999999997,"ELEV_GND":2.5419999999999998,"ELEV_INV":0.77700000000000002,"LABEL":"I-MH-41-1-2","Inastallation_Status":4,"X":409219.95399999991,"Y":2925445.0150000006,"Depth_Class":"1 - 2 m","District":"Al Khaleej"}},{"type":"Feature","id":1077,"geometry":{"type":"Point","coordinates":[409187.46800000034,2925491.0190999992]},"properties":{"OBJECTID":1077,"Zone":"Zone I","STRCTDPTH":1.7650000000000001,"ELEV_GND":2.7050000000000001,"ELEV_INV":0.93999999999999995,"LABEL":"I-MH-41-1-3","Inastallation_Status":4,"X":409187.46800000034,"Y":2925491.0190999992,"Depth_Class":"1 - 2 m","District":"Al Khaleej"}},{"type":"Feature","id":1078,"geometry":{"type":"Point","coordinates":[409297.81799999997,2925187.8509999998]},"properties":{"OBJECTID":1078,"Zone":"Zone I","STRCTDPTH":2.0090000000000003,"ELEV_GND":3.2530000000000001,"ELEV_INV":1.244,"LABEL":"I-MH-41-10","Inastallation_Status":4,"X":409297.81799999997,"Y":2925187.8509999998,"Depth_Class":"2 - 3 m","District":"Al Khaleej"}},{"type":"Feature","id":1079,"geometry":{"type":"Point","coordinates":[409297.30800000019,2925117.7469999995]},"properties":{"OBJECTID":1079,"Zone":"Zone I","STRCTDPTH":1.7650000000000001,"ELEV_GND":3.2330000000000001,"ELEV_INV":1.468,"LABEL":"I-MH-41-11","Inastallation_Status":4,"X":409297.30800000019,"Y":2925117.7469999995,"Depth_Class":"1 - 2 m","District":"Al Khaleej"}},{"type":"Feature","id":1080,"geometry":{"type":"Point","coordinates":[409297.85960000008,2925089.0637999997]},"properties":{"OBJECTID":1080,"Zone":"Zone I","STRCTDPTH":1.7919999999999998,"ELEV_GND":3.3519999999999999,"ELEV_INV":1.5600000000000001,"LABEL":"I-MH-41-12","Inastallation_Status":4,"X":409297.85960000008,"Y":2925089.0637999997,"Depth_Class":"1 - 2 m","District":"Al Khaleej"}},{"type":"Feature","id":1081,"geometry":{"type":"Point","coordinates":[409130.70179999992,2925393.0837999992]},"properties":{"OBJECTID":1081,"Zone":"Zone I","STRCTDPTH":2.6319999999999997,"ELEV_GND":2.6179999999999999,"ELEV_INV":-0.014,"LABEL":"I-MH-41-2","Inastallation_Status":4,"X":409130.70179999992,"Y":2925393.0837999992,"Depth_Class":"2 - 3 m","District":"Al Khaleej"}},{"type":"Feature","id":1082,"geometry":{"type":"Point","coordinates":[409130.01939999964,2925343.1116000004]},"properties":{"OBJECTID":1082,"Zone":"Zone I","STRCTDPTH":2.0039999999999996,"ELEV_GND":2.6629999999999998,"ELEV_INV":0.65900000000000003,"LABEL":"I-MH-41-2-1","Inastallation_Status":4,"X":409130.01939999964,"Y":2925343.1116000004,"Depth_Class":"2 - 3 m","District":"Al Khaleej"}},{"type":"Feature","id":1083,"geometry":{"type":"Point","coordinates":[409085.77890000027,2925394.8539000005]},"properties":{"OBJECTID":1083,"Zone":"Zone I","STRCTDPTH":1.7650000000000001,"ELEV_GND":2.488,"ELEV_INV":0.72299999999999998,"LABEL":"I-MH-41-2-2","Inastallation_Status":4,"X":409085.77890000027,"Y":2925394.8539000005,"Depth_Class":"1 - 2 m","District":"Al Khaleej"}},{"type":"Feature","id":1084,"geometry":{"type":"Point","coordinates":[409129.81500000041,2925318.3019999992]},"properties":{"OBJECTID":1084,"Zone":"Zone I","STRCTDPTH":1.9329999999999998,"ELEV_GND":2.6709999999999998,"ELEV_INV":0.73799999999999999,"LABEL":"I-MH-41-2-3","Inastallation_Status":4,"X":409129.81500000041,"Y":2925318.3019999992,"Depth_Class":"1 - 2 m","District":"Al Khaleej"}},{"type":"Feature","id":1085,"geometry":{"type":"Point","coordinates":[409129.40450000018,2925243.1034999993]},"properties":{"OBJECTID":1085,"Zone":"Zone I","STRCTDPTH":1.899,"ELEV_GND":2.8780000000000001,"ELEV_INV":0.97899999999999998,"LABEL":"I-MH-41-2-4","Inastallation_Status":4,"X":409129.40450000018,"Y":2925243.1034999993,"Depth_Class":"1 - 2 m","District":"Al Khaleej"}},{"type":"Feature","id":1086,"geometry":{"type":"Point","coordinates":[409128.98300000001,2925189.0449999999]},"properties":{"OBJECTID":1086,"Zone":"Zone I","STRCTDPTH":1.8840000000000001,"ELEV_GND":3.036,"ELEV_INV":1.1519999999999999,"LABEL":"I-MH-41-2-5","Inastallation_Status":4,"X":409128.98300000001,"Y":2925189.0449999999,"Depth_Class":"1 - 2 m","District":"Al Khaleej"}},{"type":"Feature","id":1087,"geometry":{"type":"Point","coordinates":[409128.62339999992,2925133.8709999993]},"properties":{"OBJECTID":1087,"Zone":"Zone I","STRCTDPTH":1.825,"ELEV_GND":3.153,"ELEV_INV":1.3280000000000001,"LABEL":"I-MH-41-2-6","Inastallation_Status":4,"X":409128.62339999992,"Y":2925133.8709999993,"Depth_Class":"1 - 2 m","District":"Al Khaleej"}},{"type":"Feature","id":1088,"geometry":{"type":"Point","coordinates":[409127.89199999999,2925078.8990000002]},"properties":{"OBJECTID":1088,"Zone":"Zone I","STRCTDPTH":1.7650000000000001,"ELEV_GND":3.2690000000000001,"ELEV_INV":1.504,"LABEL":"I-MH-41-2-7","Inastallation_Status":4,"X":409127.89199999999,"Y":2925078.8990000002,"Depth_Class":"1 - 2 m","District":"Al Khaleej"}},{"type":"Feature","id":1089,"geometry":{"type":"Point","coordinates":[409155.73300000001,2925393.2410000004]},"properties":{"OBJECTID":1089,"Zone":"Zone I","STRCTDPTH":2.6549999999999998,"ELEV_GND":2.7029999999999998,"ELEV_INV":0.048000000000000001,"LABEL":"I-MH-41-3","Inastallation_Status":4,"X":409155.73300000001,"Y":2925393.2410000004,"Depth_Class":"2 - 3 m","District":"Al Khaleej"}},{"type":"Feature","id":1090,"geometry":{"type":"Point","coordinates":[409187.31819999963,2925393.2710999995]},"properties":{"OBJECTID":1090,"Zone":"Zone I","STRCTDPTH":2.6459999999999999,"ELEV_GND":2.7719999999999998,"ELEV_INV":0.126,"LABEL":"I-MH-41-4","Inastallation_Status":4,"X":409187.31819999963,"Y":2925393.2710999995,"Depth_Class":"2 - 3 m","District":"Al Khaleej"}},{"type":"Feature","id":1091,"geometry":{"type":"Point","coordinates":[409185.04239999969,2925306.5229000002]},"properties":{"OBJECTID":1091,"Zone":"Zone I","STRCTDPTH":1.7759999999999998,"ELEV_GND":2.6789999999999998,"ELEV_INV":0.90300000000000002,"LABEL":"I-MH-41-4-1","Inastallation_Status":4,"X":409185.04239999969,"Y":2925306.5229000002,"Depth_Class":"1 - 2 m","District":"Al Khaleej"}},{"type":"Feature","id":1092,"geometry":{"type":"Point","coordinates":[409188.0728000002,2925431.2766999993]},"properties":{"OBJECTID":1092,"Zone":"Zone I","STRCTDPTH":1.7649999999999999,"ELEV_GND":2.6819999999999999,"ELEV_INV":0.91700000000000004,"LABEL":"I-MH-41-4-2","Inastallation_Status":4,"X":409188.0728000002,"Y":2925431.2766999993,"Depth_Class":"1 - 2 m","District":"Al Khaleej"}},{"type":"Feature","id":1093,"geometry":{"type":"Point","coordinates":[409185.3320000004,2925241.6699999999]},"properties":{"OBJECTID":1093,"Zone":"Zone I","STRCTDPTH":1.8640000000000001,"ELEV_GND":2.9750000000000001,"ELEV_INV":1.111,"LABEL":"I-MH-41-4-3","Inastallation_Status":4,"X":409185.3320000004,"Y":2925241.6699999999,"Depth_Class":"1 - 2 m","District":"Al Khaleej"}},{"type":"Feature","id":1094,"geometry":{"type":"Point","coordinates":[409185.20999999996,2925188.7630000003]},"properties":{"OBJECTID":1094,"Zone":"Zone I","STRCTDPTH":1.7859999999999998,"ELEV_GND":3.0659999999999998,"ELEV_INV":1.28,"LABEL":"I-MH-41-4-4","Inastallation_Status":4,"X":409185.20999999996,"Y":2925188.7630000003,"Depth_Class":"1 - 2 m","District":"Al Khaleej"}},{"type":"Feature","id":1095,"geometry":{"type":"Point","coordinates":[409184.98599999957,2925120.6610000003]},"properties":{"OBJECTID":1095,"Zone":"Zone I","STRCTDPTH":1.7649999999999999,"ELEV_GND":3.2629999999999999,"ELEV_INV":1.498,"LABEL":"I-MH-41-4-5","Inastallation_Status":4,"X":409184.98599999957,"Y":2925120.6610000003,"Depth_Class":"1 - 2 m","District":"Al Khaleej"}},{"type":"Feature","id":1096,"geometry":{"type":"Point","coordinates":[409184.8339999998,2925082.1239999998]},"properties":{"OBJECTID":1096,"Zone":"Zone I","STRCTDPTH":1.915,"ELEV_GND":3.536,"ELEV_INV":1.621,"LABEL":"I-MH-41-4-6","Inastallation_Status":4,"X":409184.8339999998,"Y":2925082.1239999998,"Depth_Class":"1 - 2 m","District":"Al Khaleej"}},{"type":"Feature","id":1097,"geometry":{"type":"Point","coordinates":[409243.16000000015,2925391.4059999995]},"properties":{"OBJECTID":1097,"Zone":"Zone I","STRCTDPTH":2.2210000000000001,"ELEV_GND":2.5750000000000002,"ELEV_INV":0.35399999999999998,"LABEL":"I-MH-41-5","Inastallation_Status":4,"X":409243.16000000015,"Y":2925391.4059999995,"Depth_Class":"2 - 3 m","District":"Al Khaleej"}},{"type":"Feature","id":1098,"geometry":{"type":"Point","coordinates":[409243.41000000015,2925445.9580000006]},"properties":{"OBJECTID":1098,"Zone":"Zone I","STRCTDPTH":2.012,"ELEV_GND":2.54,"ELEV_INV":0.52800000000000002,"LABEL":"I-MH-41-5-1","Inastallation_Status":4,"X":409243.41000000015,"Y":2925445.9580000006,"Depth_Class":"2 - 3 m","District":"Al Khaleej"}},{"type":"Feature","id":1099,"geometry":{"type":"Point","coordinates":[409242.57600000035,2925316.6060000006]},"properties":{"OBJECTID":1099,"Zone":"Zone I","STRCTDPTH":2.1020000000000003,"ELEV_GND":2.7210000000000001,"ELEV_INV":0.61899999999999999,"LABEL":"I-MH-41-5-2","Inastallation_Status":4,"X":409242.57600000035,"Y":2925316.6060000006,"Depth_Class":"2 - 3 m","District":"Al Khaleej"}},{"type":"Feature","id":1100,"geometry":{"type":"Point","coordinates":[409243.64290000033,2925490.1183000002]},"properties":{"OBJECTID":1100,"Zone":"Zone I","STRCTDPTH":1.7650000000000001,"ELEV_GND":2.4350000000000001,"ELEV_INV":0.67000000000000004,"LABEL":"I-MH-41-5-3","Inastallation_Status":4,"X":409243.64290000033,"Y":2925490.1183000002,"Depth_Class":"1 - 2 m","District":"Al Khaleej"}},{"type":"Feature","id":1101,"geometry":{"type":"Point","coordinates":[409289.62299999967,2925444.7670000009]},"properties":{"OBJECTID":1101,"Zone":"Zone I","STRCTDPTH":1.7650000000000001,"ELEV_GND":2.5600000000000001,"ELEV_INV":0.79500000000000004,"LABEL":"I-MH-41-5-4","Inastallation_Status":4,"X":409289.62299999967,"Y":2925444.7670000009,"Depth_Class":"1 - 2 m","District":"Al Khaleej"}},{"type":"Feature","id":1102,"geometry":{"type":"Point","coordinates":[409241.71100000013,2925241.3829999994]},"properties":{"OBJECTID":1102,"Zone":"Zone I","STRCTDPTH":1.9380000000000002,"ELEV_GND":2.7970000000000002,"ELEV_INV":0.85899999999999999,"LABEL":"I-MH-41-5-5","Inastallation_Status":4,"X":409241.71100000013,"Y":2925241.3829999994,"Depth_Class":"1 - 2 m","District":"Al Khaleej"}},{"type":"Feature","id":1103,"geometry":{"type":"Point","coordinates":[409241.43400000036,2925187.3469999991]},"properties":{"OBJECTID":1103,"Zone":"Zone I","STRCTDPTH":1.9049999999999998,"ELEV_GND":2.9369999999999998,"ELEV_INV":1.032,"LABEL":"I-MH-41-5-6","Inastallation_Status":4,"X":409241.43400000036,"Y":2925187.3469999991,"Depth_Class":"1 - 2 m","District":"Al Khaleej"}},{"type":"Feature","id":1104,"geometry":{"type":"Point","coordinates":[409240.34869999997,2925118.6876999997]},"properties":{"OBJECTID":1104,"Zone":"Zone I","STRCTDPTH":1.7649999999999999,"ELEV_GND":3.0169999999999999,"ELEV_INV":1.252,"LABEL":"I-MH-41-5-7","Inastallation_Status":4,"X":409240.34869999997,"Y":2925118.6876999997,"Depth_Class":"1 - 2 m","District":"Al Khaleej"}},{"type":"Feature","id":1105,"geometry":{"type":"Point","coordinates":[409240.4737999998,2925082.4677000009]},"properties":{"OBJECTID":1105,"Zone":"Zone I","STRCTDPTH":2.0899999999999999,"ELEV_GND":3.4580000000000002,"ELEV_INV":1.3680000000000001,"LABEL":"I-MH-41-5-8","Inastallation_Status":4,"X":409240.4737999998,"Y":2925082.4677000009,"Depth_Class":"2 - 3 m","District":"Al Khaleej"}},{"type":"Feature","id":1106,"geometry":{"type":"Point","coordinates":[409277.45519999973,2925391.2622999996]},"properties":{"OBJECTID":1106,"Zone":"Zone I","STRCTDPTH":2.339,"ELEV_GND":2.8599999999999999,"ELEV_INV":0.52100000000000002,"LABEL":"I-MH-41-6","Inastallation_Status":4,"X":409277.45519999973,"Y":2925391.2622999996,"Depth_Class":"2 - 3 m","District":"Al Khaleej"}},{"type":"Feature","id":1107,"geometry":{"type":"Point","coordinates":[409299.7089999998,2925391.4069999997]},"properties":{"OBJECTID":1107,"Zone":"Zone I","STRCTDPTH":2.4539999999999997,"ELEV_GND":3.0459999999999998,"ELEV_INV":0.59199999999999997,"LABEL":"I-MH-41-7","Inastallation_Status":4,"X":409299.7089999998,"Y":2925391.4069999997,"Depth_Class":"2 - 3 m","District":"Al Khaleej"}},{"type":"Feature","id":1108,"geometry":{"type":"Point","coordinates":[409299.76499999966,2925437.318]},"properties":{"OBJECTID":1108,"Zone":"Zone I","STRCTDPTH":1.7649999999999999,"ELEV_GND":2.5899999999999999,"ELEV_INV":0.82499999999999996,"LABEL":"I-MH-41-7-1","Inastallation_Status":4,"X":409299.76499999966,"Y":2925437.318,"Depth_Class":"1 - 2 m","District":"Al Khaleej"}},{"type":"Feature","id":1109,"geometry":{"type":"Point","coordinates":[409322.74100000039,2925391.1060000006]},"properties":{"OBJECTID":1109,"Zone":"Zone I","STRCTDPTH":1.7650000000000001,"ELEV_GND":3.024,"ELEV_INV":1.2589999999999999,"LABEL":"I-MH-41-7-2","Inastallation_Status":4,"X":409322.74100000039,"Y":2925391.1060000006,"Depth_Class":"1 - 2 m","District":"Al Khaleej"}},{"type":"Feature","id":1110,"geometry":{"type":"Point","coordinates":[409298.91700000037,2925316.1909999996]},"properties":{"OBJECTID":1110,"Zone":"Zone I","STRCTDPTH":2.0590000000000002,"ELEV_GND":2.8919999999999999,"ELEV_INV":0.83299999999999996,"LABEL":"I-MH-41-8","Inastallation_Status":4,"X":409298.91700000037,"Y":2925316.1909999996,"Depth_Class":"2 - 3 m","District":"Al Khaleej"}},{"type":"Feature","id":1111,"geometry":{"type":"Point","coordinates":[409298.49899999984,2925240.8599999994]},"properties":{"OBJECTID":1111,"Zone":"Zone I","STRCTDPTH":1.8179999999999998,"ELEV_GND":2.8919999999999999,"ELEV_INV":1.0740000000000001,"LABEL":"I-MH-41-9","Inastallation_Status":4,"X":409298.49899999984,"Y":2925240.8599999994,"Depth_Class":"1 - 2 m","District":"Al Khaleej"}},{"type":"Feature","id":1112,"geometry":{"type":"Point","coordinates":[409247.15620000008,2925516.4725000001]},"properties":{"OBJECTID":1112,"Zone":"Zone I","STRCTDPTH":3.9289999999999998,"ELEV_GND":2.3719999999999999,"ELEV_INV":-1.5569999999999999,"LABEL":"I-MH-42","Inastallation_Status":4,"X":409247.15620000008,"Y":2925516.4725000001,"Depth_Class":"3 - 4 m","District":"Al Khaleej"}},{"type":"Feature","id":1113,"geometry":{"type":"Point","coordinates":[409248.02799999993,2925582.3599999994]},"properties":{"OBJECTID":1113,"Zone":"Zone I","STRCTDPTH":1.8599999999999999,"ELEV_GND":2.448,"ELEV_INV":0.58799999999999997,"LABEL":"I-MH-42-1","Inastallation_Status":4,"X":409248.02799999993,"Y":2925582.3599999994,"Depth_Class":"1 - 2 m","District":"Al Khaleej"}},{"type":"Feature","id":1114,"geometry":{"type":"Point","coordinates":[409248.62200000044,2925608.8488999996]},"properties":{"OBJECTID":1114,"Zone":"Zone I","STRCTDPTH":1.7650000000000001,"ELEV_GND":2.4380000000000002,"ELEV_INV":0.67300000000000004,"LABEL":"I-MH-42-2","Inastallation_Status":4,"X":409248.62200000044,"Y":2925608.8488999996,"Depth_Class":"1 - 2 m","District":"Al Khaleej"}},{"type":"Feature","id":1115,"geometry":{"type":"Point","coordinates":[409356.14800000004,2925520.2070000004]},"properties":{"OBJECTID":1115,"Zone":"Zone I","STRCTDPTH":3.899,"ELEV_GND":2.391,"ELEV_INV":-1.508,"LABEL":"I-MH-43","Inastallation_Status":4,"X":409356.14800000004,"Y":2925520.2070000004,"Depth_Class":"3 - 4 m","District":"Al Khaleej"}},{"type":"Feature","id":1116,"geometry":{"type":"Point","coordinates":[409356.56099999975,2925532.3399999999]},"properties":{"OBJECTID":1116,"Zone":"Zone I","STRCTDPTH":2.4300000000000002,"ELEV_GND":2.367,"ELEV_INV":-0.063,"LABEL":"I-MH-43-1","Inastallation_Status":4,"X":409356.56099999975,"Y":2925532.3399999999,"Depth_Class":"2 - 3 m","District":"Al Khaleej"}},{"type":"Feature","id":1117,"geometry":{"type":"Point","coordinates":[409354.55200000014,2925289.5240000002]},"properties":{"OBJECTID":1117,"Zone":"Zone I","STRCTDPTH":2.4539999999999997,"ELEV_GND":2.9769999999999999,"ELEV_INV":0.52300000000000002,"LABEL":"I-MH-43-10","Inastallation_Status":4,"X":409354.55200000014,"Y":2925289.5240000002,"Depth_Class":"2 - 3 m","District":"Al Khaleej"}},{"type":"Feature","id":1118,"geometry":{"type":"Point","coordinates":[409354.15450000018,2925237.9667000007]},"properties":{"OBJECTID":1118,"Zone":"Zone I","STRCTDPTH":2.3680000000000003,"ELEV_GND":3.056,"ELEV_INV":0.68799999999999994,"LABEL":"I-MH-43-11","Inastallation_Status":4,"X":409354.15450000018,"Y":2925237.9667000007,"Depth_Class":"2 - 3 m","District":"Al Khaleej"}},{"type":"Feature","id":1119,"geometry":{"type":"Point","coordinates":[409353.91199999955,2925186.7039999999]},"properties":{"OBJECTID":1119,"Zone":"Zone I","STRCTDPTH":2.2829999999999999,"ELEV_GND":3.1349999999999998,"ELEV_INV":0.85199999999999998,"LABEL":"I-MH-43-12","Inastallation_Status":4,"X":409353.91199999955,"Y":2925186.7039999999,"Depth_Class":"2 - 3 m","District":"Al Khaleej"}},{"type":"Feature","id":1120,"geometry":{"type":"Point","coordinates":[409410.625,2925186.2899999991]},"properties":{"OBJECTID":1120,"Zone":"Zone I","STRCTDPTH":2.089,"ELEV_GND":3.1219999999999999,"ELEV_INV":1.0329999999999999,"LABEL":"I-MH-43-13","Inastallation_Status":4,"X":409410.625,"Y":2925186.2899999991,"Depth_Class":"2 - 3 m","District":"Al Khaleej"}},{"type":"Feature","id":1121,"geometry":{"type":"Point","coordinates":[409410.98900000006,2925238.0299999993]},"properties":{"OBJECTID":1121,"Zone":"Zone I","STRCTDPTH":1.7649999999999999,"ELEV_GND":2.964,"ELEV_INV":1.1990000000000001,"LABEL":"I-MH-43-14","Inastallation_Status":4,"X":409410.98900000006,"Y":2925238.0299999993,"Depth_Class":"1 - 2 m","District":"Al Khaleej"}},{"type":"Feature","id":1122,"geometry":{"type":"Point","coordinates":[409353.45500000007,2925107.4859999996]},"properties":{"OBJECTID":1122,"Zone":"Zone I","STRCTDPTH":1.7649999999999999,"ELEV_GND":3.2309999999999999,"ELEV_INV":1.466,"LABEL":"I-MH-43-15","Inastallation_Status":4,"X":409353.45500000007,"Y":2925107.4859999996,"Depth_Class":"1 - 2 m","District":"Al Khaleej"}},{"type":"Feature","id":1123,"geometry":{"type":"Point","coordinates":[409410.125,2925137.0969999991]},"properties":{"OBJECTID":1123,"Zone":"Zone I","STRCTDPTH":1.7649999999999999,"ELEV_GND":3.2429999999999999,"ELEV_INV":1.478,"LABEL":"I-MH-43-16","Inastallation_Status":4,"X":409410.125,"Y":2925137.0969999991,"Depth_Class":"1 - 2 m","District":"Al Khaleej"}},{"type":"Feature","id":1124,"geometry":{"type":"Point","coordinates":[409409.61199999973,2925096.1439999994]},"properties":{"OBJECTID":1124,"Zone":"Zone I","STRCTDPTH":1.7650000000000001,"ELEV_GND":3.3740000000000001,"ELEV_INV":1.609,"LABEL":"I-MH-43-17","Inastallation_Status":4,"X":409409.61199999973,"Y":2925096.1439999994,"Depth_Class":"1 - 2 m","District":"Al Khaleej"}},{"type":"Feature","id":1125,"geometry":{"type":"Point","coordinates":[409357.8339999998,2925627.0899999999]},"properties":{"OBJECTID":1125,"Zone":"Zone I","STRCTDPTH":2.1549999999999998,"ELEV_GND":2.3959999999999999,"ELEV_INV":0.24099999999999999,"LABEL":"I-MH-43-2","Inastallation_Status":4,"X":409357.8339999998,"Y":2925627.0899999999,"Depth_Class":"2 - 3 m","District":"Al Khaleej"}},{"type":"Feature","id":1126,"geometry":{"type":"Point","coordinates":[409301.88999999966,2925627.7620000001]},"properties":{"OBJECTID":1126,"Zone":"Zone I","STRCTDPTH":1.8610000000000002,"ELEV_GND":2.2810000000000001,"ELEV_INV":0.41999999999999998,"LABEL":"I-MH-43-2-1","Inastallation_Status":4,"X":409301.88999999966,"Y":2925627.7620000001,"Depth_Class":"1 - 2 m","District":"Al Khaleej"}},{"type":"Feature","id":1127,"geometry":{"type":"Point","coordinates":[409302.25789999962,2925559.0676000006]},"properties":{"OBJECTID":1127,"Zone":"Zone I","STRCTDPTH":1.7639999999999998,"ELEV_GND":2.4039999999999999,"ELEV_INV":0.64000000000000001,"LABEL":"I-MH-43-2-2","Inastallation_Status":4,"X":409302.25789999962,"Y":2925559.0676000006,"Depth_Class":"1 - 2 m","District":"Al Khaleej"}},{"type":"Feature","id":1128,"geometry":{"type":"Point","coordinates":[409358.49899999984,2925667.5697000008]},"properties":{"OBJECTID":1128,"Zone":"Zone I","STRCTDPTH":1.7650000000000001,"ELEV_GND":2.4380000000000002,"ELEV_INV":0.67300000000000004,"LABEL":"I-MH-43-2-3","Inastallation_Status":4,"X":409358.49899999984,"Y":2925667.5697000008,"Depth_Class":"1 - 2 m","District":"Al Khaleej"}},{"type":"Feature","id":1129,"geometry":{"type":"Point","coordinates":[409415.06099999975,2925626.8359999992]},"properties":{"OBJECTID":1129,"Zone":"Zone I","STRCTDPTH":2.0990000000000002,"ELEV_GND":2.5590000000000002,"ELEV_INV":0.46000000000000002,"LABEL":"I-MH-43-3","Inastallation_Status":4,"X":409415.06099999975,"Y":2925626.8359999992,"Depth_Class":"2 - 3 m","District":"Al Khaleej"}},{"type":"Feature","id":1130,"geometry":{"type":"Point","coordinates":[409412.93890000042,2925594.1632000003]},"properties":{"OBJECTID":1130,"Zone":"Zone I","STRCTDPTH":1.9979999999999998,"ELEV_GND":2.5619999999999998,"ELEV_INV":0.56399999999999995,"LABEL":"I-MH-43-4","Inastallation_Status":4,"X":409412.93890000042,"Y":2925594.1632000003,"Depth_Class":"1 - 2 m","District":"Al Khaleej"}},{"type":"Feature","id":1131,"geometry":{"type":"Point","coordinates":[409413.32330000028,2925679.9539000001]},"properties":{"OBJECTID":1131,"Zone":"Zone I","STRCTDPTH":1.8729999999999998,"ELEV_GND":2.5739999999999998,"ELEV_INV":0.70099999999999996,"LABEL":"I-MH-43-5","Inastallation_Status":4,"X":409413.32330000028,"Y":2925679.9539000001,"Depth_Class":"1 - 2 m","District":"Al Khaleej"}},{"type":"Feature","id":1132,"geometry":{"type":"Point","coordinates":[409413.35809999984,2925534.3914000001]},"properties":{"OBJECTID":1132,"Zone":"Zone I","STRCTDPTH":1.7649999999999999,"ELEV_GND":2.5209999999999999,"ELEV_INV":0.75600000000000001,"LABEL":"I-MH-43-6","Inastallation_Status":4,"X":409413.35809999984,"Y":2925534.3914000001,"Depth_Class":"1 - 2 m","District":"Al Khaleej"}},{"type":"Feature","id":1133,"geometry":{"type":"Point","coordinates":[409415.83690000046,2925736.7748000007]},"properties":{"OBJECTID":1133,"Zone":"Zone I","STRCTDPTH":1.7650000000000001,"ELEV_GND":2.6480000000000001,"ELEV_INV":0.88300000000000001,"LABEL":"I-MH-43-7","Inastallation_Status":4,"X":409415.83690000046,"Y":2925736.7748000007,"Depth_Class":"1 - 2 m","District":"Al Khaleej"}},{"type":"Feature","id":1134,"geometry":{"type":"Point","coordinates":[409356.25779999979,2925443.7740000002]},"properties":{"OBJECTID":1134,"Zone":"Zone I","STRCTDPTH":2.5950000000000002,"ELEV_GND":2.6240000000000001,"ELEV_INV":0.029000000000000001,"LABEL":"I-MH-43-8","Inastallation_Status":4,"X":409356.25779999979,"Y":2925443.7740000002,"Depth_Class":"2 - 3 m","District":"Al Khaleej"}},{"type":"Feature","id":1135,"geometry":{"type":"Point","coordinates":[409350.49000000022,2925443.9104999993]},"properties":{"OBJECTID":1135,"Zone":"Zone I","STRCTDPTH":2.089,"ELEV_GND":2.5680000000000001,"ELEV_INV":0.47899999999999998,"LABEL":"I-MH-43-8-1","Inastallation_Status":4,"X":409350.49000000022,"Y":2925443.9104999993,"Depth_Class":"2 - 3 m","District":"Al Khaleej"}},{"type":"Feature","id":1136,"geometry":{"type":"Point","coordinates":[409353.42100000009,2925501.5460000001]},"properties":{"OBJECTID":1136,"Zone":"Zone I","STRCTDPTH":1.7649999999999997,"ELEV_GND":2.4289999999999998,"ELEV_INV":0.66400000000000003,"LABEL":"I-MH-43-8-2","Inastallation_Status":4,"X":409353.42100000009,"Y":2925501.5460000001,"Depth_Class":"1 - 2 m","District":"Al Khaleej"}},{"type":"Feature","id":1137,"geometry":{"type":"Point","coordinates":[409349.85020000022,2925395.1822999995]},"properties":{"OBJECTID":1137,"Zone":"Zone I","STRCTDPTH":1.7869999999999999,"ELEV_GND":2.746,"ELEV_INV":0.95899999999999996,"LABEL":"I-MH-43-8-3","Inastallation_Status":4,"X":409349.85020000022,"Y":2925395.1822999995,"Depth_Class":"1 - 2 m","District":"Al Khaleej"}},{"type":"Feature","id":1138,"geometry":{"type":"Point","coordinates":[409413.78699999955,2925443.3379999995]},"properties":{"OBJECTID":1138,"Zone":"Zone I","STRCTDPTH":2.0830000000000002,"ELEV_GND":2.6150000000000002,"ELEV_INV":0.53200000000000003,"LABEL":"I-MH-43-8-4","Inastallation_Status":4,"X":409413.78699999955,"Y":2925443.3379999995,"Depth_Class":"2 - 3 m","District":"Al Khaleej"}},{"type":"Feature","id":1139,"geometry":{"type":"Point","coordinates":[409412.99189999979,2925392.3333999999]},"properties":{"OBJECTID":1139,"Zone":"Zone I","STRCTDPTH":2.0609999999999999,"ELEV_GND":2.7559999999999998,"ELEV_INV":0.69499999999999995,"LABEL":"I-MH-43-8-5","Inastallation_Status":4,"X":409412.99189999979,"Y":2925392.3333999999,"Depth_Class":"2 - 3 m","District":"Al Khaleej"}},{"type":"Feature","id":1140,"geometry":{"type":"Point","coordinates":[409413.86099999957,2925505.1840000004]},"properties":{"OBJECTID":1140,"Zone":"Zone I","STRCTDPTH":1.7649999999999999,"ELEV_GND":2.5009999999999999,"ELEV_INV":0.73599999999999999,"LABEL":"I-MH-43-8-6","Inastallation_Status":4,"X":409413.86099999957,"Y":2925505.1840000004,"Depth_Class":"1 - 2 m","District":"Al Khaleej"}},{"type":"Feature","id":1141,"geometry":{"type":"Point","coordinates":[409412.25,2925332.3969999999]},"properties":{"OBJECTID":1141,"Zone":"Zone I","STRCTDPTH":2.0419999999999998,"ELEV_GND":2.9289999999999998,"ELEV_INV":0.88700000000000001,"LABEL":"I-MH-43-8-7","Inastallation_Status":4,"X":409412.25,"Y":2925332.3969999999,"Depth_Class":"2 - 3 m","District":"Al Khaleej"}},{"type":"Feature","id":1142,"geometry":{"type":"Point","coordinates":[409413.15600000042,2925305.7670000009]},"properties":{"OBJECTID":1142,"Zone":"Zone I","STRCTDPTH":1.9340000000000002,"ELEV_GND":2.9060000000000001,"ELEV_INV":0.97199999999999998,"LABEL":"I-MH-43-8-8","Inastallation_Status":4,"X":409413.15600000042,"Y":2925305.7670000009,"Depth_Class":"1 - 2 m","District":"Al Khaleej"}},{"type":"Feature","id":1143,"geometry":{"type":"Point","coordinates":[409412.1679999996,2925242.3540000003]},"properties":{"OBJECTID":1143,"Zone":"Zone I","STRCTDPTH":1.7649999999999999,"ELEV_GND":2.9399999999999999,"ELEV_INV":1.175,"LABEL":"I-MH-43-8-9","Inastallation_Status":4,"X":409412.1679999996,"Y":2925242.3540000003,"Depth_Class":"1 - 2 m","District":"Al Khaleej"}},{"type":"Feature","id":1144,"geometry":{"type":"Point","coordinates":[409354.41930000018,2925385.6776999999]},"properties":{"OBJECTID":1144,"Zone":"Zone I","STRCTDPTH":2.5210000000000004,"ELEV_GND":2.7360000000000002,"ELEV_INV":0.215,"LABEL":"I-MH-43-9","Inastallation_Status":4,"X":409354.41930000018,"Y":2925385.6776999999,"Depth_Class":"2 - 3 m","District":"Al Khaleej"}},{"type":"Feature","id":1145,"geometry":{"type":"Point","coordinates":[409480.68350000028,2925518.5684999991]},"properties":{"OBJECTID":1145,"Zone":"Zone I","STRCTDPTH":3.9420000000000002,"ELEV_GND":2.4900000000000002,"ELEV_INV":-1.452,"LABEL":"I-MH-44","Inastallation_Status":4,"X":409480.68350000028,"Y":2925518.5684999991,"Depth_Class":"3 - 4 m","District":"Al Khaleej"}},{"type":"Feature","id":1146,"geometry":{"type":"Point","coordinates":[409479.75829999987,2925580.2693000007]},"properties":{"OBJECTID":1146,"Zone":"Zone I","STRCTDPTH":1.7639999999999998,"ELEV_GND":2.5699999999999998,"ELEV_INV":0.80600000000000005,"LABEL":"I-MH-44-1","Inastallation_Status":4,"X":409479.75829999987,"Y":2925580.2693000007,"Depth_Class":"1 - 2 m","District":"Al Khaleej"}},{"type":"Feature","id":1147,"geometry":{"type":"Point","coordinates":[409481.56400000025,2925444.8120000008]},"properties":{"OBJECTID":1147,"Zone":"Zone I","STRCTDPTH":2.1360000000000001,"ELEV_GND":2.641,"ELEV_INV":0.505,"LABEL":"I-MH-44-2","Inastallation_Status":4,"X":409481.56400000025,"Y":2925444.8120000008,"Depth_Class":"2 - 3 m","District":"Al Khaleej"}},{"type":"Feature","id":1148,"geometry":{"type":"Point","coordinates":[409480.20710000023,2925399.2496000007]},"properties":{"OBJECTID":1148,"Zone":"Zone I","STRCTDPTH":2.0599999999999996,"ELEV_GND":2.7109999999999999,"ELEV_INV":0.65100000000000002,"LABEL":"I-MH-44-3","Inastallation_Status":4,"X":409480.20710000023,"Y":2925399.2496000007,"Depth_Class":"2 - 3 m","District":"Al Khaleej"}},{"type":"Feature","id":1149,"geometry":{"type":"Point","coordinates":[409479.60010000039,2925350.6385999992]},"properties":{"OBJECTID":1149,"Zone":"Zone I","STRCTDPTH":2.0529999999999999,"ELEV_GND":2.859,"ELEV_INV":0.80600000000000005,"LABEL":"I-MH-44-4","Inastallation_Status":4,"X":409479.60010000039,"Y":2925350.6385999992,"Depth_Class":"2 - 3 m","District":"Al Khaleej"}},{"type":"Feature","id":1150,"geometry":{"type":"Point","coordinates":[409479.60010000039,2925308.2283999994]},"properties":{"OBJECTID":1150,"Zone":"Zone I","STRCTDPTH":1.982,"ELEV_GND":2.9239999999999999,"ELEV_INV":0.94199999999999995,"LABEL":"I-MH-44-5","Inastallation_Status":4,"X":409479.60010000039,"Y":2925308.2283999994,"Depth_Class":"1 - 2 m","District":"Al Khaleej"}},{"type":"Feature","id":1151,"geometry":{"type":"Point","coordinates":[409478.99179999996,2925261.8395000007]},"properties":{"OBJECTID":1151,"Zone":"Zone I","STRCTDPTH":1.901,"ELEV_GND":2.992,"ELEV_INV":1.091,"LABEL":"I-MH-44-6","Inastallation_Status":4,"X":409478.99179999996,"Y":2925261.8395000007,"Depth_Class":"1 - 2 m","District":"Al Khaleej"}},{"type":"Feature","id":1152,"geometry":{"type":"Point","coordinates":[409478.00829999987,2925224.7499000002]},"properties":{"OBJECTID":1152,"Zone":"Zone I","STRCTDPTH":1.8529999999999998,"ELEV_GND":3.0619999999999998,"ELEV_INV":1.2090000000000001,"LABEL":"I-MH-44-7","Inastallation_Status":4,"X":409478.00829999987,"Y":2925224.7499000002,"Depth_Class":"1 - 2 m","District":"Al Khaleej"}},{"type":"Feature","id":1153,"geometry":{"type":"Point","coordinates":[409477.79700000025,2925185.9289999995]},"properties":{"OBJECTID":1153,"Zone":"Zone I","STRCTDPTH":1.8689999999999998,"ELEV_GND":3.2029999999999998,"ELEV_INV":1.3340000000000001,"LABEL":"I-MH-44-8","Inastallation_Status":4,"X":409477.79700000025,"Y":2925185.9289999995,"Depth_Class":"1 - 2 m","District":"Al Khaleej"}},{"type":"Feature","id":1154,"geometry":{"type":"Point","coordinates":[409477.16899999976,2925123.9189999998]},"properties":{"OBJECTID":1154,"Zone":"Zone I","STRCTDPTH":1.7650000000000001,"ELEV_GND":3.2970000000000002,"ELEV_INV":1.532,"LABEL":"I-MH-44-9","Inastallation_Status":4,"X":409477.16899999976,"Y":2925123.9189999998,"Depth_Class":"1 - 2 m","District":"Al Khaleej"}},{"type":"Feature","id":1155,"geometry":{"type":"Point","coordinates":[409593.49839999992,2925517.5142000001]},"properties":{"OBJECTID":1155,"Zone":"Zone I","STRCTDPTH":4.0270000000000001,"ELEV_GND":2.6259999999999999,"ELEV_INV":-1.401,"LABEL":"I-MH-45","Inastallation_Status":4,"X":409593.49839999992,"Y":2925517.5142000001,"Depth_Class":"4 - 5 m","District":"Al Khaleej"}},{"type":"Feature","id":1156,"geometry":{"type":"Point","coordinates":[409593.51510000043,2925569.7970000003]},"properties":{"OBJECTID":1156,"Zone":"Zone I","STRCTDPTH":2.8109999999999999,"ELEV_GND":2.637,"ELEV_INV":-0.17399999999999999,"LABEL":"I-MH-45-1","Inastallation_Status":4,"X":409593.51510000043,"Y":2925569.7970000003,"Depth_Class":"2 - 3 m","District":"Al Khaleej"}},{"type":"Feature","id":1157,"geometry":{"type":"Point","coordinates":[409533.61899999995,2925333.7170000002]},"properties":{"OBJECTID":1157,"Zone":"Zone I","STRCTDPTH":2.113,"ELEV_GND":2.9039999999999999,"ELEV_INV":0.79100000000000004,"LABEL":"I-MH-45-10","Inastallation_Status":4,"X":409533.61899999995,"Y":2925333.7170000002,"Depth_Class":"2 - 3 m","District":"Al Khaleej"}},{"type":"Feature","id":1158,"geometry":{"type":"Point","coordinates":[409560.71300000045,2925390.1238000002]},"properties":{"OBJECTID":1158,"Zone":"Zone I","STRCTDPTH":1.7650000000000001,"ELEV_GND":2.6190000000000002,"ELEV_INV":0.85399999999999998,"LABEL":"I-MH-45-11","Inastallation_Status":4,"X":409560.71300000045,"Y":2925390.1238000002,"Depth_Class":"1 - 2 m","District":"Al Khaleej"}},{"type":"Feature","id":1159,"geometry":{"type":"Point","coordinates":[409511.65699999966,2925390.7523999996]},"properties":{"OBJECTID":1159,"Zone":"Zone I","STRCTDPTH":1.7650000000000001,"ELEV_GND":2.722,"ELEV_INV":0.95699999999999996,"LABEL":"I-MH-45-12","Inastallation_Status":4,"X":409511.65699999966,"Y":2925390.7523999996,"Depth_Class":"1 - 2 m","District":"Al Khaleej"}},{"type":"Feature","id":1160,"geometry":{"type":"Point","coordinates":[409532.93599999975,2925238.8790000007]},"properties":{"OBJECTID":1160,"Zone":"Zone I","STRCTDPTH":1.958,"ELEV_GND":3.0529999999999999,"ELEV_INV":1.095,"LABEL":"I-MH-45-13","Inastallation_Status":4,"X":409532.93599999975,"Y":2925238.8790000007,"Depth_Class":"1 - 2 m","District":"Al Khaleej"}},{"type":"Feature","id":1161,"geometry":{"type":"Point","coordinates":[409532.48500000034,2925185.4440000001]},"properties":{"OBJECTID":1161,"Zone":"Zone I","STRCTDPTH":1.9529999999999998,"ELEV_GND":3.2189999999999999,"ELEV_INV":1.266,"LABEL":"I-MH-45-14","Inastallation_Status":4,"X":409532.48500000034,"Y":2925185.4440000001,"Depth_Class":"1 - 2 m","District":"Al Khaleej"}},{"type":"Feature","id":1162,"geometry":{"type":"Point","coordinates":[409504.48149999976,2925239.0178999994]},"properties":{"OBJECTID":1162,"Zone":"Zone I","STRCTDPTH":1.7649999999999999,"ELEV_GND":3.0339999999999998,"ELEV_INV":1.2689999999999999,"LABEL":"I-MH-45-15","Inastallation_Status":4,"X":409504.48149999976,"Y":2925239.0178999994,"Depth_Class":"1 - 2 m","District":"Al Khaleej"}},{"type":"Feature","id":1163,"geometry":{"type":"Point","coordinates":[409557.59700000007,2925238.8599999994]},"properties":{"OBJECTID":1163,"Zone":"Zone I","STRCTDPTH":1.7649999999999999,"ELEV_GND":3.0649999999999999,"ELEV_INV":1.3,"LABEL":"I-MH-45-16","Inastallation_Status":4,"X":409557.59700000007,"Y":2925238.8599999994,"Depth_Class":"1 - 2 m","District":"Al Khaleej"}},{"type":"Feature","id":1164,"geometry":{"type":"Point","coordinates":[409509.2929999996,2925185.6649999991]},"properties":{"OBJECTID":1164,"Zone":"Zone I","STRCTDPTH":1.7649999999999999,"ELEV_GND":3.105,"ELEV_INV":1.3400000000000001,"LABEL":"I-MH-45-17","Inastallation_Status":4,"X":409509.2929999996,"Y":2925185.6649999991,"Depth_Class":"1 - 2 m","District":"Al Khaleej"}},{"type":"Feature","id":1165,"geometry":{"type":"Point","coordinates":[409557.01939999964,2925184.9090999998]},"properties":{"OBJECTID":1165,"Zone":"Zone I","STRCTDPTH":1.944,"ELEV_GND":3.4769999999999999,"ELEV_INV":1.5329999999999999,"LABEL":"I-MH-45-18","Inastallation_Status":4,"X":409557.01939999964,"Y":2925184.9090999998,"Depth_Class":"1 - 2 m","District":"Al Khaleej"}},{"type":"Feature","id":1166,"geometry":{"type":"Point","coordinates":[409532.76080000028,2925120.9529999997]},"properties":{"OBJECTID":1166,"Zone":"Zone I","STRCTDPTH":1.7649999999999999,"ELEV_GND":3.375,"ELEV_INV":1.6100000000000001,"LABEL":"I-MH-45-19","Inastallation_Status":4,"X":409532.76080000028,"Y":2925120.9529999997,"Depth_Class":"1 - 2 m","District":"Al Khaleej"}},{"type":"Feature","id":1167,"geometry":{"type":"Point","coordinates":[409594.85699999984,2925625.6400000006]},"properties":{"OBJECTID":1167,"Zone":"Zone I","STRCTDPTH":2.6539999999999999,"ELEV_GND":2.6589999999999998,"ELEV_INV":0.0050000000000000001,"LABEL":"I-MH-45-2","Inastallation_Status":4,"X":409594.85699999984,"Y":2925625.6400000006,"Depth_Class":"2 - 3 m","District":"Al Khaleej"}},{"type":"Feature","id":1168,"geometry":{"type":"Point","coordinates":[409595.12170000002,2925670.5505999997]},"properties":{"OBJECTID":1168,"Zone":"Zone I","STRCTDPTH":2.169,"ELEV_GND":2.5920000000000001,"ELEV_INV":0.42299999999999999,"LABEL":"I-MH-45-2-1","Inastallation_Status":4,"X":409595.12170000002,"Y":2925670.5505999997,"Depth_Class":"2 - 3 m","District":"Al Khaleej"}},{"type":"Feature","id":1169,"geometry":{"type":"Point","coordinates":[409535.88900000043,2925626.2029999997]},"properties":{"OBJECTID":1169,"Zone":"Zone I","STRCTDPTH":1.9609999999999999,"ELEV_GND":2.597,"ELEV_INV":0.63600000000000001,"LABEL":"I-MH-45-2-2","Inastallation_Status":4,"X":409535.88900000043,"Y":2925626.2029999997,"Depth_Class":"1 - 2 m","District":"Al Khaleej"}},{"type":"Feature","id":1170,"geometry":{"type":"Point","coordinates":[409596.07419999968,2925715.9982999992]},"properties":{"OBJECTID":1170,"Zone":"Zone I","STRCTDPTH":1.7650000000000001,"ELEV_GND":2.516,"ELEV_INV":0.751,"LABEL":"I-MH-45-2-3","Inastallation_Status":4,"X":409596.07419999968,"Y":2925715.9982999992,"Depth_Class":"1 - 2 m","District":"Al Khaleej"}},{"type":"Feature","id":1171,"geometry":{"type":"Point","coordinates":[409536.25850000046,2925568.9345999993]},"properties":{"OBJECTID":1171,"Zone":"Zone I","STRCTDPTH":1.7650000000000001,"ELEV_GND":2.5840000000000001,"ELEV_INV":0.81899999999999995,"LABEL":"I-MH-45-2-4","Inastallation_Status":4,"X":409536.25850000046,"Y":2925568.9345999993,"Depth_Class":"1 - 2 m","District":"Al Khaleej"}},{"type":"Feature","id":1172,"geometry":{"type":"Point","coordinates":[409648.75800000038,2925624.5050000008]},"properties":{"OBJECTID":1172,"Zone":"Zone I","STRCTDPTH":2.177,"ELEV_GND":2.3540000000000001,"ELEV_INV":0.17699999999999999,"LABEL":"I-MH-45-3","Inastallation_Status":4,"X":409648.75800000038,"Y":2925624.5050000008,"Depth_Class":"2 - 3 m","District":"Al Khaleej"}},{"type":"Feature","id":1173,"geometry":{"type":"Point","coordinates":[409649.25179999974,2925664.2725000009]},"properties":{"OBJECTID":1173,"Zone":"Zone I","STRCTDPTH":1.9880000000000002,"ELEV_GND":2.2930000000000001,"ELEV_INV":0.30499999999999999,"LABEL":"I-MH-45-4","Inastallation_Status":4,"X":409649.25179999974,"Y":2925664.2725000009,"Depth_Class":"1 - 2 m","District":"Al Khaleej"}},{"type":"Feature","id":1174,"geometry":{"type":"Point","coordinates":[409649.33229999989,2925710.5624000002]},"properties":{"OBJECTID":1174,"Zone":"Zone I","STRCTDPTH":1.7649999999999999,"ELEV_GND":2.218,"ELEV_INV":0.45300000000000001,"LABEL":"I-MH-45-5","Inastallation_Status":4,"X":409649.33229999989,"Y":2925710.5624000002,"Depth_Class":"1 - 2 m","District":"Al Khaleej"}},{"type":"Feature","id":1175,"geometry":{"type":"Point","coordinates":[409648.27880000044,2925541.9199999999]},"properties":{"OBJECTID":1175,"Zone":"Zone I","STRCTDPTH":1.8479999999999999,"ELEV_GND":2.754,"ELEV_INV":0.90600000000000003,"LABEL":"I-MH-45-6","Inastallation_Status":4,"X":409648.27880000044,"Y":2925541.9199999999,"Depth_Class":"1 - 2 m","District":"Al Khaleej"}},{"type":"Feature","id":1176,"geometry":{"type":"Point","coordinates":[409593.47499999963,2925442.7540000007]},"properties":{"OBJECTID":1176,"Zone":"Zone I","STRCTDPTH":2.4369999999999998,"ELEV_GND":2.694,"ELEV_INV":0.25700000000000001,"LABEL":"I-MH-45-7","Inastallation_Status":4,"X":409593.47499999963,"Y":2925442.7540000007,"Depth_Class":"2 - 3 m","District":"Al Khaleej"}},{"type":"Feature","id":1177,"geometry":{"type":"Point","coordinates":[409595.15350000001,2925411.9386999998]},"properties":{"OBJECTID":1177,"Zone":"Zone I","STRCTDPTH":1.8799999999999999,"ELEV_GND":2.706,"ELEV_INV":0.82599999999999996,"LABEL":"I-MH-45-7-1","Inastallation_Status":4,"X":409595.15350000001,"Y":2925411.9386999998,"Depth_Class":"1 - 2 m","District":"Al Khaleej"}},{"type":"Feature","id":1178,"geometry":{"type":"Point","coordinates":[409620.4450000003,2925389.1099999994]},"properties":{"OBJECTID":1178,"Zone":"Zone I","STRCTDPTH":1.7649999999999997,"ELEV_GND":2.6709999999999998,"ELEV_INV":0.90600000000000003,"LABEL":"I-MH-45-7-10","Inastallation_Status":4,"X":409620.4450000003,"Y":2925389.1099999994,"Depth_Class":"1 - 2 m","District":"Al Khaleej"}},{"type":"Feature","id":1179,"geometry":{"type":"Point","coordinates":[409667.95799999963,2925388.7479999997]},"properties":{"OBJECTID":1179,"Zone":"Zone I","STRCTDPTH":1.7649999999999999,"ELEV_GND":2.8559999999999999,"ELEV_INV":1.091,"LABEL":"I-MH-45-7-11","Inastallation_Status":4,"X":409667.95799999963,"Y":2925388.7479999997,"Depth_Class":"1 - 2 m","District":"Al Khaleej"}},{"type":"Feature","id":1180,"geometry":{"type":"Point","coordinates":[409646.21700000018,2925331.2280000001]},"properties":{"OBJECTID":1180,"Zone":"Zone I","STRCTDPTH":1.944,"ELEV_GND":3.048,"ELEV_INV":1.1040000000000001,"LABEL":"I-MH-45-7-12","Inastallation_Status":4,"X":409646.21700000018,"Y":2925331.2280000001,"Depth_Class":"1 - 2 m","District":"Al Khaleej"}},{"type":"Feature","id":1181,"geometry":{"type":"Point","coordinates":[409676,2925442.7349999994]},"properties":{"OBJECTID":1181,"Zone":"Zone I","STRCTDPTH":1.7649999999999999,"ELEV_GND":2.9409999999999998,"ELEV_INV":1.1759999999999999,"LABEL":"I-MH-45-7-13","Inastallation_Status":4,"X":409676,"Y":2925442.7349999994,"Depth_Class":"1 - 2 m","District":"Al Khaleej"}},{"type":"Feature","id":1182,"geometry":{"type":"Point","coordinates":[409645.71999999974,2925238.0629999992]},"properties":{"OBJECTID":1182,"Zone":"Zone I","STRCTDPTH":1.996,"ELEV_GND":3.399,"ELEV_INV":1.403,"LABEL":"I-MH-45-7-14","Inastallation_Status":4,"X":409645.71999999974,"Y":2925238.0629999992,"Depth_Class":"1 - 2 m","District":"Al Khaleej"}},{"type":"Feature","id":1183,"geometry":{"type":"Point","coordinates":[409621.82699999958,2925238.4670000002]},"properties":{"OBJECTID":1183,"Zone":"Zone I","STRCTDPTH":1.7650000000000001,"ELEV_GND":3.2440000000000002,"ELEV_INV":1.4790000000000001,"LABEL":"I-MH-45-7-15","Inastallation_Status":4,"X":409621.82699999958,"Y":2925238.4670000002,"Depth_Class":"1 - 2 m","District":"Al Khaleej"}},{"type":"Feature","id":1184,"geometry":{"type":"Point","coordinates":[409671.94299999997,2925238.1339999996]},"properties":{"OBJECTID":1184,"Zone":"Zone I","STRCTDPTH":1.7649999999999999,"ELEV_GND":3.4209999999999998,"ELEV_INV":1.6559999999999999,"LABEL":"I-MH-45-7-16","Inastallation_Status":4,"X":409671.94299999997,"Y":2925238.1339999996,"Depth_Class":"1 - 2 m","District":"Al Khaleej"}},{"type":"Feature","id":1185,"geometry":{"type":"Point","coordinates":[409645.85400000028,2925220.5720000006]},"properties":{"OBJECTID":1185,"Zone":"Zone I","STRCTDPTH":1.871,"ELEV_GND":3.5609999999999999,"ELEV_INV":1.6899999999999999,"LABEL":"I-MH-45-7-17","Inastallation_Status":4,"X":409645.85400000028,"Y":2925220.5720000006,"Depth_Class":"1 - 2 m","District":"Al Khaleej"}},{"type":"Feature","id":1186,"geometry":{"type":"Point","coordinates":[409595.34360000025,2925372.7211000007]},"properties":{"OBJECTID":1186,"Zone":"Zone I","STRCTDPTH":1.7999999999999998,"ELEV_GND":2.7509999999999999,"ELEV_INV":0.95099999999999996,"LABEL":"I-MH-45-7-2","Inastallation_Status":4,"X":409595.34360000025,"Y":2925372.7211000007,"Depth_Class":"1 - 2 m","District":"Al Khaleej"}},{"type":"Feature","id":1187,"geometry":{"type":"Point","coordinates":[409592.75399999972,2925333.0020000003]},"properties":{"OBJECTID":1187,"Zone":"Zone I","STRCTDPTH":1.9150000000000003,"ELEV_GND":2.9940000000000002,"ELEV_INV":1.079,"LABEL":"I-MH-45-7-3","Inastallation_Status":4,"X":409592.75399999972,"Y":2925333.0020000003,"Depth_Class":"1 - 2 m","District":"Al Khaleej"}},{"type":"Feature","id":1188,"geometry":{"type":"Point","coordinates":[409593.21779999975,2925291.4905999992]},"properties":{"OBJECTID":1188,"Zone":"Zone I","STRCTDPTH":1.7990000000000002,"ELEV_GND":3.0110000000000001,"ELEV_INV":1.212,"LABEL":"I-MH-45-7-4","Inastallation_Status":4,"X":409593.21779999975,"Y":2925291.4905999992,"Depth_Class":"1 - 2 m","District":"Al Khaleej"}},{"type":"Feature","id":1189,"geometry":{"type":"Point","coordinates":[409591.77249999996,2925259.1984999999]},"properties":{"OBJECTID":1189,"Zone":"Zone I","STRCTDPTH":1.843,"ELEV_GND":3.1579999999999999,"ELEV_INV":1.3149999999999999,"LABEL":"I-MH-45-7-5","Inastallation_Status":4,"X":409591.77249999996,"Y":2925259.1984999999,"Depth_Class":"1 - 2 m","District":"Al Khaleej"}},{"type":"Feature","id":1190,"geometry":{"type":"Point","coordinates":[409592.0959999999,2925217.6610000003]},"properties":{"OBJECTID":1190,"Zone":"Zone I","STRCTDPTH":1.7650000000000001,"ELEV_GND":3.2130000000000001,"ELEV_INV":1.448,"LABEL":"I-MH-45-7-6","Inastallation_Status":4,"X":409592.0959999999,"Y":2925217.6610000003,"Depth_Class":"1 - 2 m","District":"Al Khaleej"}},{"type":"Feature","id":1191,"geometry":{"type":"Point","coordinates":[409647.51499999966,2925442.2449999992]},"properties":{"OBJECTID":1191,"Zone":"Zone I","STRCTDPTH":2.2200000000000002,"ELEV_GND":2.8700000000000001,"ELEV_INV":0.65000000000000002,"LABEL":"I-MH-45-7-7","Inastallation_Status":4,"X":409647.51499999966,"Y":2925442.2449999992,"Depth_Class":"2 - 3 m","District":"Al Khaleej"}},{"type":"Feature","id":1192,"geometry":{"type":"Point","coordinates":[409646.98199999984,2925388.8859999999]},"properties":{"OBJECTID":1192,"Zone":"Zone I","STRCTDPTH":1.9840000000000002,"ELEV_GND":2.8050000000000002,"ELEV_INV":0.82099999999999995,"LABEL":"I-MH-45-7-8","Inastallation_Status":4,"X":409646.98199999984,"Y":2925388.8859999999,"Depth_Class":"1 - 2 m","District":"Al Khaleej"}},{"type":"Feature","id":1193,"geometry":{"type":"Point","coordinates":[409647.56900000013,2925495.6909999996]},"properties":{"OBJECTID":1193,"Zone":"Zone I","STRCTDPTH":1.7649999999999999,"ELEV_GND":2.6579999999999999,"ELEV_INV":0.89300000000000002,"LABEL":"I-MH-45-7-9","Inastallation_Status":4,"X":409647.56900000013,"Y":2925495.6909999996,"Depth_Class":"1 - 2 m","District":"Al Khaleej"}},{"type":"Feature","id":1194,"geometry":{"type":"Point","coordinates":[409534.84300000034,2925442.0209999997]},"properties":{"OBJECTID":1194,"Zone":"Zone I","STRCTDPTH":2.145,"ELEV_GND":2.5899999999999999,"ELEV_INV":0.44500000000000001,"LABEL":"I-MH-45-8","Inastallation_Status":4,"X":409534.84300000034,"Y":2925442.0209999997,"Depth_Class":"2 - 3 m","District":"Al Khaleej"}},{"type":"Feature","id":1195,"geometry":{"type":"Point","coordinates":[409534.56099999975,2925390.5822999999]},"properties":{"OBJECTID":1195,"Zone":"Zone I","STRCTDPTH":2.1190000000000002,"ELEV_GND":2.7280000000000002,"ELEV_INV":0.60899999999999999,"LABEL":"I-MH-45-9","Inastallation_Status":4,"X":409534.56099999975,"Y":2925390.5822999999,"Depth_Class":"2 - 3 m","District":"Al Khaleej"}},{"type":"Feature","id":1196,"geometry":{"type":"Point","coordinates":[409707.48400000017,2925516.5419999994]},"properties":{"OBJECTID":1196,"Zone":"Zone I","STRCTDPTH":4.0990000000000002,"ELEV_GND":2.7490000000000001,"ELEV_INV":-1.3500000000000001,"LABEL":"I-MH-46","Inastallation_Status":4,"X":409707.48400000017,"Y":2925516.5419999994,"Depth_Class":"4 - 5 m","District":"Al Khaleej"}},{"type":"Feature","id":1197,"geometry":{"type":"Point","coordinates":[409708.01400000043,2925574.6030000001]},"properties":{"OBJECTID":1197,"Zone":"Zone I","STRCTDPTH":2.476,"ELEV_GND":2.5859999999999999,"ELEV_INV":0.11,"LABEL":"I-MH-46-1","Inastallation_Status":4,"X":409708.01400000043,"Y":2925574.6030000001,"Depth_Class":"2 - 3 m","District":"Al Khaleej"}},{"type":"Feature","id":1198,"geometry":{"type":"Point","coordinates":[409708.37999999989,2925622.977]},"properties":{"OBJECTID":1198,"Zone":"Zone I","STRCTDPTH":2.2479999999999998,"ELEV_GND":2.5129999999999999,"ELEV_INV":0.26500000000000001,"LABEL":"I-MH-46-2","Inastallation_Status":4,"X":409708.37999999989,"Y":2925622.977,"Depth_Class":"2 - 3 m","District":"Al Khaleej"}},{"type":"Feature","id":1199,"geometry":{"type":"Point","coordinates":[409708.84100000001,2925698.1109999996]},"properties":{"OBJECTID":1199,"Zone":"Zone I","STRCTDPTH":1.7650000000000001,"ELEV_GND":2.27,"ELEV_INV":0.505,"LABEL":"I-MH-46-3","Inastallation_Status":4,"X":409708.84100000001,"Y":2925698.1109999996,"Depth_Class":"1 - 2 m","District":"Al Khaleej"}},{"type":"Feature","id":1200,"geometry":{"type":"Point","coordinates":[409707.61529999971,2925459.4223999996]},"properties":{"OBJECTID":1200,"Zone":"Zone I","STRCTDPTH":2.0449999999999999,"ELEV_GND":2.8180000000000001,"ELEV_INV":0.77300000000000002,"LABEL":"I-MH-46-4","Inastallation_Status":4,"X":409707.61529999971,"Y":2925459.4223999996,"Depth_Class":"2 - 3 m","District":"Al Khaleej"}},{"type":"Feature","id":1201,"geometry":{"type":"Point","coordinates":[409706.75,2925413.4869999997]},"properties":{"OBJECTID":1201,"Zone":"Zone I","STRCTDPTH":1.9540000000000002,"ELEV_GND":2.8740000000000001,"ELEV_INV":0.92000000000000004,"LABEL":"I-MH-46-5","Inastallation_Status":4,"X":409706.75,"Y":2925413.4869999997,"Depth_Class":"1 - 2 m","District":"Al Khaleej"}},{"type":"Feature","id":1202,"geometry":{"type":"Point","coordinates":[409702.76290000044,2925314.6125000007]},"properties":{"OBJECTID":1202,"Zone":"Zone I","STRCTDPTH":1.7919999999999998,"ELEV_GND":3.0289999999999999,"ELEV_INV":1.2370000000000001,"LABEL":"I-MH-46-6","Inastallation_Status":4,"X":409702.76290000044,"Y":2925314.6125000007,"Depth_Class":"1 - 2 m","District":"Al Khaleej"}},{"type":"Feature","id":1203,"geometry":{"type":"Point","coordinates":[409702.21899999958,2925238.0209999997]},"properties":{"OBJECTID":1203,"Zone":"Zone I","STRCTDPTH":1.7649999999999999,"ELEV_GND":3.2469999999999999,"ELEV_INV":1.482,"LABEL":"I-MH-46-7","Inastallation_Status":4,"X":409702.21899999958,"Y":2925238.0209999997,"Depth_Class":"1 - 2 m","District":"Al Khaleej"}},{"type":"Feature","id":1204,"geometry":{"type":"Point","coordinates":[409820.34499999974,2925515.6160000004]},"properties":{"OBJECTID":1204,"Zone":"Zone I","STRCTDPTH":3.9409999999999998,"ELEV_GND":2.6419999999999999,"ELEV_INV":-1.2989999999999999,"LABEL":"I-MH-47","Inastallation_Status":4,"X":409820.34499999974,"Y":2925515.6160000004,"Depth_Class":"3 - 4 m","District":"Al Khaleej"}},{"type":"Feature","id":1205,"geometry":{"type":"Point","coordinates":[409821.01099999994,2925464.5050000008]},"properties":{"OBJECTID":1205,"Zone":"Zone I","STRCTDPTH":2.4199999999999999,"ELEV_GND":2.7429999999999999,"ELEV_INV":0.32300000000000001,"LABEL":"I-MH-47-1","Inastallation_Status":4,"X":409821.01099999994,"Y":2925464.5050000008,"Depth_Class":"2 - 3 m","District":"Al Khaleej"}},{"type":"Feature","id":1206,"geometry":{"type":"Point","coordinates":[409781.05900000036,2925387.7640000004]},"properties":{"OBJECTID":1206,"Zone":"Zone I","STRCTDPTH":1.7649999999999999,"ELEV_GND":2.9119999999999999,"ELEV_INV":1.147,"LABEL":"I-MH-47-10","Inastallation_Status":4,"X":409781.05900000036,"Y":2925387.7640000004,"Depth_Class":"1 - 2 m","District":"Al Khaleej"}},{"type":"Feature","id":1207,"geometry":{"type":"Point","coordinates":[409759.35479999986,2925326.6954999994]},"properties":{"OBJECTID":1207,"Zone":"Zone I","STRCTDPTH":1.9109999999999998,"ELEV_GND":3.1629999999999998,"ELEV_INV":1.252,"LABEL":"I-MH-47-11","Inastallation_Status":4,"X":409759.35479999986,"Y":2925326.6954999994,"Depth_Class":"1 - 2 m","District":"Al Khaleej"}},{"type":"Feature","id":1208,"geometry":{"type":"Point","coordinates":[409757.75679999962,2925274.5397999994]},"properties":{"OBJECTID":1208,"Zone":"Zone I","STRCTDPTH":2.0609999999999999,"ELEV_GND":3.48,"ELEV_INV":1.419,"LABEL":"I-MH-47-12","Inastallation_Status":4,"X":409757.75679999962,"Y":2925274.5397999994,"Depth_Class":"2 - 3 m","District":"Al Khaleej"}},{"type":"Feature","id":1209,"geometry":{"type":"Point","coordinates":[409758.36799999978,2925237.3790000007]},"properties":{"OBJECTID":1209,"Zone":"Zone I","STRCTDPTH":2.1680000000000001,"ELEV_GND":3.706,"ELEV_INV":1.538,"LABEL":"I-MH-47-13","Inastallation_Status":4,"X":409758.36799999978,"Y":2925237.3790000007,"Depth_Class":"2 - 3 m","District":"Al Khaleej"}},{"type":"Feature","id":1210,"geometry":{"type":"Point","coordinates":[409758.47900000028,2925200.4299999997]},"properties":{"OBJECTID":1210,"Zone":"Zone I","STRCTDPTH":1.7649999999999999,"ELEV_GND":3.4209999999999998,"ELEV_INV":1.6559999999999999,"LABEL":"I-MH-47-14","Inastallation_Status":4,"X":409758.47900000028,"Y":2925200.4299999997,"Depth_Class":"1 - 2 m","District":"Al Khaleej"}},{"type":"Feature","id":1211,"geometry":{"type":"Point","coordinates":[409779.82400000002,2925237.2719999999]},"properties":{"OBJECTID":1211,"Zone":"Zone I","STRCTDPTH":1.7649999999999999,"ELEV_GND":3.726,"ELEV_INV":1.9610000000000001,"LABEL":"I-MH-47-15","Inastallation_Status":4,"X":409779.82400000002,"Y":2925237.2719999999,"Depth_Class":"1 - 2 m","District":"Al Khaleej"}},{"type":"Feature","id":1212,"geometry":{"type":"Point","coordinates":[409736.2910000002,2925237.4330000002]},"properties":{"OBJECTID":1212,"Zone":"Zone I","STRCTDPTH":1.7650000000000001,"ELEV_GND":3.7280000000000002,"ELEV_INV":1.9630000000000001,"LABEL":"I-MH-47-16","Inastallation_Status":4,"X":409736.2910000002,"Y":2925237.4330000002,"Depth_Class":"1 - 2 m","District":"Al Khaleej"}},{"type":"Feature","id":1213,"geometry":{"type":"Point","coordinates":[409818.6950000003,2925538.6710000001]},"properties":{"OBJECTID":1213,"Zone":"Zone I","STRCTDPTH":2.8220000000000001,"ELEV_GND":2.5950000000000002,"ELEV_INV":-0.22700000000000001,"LABEL":"I-MH-47-17","Inastallation_Status":4,"X":409818.6950000003,"Y":2925538.6710000001,"Depth_Class":"2 - 3 m","District":"Al Khaleej"}},{"type":"Feature","id":1214,"geometry":{"type":"Point","coordinates":[409819.36199999973,2925579.9969999995]},"properties":{"OBJECTID":1214,"Zone":"Zone I","STRCTDPTH":2.6880000000000002,"ELEV_GND":2.593,"ELEV_INV":-0.095000000000000001,"LABEL":"I-MH-47-18","Inastallation_Status":4,"X":409819.36199999973,"Y":2925579.9969999995,"Depth_Class":"2 - 3 m","District":"Al Khaleej"}},{"type":"Feature","id":1215,"geometry":{"type":"Point","coordinates":[409821.68200000003,2925623.2469999995]},"properties":{"OBJECTID":1215,"Zone":"Zone I","STRCTDPTH":2.4359999999999999,"ELEV_GND":2.48,"ELEV_INV":0.043999999999999997,"LABEL":"I-MH-47-19","Inastallation_Status":4,"X":409821.68200000003,"Y":2925623.2469999995,"Depth_Class":"2 - 3 m","District":"Al Khaleej"}},{"type":"Feature","id":1216,"geometry":{"type":"Point","coordinates":[409874.5429999996,2925623.6500000004]},"properties":{"OBJECTID":1216,"Zone":"Zone I","STRCTDPTH":1.8429999999999997,"ELEV_GND":2.3849999999999998,"ELEV_INV":0.54200000000000004,"LABEL":"I-MH-47-19-1","Inastallation_Status":4,"X":409874.5429999996,"Y":2925623.6500000004,"Depth_Class":"1 - 2 m","District":"Al Khaleej"}},{"type":"Feature","id":1217,"geometry":{"type":"Point","coordinates":[409821.54999999981,2925680.3259999994]},"properties":{"OBJECTID":1217,"Zone":"Zone I","STRCTDPTH":1.7649999999999997,"ELEV_GND":2.3199999999999998,"ELEV_INV":0.55500000000000005,"LABEL":"I-MH-47-19-2","Inastallation_Status":4,"X":409821.54999999981,"Y":2925680.3259999994,"Depth_Class":"1 - 2 m","District":"Al Khaleej"}},{"type":"Feature","id":1218,"geometry":{"type":"Point","coordinates":[409891.42399999965,2925623.3440000005]},"properties":{"OBJECTID":1218,"Zone":"Zone I","STRCTDPTH":1.7650000000000001,"ELEV_GND":2.3610000000000002,"ELEV_INV":0.59599999999999997,"LABEL":"I-MH-47-19-3","Inastallation_Status":4,"X":409891.42399999965,"Y":2925623.3440000005,"Depth_Class":"1 - 2 m","District":"Al Khaleej"}},{"type":"Feature","id":1219,"geometry":{"type":"Point","coordinates":[409874.71399999969,2925677.4039999992]},"properties":{"OBJECTID":1219,"Zone":"Zone I","STRCTDPTH":1.7649999999999999,"ELEV_GND":2.5129999999999999,"ELEV_INV":0.748,"LABEL":"I-MH-47-19-4","Inastallation_Status":4,"X":409874.71399999969,"Y":2925677.4039999992,"Depth_Class":"1 - 2 m","District":"Al Khaleej"}},{"type":"Feature","id":1220,"geometry":{"type":"Point","coordinates":[409873.65699999966,2925572.9649999999]},"properties":{"OBJECTID":1220,"Zone":"Zone I","STRCTDPTH":2.1989999999999998,"ELEV_GND":2.9809999999999999,"ELEV_INV":0.78200000000000003,"LABEL":"I-MH-47-19-5","Inastallation_Status":4,"X":409873.65699999966,"Y":2925572.9649999999,"Depth_Class":"2 - 3 m","District":"Al Khaleej"}},{"type":"Feature","id":1221,"geometry":{"type":"Point","coordinates":[409873.15699999966,2925533.4739999995]},"properties":{"OBJECTID":1221,"Zone":"Zone I","STRCTDPTH":1.7650000000000001,"ELEV_GND":2.8580000000000001,"ELEV_INV":1.093,"LABEL":"I-MH-47-19-6","Inastallation_Status":4,"X":409873.15699999966,"Y":2925533.4739999995,"Depth_Class":"1 - 2 m","District":"Al Khaleej"}},{"type":"Feature","id":1222,"geometry":{"type":"Point","coordinates":[409819.65500000026,2925440.9350000005]},"properties":{"OBJECTID":1222,"Zone":"Zone I","STRCTDPTH":2.3489999999999998,"ELEV_GND":2.7469999999999999,"ELEV_INV":0.39800000000000002,"LABEL":"I-MH-47-2","Inastallation_Status":4,"X":409819.65500000026,"Y":2925440.9350000005,"Depth_Class":"2 - 3 m","District":"Al Khaleej"}},{"type":"Feature","id":1223,"geometry":{"type":"Point","coordinates":[409815.15460000001,2925388.9127999991]},"properties":{"OBJECTID":1223,"Zone":"Zone I","STRCTDPTH":1.887,"ELEV_GND":3.036,"ELEV_INV":1.149,"LABEL":"I-MH-47-2-1","Inastallation_Status":4,"X":409815.15460000001,"Y":2925388.9127999991,"Depth_Class":"1 - 2 m","District":"Al Khaleej"}},{"type":"Feature","id":1224,"geometry":{"type":"Point","coordinates":[409871.16500000004,2925236.2750000004]},"properties":{"OBJECTID":1224,"Zone":"Zone I","STRCTDPTH":2.0539999999999998,"ELEV_GND":3.2759999999999998,"ELEV_INV":1.222,"LABEL":"I-MH-47-2-10","Inastallation_Status":4,"X":409871.16500000004,"Y":2925236.2750000004,"Depth_Class":"2 - 3 m","District":"Al Khaleej"}},{"type":"Feature","id":1225,"geometry":{"type":"Point","coordinates":[409904.34200000018,2925236.352]},"properties":{"OBJECTID":1225,"Zone":"Zone I","STRCTDPTH":1.7649999999999999,"ELEV_GND":3.093,"ELEV_INV":1.3280000000000001,"LABEL":"I-MH-47-2-11","Inastallation_Status":4,"X":409904.34200000018,"Y":2925236.352,"Depth_Class":"1 - 2 m","District":"Al Khaleej"}},{"type":"Feature","id":1226,"geometry":{"type":"Point","coordinates":[409893.82919999957,2925389.2821999993]},"properties":{"OBJECTID":1226,"Zone":"Zone I","STRCTDPTH":1.7649999999999999,"ELEV_GND":3.1379999999999999,"ELEV_INV":1.373,"LABEL":"I-MH-47-2-12","Inastallation_Status":4,"X":409893.82919999957,"Y":2925389.2821999993,"Depth_Class":"1 - 2 m","District":"Al Khaleej"}},{"type":"Feature","id":1227,"geometry":{"type":"Point","coordinates":[409853.34499999974,2925387.1919999998]},"properties":{"OBJECTID":1227,"Zone":"Zone I","STRCTDPTH":1.7649999999999997,"ELEV_GND":3.2559999999999998,"ELEV_INV":1.4910000000000001,"LABEL":"I-MH-47-2-13","Inastallation_Status":4,"X":409853.34499999974,"Y":2925387.1919999998,"Depth_Class":"1 - 2 m","District":"Al Khaleej"}},{"type":"Feature","id":1228,"geometry":{"type":"Point","coordinates":[409838.29569999967,2925236.5416000001]},"properties":{"OBJECTID":1228,"Zone":"Zone I","STRCTDPTH":1.8740000000000001,"ELEV_GND":3.4900000000000002,"ELEV_INV":1.6160000000000001,"LABEL":"I-MH-47-2-14","Inastallation_Status":4,"X":409838.29569999967,"Y":2925236.5416000001,"Depth_Class":"1 - 2 m","District":"Al Khaleej"}},{"type":"Feature","id":1229,"geometry":{"type":"Point","coordinates":[409812.60879999958,2925315.8150999993]},"properties":{"OBJECTID":1229,"Zone":"Zone I","STRCTDPTH":1.7649999999999999,"ELEV_GND":3.2629999999999999,"ELEV_INV":1.498,"LABEL":"I-MH-47-2-2","Inastallation_Status":4,"X":409812.60879999958,"Y":2925315.8150999993,"Depth_Class":"1 - 2 m","District":"Al Khaleej"}},{"type":"Feature","id":1230,"geometry":{"type":"Point","coordinates":[409812.85580000002,2925255.3326999992]},"properties":{"OBJECTID":1230,"Zone":"Zone I","STRCTDPTH":1.7689999999999999,"ELEV_GND":3.46,"ELEV_INV":1.6910000000000001,"LABEL":"I-MH-47-2-3","Inastallation_Status":4,"X":409812.85580000002,"Y":2925255.3326999992,"Depth_Class":"1 - 2 m","District":"Al Khaleej"}},{"type":"Feature","id":1231,"geometry":{"type":"Point","coordinates":[409872.86629999988,2925440.4959999993]},"properties":{"OBJECTID":1231,"Zone":"Zone I","STRCTDPTH":2.2759999999999998,"ELEV_GND":2.8439999999999999,"ELEV_INV":0.56799999999999995,"LABEL":"I-MH-47-2-4","Inastallation_Status":4,"X":409872.86629999988,"Y":2925440.4959999993,"Depth_Class":"2 - 3 m","District":"Al Khaleej"}},{"type":"Feature","id":1232,"geometry":{"type":"Point","coordinates":[409872.15799999982,2925387.0749999993]},"properties":{"OBJECTID":1232,"Zone":"Zone I","STRCTDPTH":2.5670000000000002,"ELEV_GND":3.306,"ELEV_INV":0.73899999999999999,"LABEL":"I-MH-47-2-5","Inastallation_Status":4,"X":409872.15799999982,"Y":2925387.0749999993,"Depth_Class":"2 - 3 m","District":"Al Khaleej"}},{"type":"Feature","id":1233,"geometry":{"type":"Point","coordinates":[409871.50299999956,2925337.4130000006]},"properties":{"OBJECTID":1233,"Zone":"Zone I","STRCTDPTH":2.3919999999999999,"ELEV_GND":3.29,"ELEV_INV":0.89800000000000002,"LABEL":"I-MH-47-2-6","Inastallation_Status":4,"X":409871.50299999956,"Y":2925337.4130000006,"Depth_Class":"2 - 3 m","District":"Al Khaleej"}},{"type":"Feature","id":1234,"geometry":{"type":"Point","coordinates":[409873.05700000003,2925496.0199999996]},"properties":{"OBJECTID":1234,"Zone":"Zone I","STRCTDPTH":1.7649999999999999,"ELEV_GND":2.8159999999999998,"ELEV_INV":1.0509999999999999,"LABEL":"I-MH-47-2-7","Inastallation_Status":4,"X":409873.05700000003,"Y":2925496.0199999996,"Depth_Class":"1 - 2 m","District":"Al Khaleej"}},{"type":"Feature","id":1235,"geometry":{"type":"Point","coordinates":[409871.64070000034,2925286.6612999998]},"properties":{"OBJECTID":1235,"Zone":"Zone I","STRCTDPTH":2.222,"ELEV_GND":3.2829999999999999,"ELEV_INV":1.0609999999999999,"LABEL":"I-MH-47-2-8","Inastallation_Status":4,"X":409871.64070000034,"Y":2925286.6612999998,"Depth_Class":"2 - 3 m","District":"Al Khaleej"}},{"type":"Feature","id":1236,"geometry":{"type":"Point","coordinates":[409888.99399999995,2925440.7765999995]},"properties":{"OBJECTID":1236,"Zone":"Zone I","STRCTDPTH":1.9069999999999998,"ELEV_GND":3.0379999999999998,"ELEV_INV":1.131,"LABEL":"I-MH-47-2-9","Inastallation_Status":4,"X":409888.99399999995,"Y":2925440.7765999995,"Depth_Class":"1 - 2 m","District":"Al Khaleej"}},{"type":"Feature","id":1237,"geometry":{"type":"Point","coordinates":[409761.20999999996,2925624.3330000006]},"properties":{"OBJECTID":1237,"Zone":"Zone I","STRCTDPTH":2.2450000000000001,"ELEV_GND":2.4830000000000001,"ELEV_INV":0.23799999999999999,"LABEL":"I-MH-47-20","Inastallation_Status":4,"X":409761.20999999996,"Y":2925624.3330000006,"Depth_Class":"2 - 3 m","District":"Al Khaleej"}},{"type":"Feature","id":1238,"geometry":{"type":"Point","coordinates":[409761.14199999999,2925666.1799999997]},"properties":{"OBJECTID":1238,"Zone":"Zone I","STRCTDPTH":2.2050000000000001,"ELEV_GND":2.5760000000000001,"ELEV_INV":0.371,"LABEL":"I-MH-47-21","Inastallation_Status":4,"X":409761.14199999999,"Y":2925666.1799999997,"Depth_Class":"2 - 3 m","District":"Al Khaleej"}},{"type":"Feature","id":1239,"geometry":{"type":"Point","coordinates":[409762.11500000022,2925706.9700000007]},"properties":{"OBJECTID":1239,"Zone":"Zone I","STRCTDPTH":1.7649999999999999,"ELEV_GND":2.2669999999999999,"ELEV_INV":0.502,"LABEL":"I-MH-47-22","Inastallation_Status":4,"X":409762.11500000022,"Y":2925706.9700000007,"Depth_Class":"1 - 2 m","District":"Al Khaleej"}},{"type":"Feature","id":1240,"geometry":{"type":"Point","coordinates":[409761.07980000041,2925602.4988000002]},"properties":{"OBJECTID":1240,"Zone":"Zone I","STRCTDPTH":1.909,"ELEV_GND":2.625,"ELEV_INV":0.71599999999999997,"LABEL":"I-MH-47-23","Inastallation_Status":4,"X":409761.07980000041,"Y":2925602.4988000002,"Depth_Class":"1 - 2 m","District":"Al Khaleej"}},{"type":"Feature","id":1241,"geometry":{"type":"Point","coordinates":[409744.14900000021,2925623.8350000009]},"properties":{"OBJECTID":1241,"Zone":"Zone I","STRCTDPTH":1.7650000000000001,"ELEV_GND":2.5030000000000001,"ELEV_INV":0.73799999999999999,"LABEL":"I-MH-47-24","Inastallation_Status":4,"X":409744.14900000021,"Y":2925623.8350000009,"Depth_Class":"1 - 2 m","District":"Al Khaleej"}},{"type":"Feature","id":1242,"geometry":{"type":"Point","coordinates":[409761.46710000001,2925555.8556999993]},"properties":{"OBJECTID":1242,"Zone":"Zone I","STRCTDPTH":1.8560000000000001,"ELEV_GND":2.7210000000000001,"ELEV_INV":0.86499999999999999,"LABEL":"I-MH-47-25","Inastallation_Status":4,"X":409761.46710000001,"Y":2925555.8556999993,"Depth_Class":"1 - 2 m","District":"Al Khaleej"}},{"type":"Feature","id":1243,"geometry":{"type":"Point","coordinates":[409760.86099999957,2925536.2129999995]},"properties":{"OBJECTID":1243,"Zone":"Zone I","STRCTDPTH":1.7650000000000001,"ELEV_GND":2.6930000000000001,"ELEV_INV":0.92800000000000005,"LABEL":"I-MH-47-26","Inastallation_Status":4,"X":409760.86099999957,"Y":2925536.2129999995,"Depth_Class":"1 - 2 m","District":"Al Khaleej"}},{"type":"Feature","id":1244,"geometry":{"type":"Point","coordinates":[409759.9589999998,2925438.1818000004]},"properties":{"OBJECTID":1244,"Zone":"Zone I","STRCTDPTH":2.1659999999999999,"ELEV_GND":2.9039999999999999,"ELEV_INV":0.73799999999999999,"LABEL":"I-MH-47-3","Inastallation_Status":4,"X":409759.9589999998,"Y":2925438.1818000004,"Depth_Class":"2 - 3 m","District":"Al Khaleej"}},{"type":"Feature","id":1245,"geometry":{"type":"Point","coordinates":[409760.45999999996,2925493.0069999993]},"properties":{"OBJECTID":1245,"Zone":"Zone I","STRCTDPTH":1.7649999999999999,"ELEV_GND":2.6779999999999999,"ELEV_INV":0.91300000000000003,"LABEL":"I-MH-47-4","Inastallation_Status":4,"X":409760.45999999996,"Y":2925493.0069999993,"Depth_Class":"1 - 2 m","District":"Al Khaleej"}},{"type":"Feature","id":1246,"geometry":{"type":"Point","coordinates":[409760.00519999955,2925425.6731000002]},"properties":{"OBJECTID":1246,"Zone":"Zone I","STRCTDPTH":2.0009999999999999,"ELEV_GND":2.9350000000000001,"ELEV_INV":0.93400000000000005,"LABEL":"I-MH-47-5","Inastallation_Status":4,"X":409760.00519999955,"Y":2925425.6731000002,"Depth_Class":"2 - 3 m","District":"Al Khaleej"}},{"type":"Feature","id":1247,"geometry":{"type":"Point","coordinates":[409760.18979999982,2925420.8061999995]},"properties":{"OBJECTID":1247,"Zone":"Zone I","STRCTDPTH":1.9960000000000002,"ELEV_GND":2.9460000000000002,"ELEV_INV":0.94999999999999996,"LABEL":"I-MH-47-6","Inastallation_Status":4,"X":409760.18979999982,"Y":2925420.8061999995,"Depth_Class":"1 - 2 m","District":"Al Khaleej"}},{"type":"Feature","id":1248,"geometry":{"type":"Point","coordinates":[409716.1799999997,2925441.9110000003]},"properties":{"OBJECTID":1248,"Zone":"Zone I","STRCTDPTH":1.7650000000000001,"ELEV_GND":2.806,"ELEV_INV":1.0409999999999999,"LABEL":"I-MH-47-7","Inastallation_Status":4,"X":409716.1799999997,"Y":2925441.9110000003,"Depth_Class":"1 - 2 m","District":"Al Khaleej"}},{"type":"Feature","id":1249,"geometry":{"type":"Point","coordinates":[409759.58000000007,2925388.0099999998]},"properties":{"OBJECTID":1249,"Zone":"Zone I","STRCTDPTH":1.9749999999999999,"ELEV_GND":3.0299999999999998,"ELEV_INV":1.0549999999999999,"LABEL":"I-MH-47-8","Inastallation_Status":4,"X":409759.58000000007,"Y":2925388.0099999998,"Depth_Class":"1 - 2 m","District":"Al Khaleej"}},{"type":"Feature","id":1250,"geometry":{"type":"Point","coordinates":[409740.48099999968,2925388.0950000007]},"properties":{"OBJECTID":1250,"Zone":"Zone I","STRCTDPTH":1.7649999999999997,"ELEV_GND":2.8809999999999998,"ELEV_INV":1.1160000000000001,"LABEL":"I-MH-47-9","Inastallation_Status":4,"X":409740.48099999968,"Y":2925388.0950000007,"Depth_Class":"1 - 2 m","District":"Al Khaleej"}},{"type":"Feature","id":1251,"geometry":{"type":"Point","coordinates":[409941.80229999963,2925517.9824999999]},"properties":{"OBJECTID":1251,"Zone":"Zone I","STRCTDPTH":3.6420000000000003,"ELEV_GND":2.3980000000000001,"ELEV_INV":-1.244,"LABEL":"I-MH-48","Inastallation_Status":1,"X":409941.80229999963,"Y":2925517.9824999999,"Depth_Class":"3 - 4 m","District":"Al Dawaser"}},{"type":"Feature","id":1252,"geometry":{"type":"Point","coordinates":[409939.87700000033,2925564.2369999997]},"properties":{"OBJECTID":1252,"Zone":"Zone I","STRCTDPTH":3.2750000000000004,"ELEV_GND":2.6280000000000001,"ELEV_INV":-0.64700000000000002,"LABEL":"I-MH-48-1","Inastallation_Status":1,"X":409939.87700000033,"Y":2925564.2369999997,"Depth_Class":"3 - 4 m","District":"Al Dawaser"}},{"type":"Feature","id":1253,"geometry":{"type":"Point","coordinates":[409995.86500000022,2925551.6640000008]},"properties":{"OBJECTID":1253,"Zone":"Zone I","STRCTDPTH":2.6459999999999999,"ELEV_GND":2.645,"ELEV_INV":-0.001,"LABEL":"I-MH-48-1-1","Inastallation_Status":1,"X":409995.86500000022,"Y":2925551.6640000008,"Depth_Class":"2 - 3 m","District":"Al Dawaser"}},{"type":"Feature","id":1254,"geometry":{"type":"Point","coordinates":[410043.48199999984,2925541.4619999994]},"properties":{"OBJECTID":1254,"Zone":"Zone I","STRCTDPTH":2.7000000000000002,"ELEV_GND":2.855,"ELEV_INV":0.155,"LABEL":"I-MH-48-1-2","Inastallation_Status":1,"X":410043.48199999984,"Y":2925541.4619999994,"Depth_Class":"2 - 3 m","District":"Al Dawaser"}},{"type":"Feature","id":1255,"geometry":{"type":"Point","coordinates":[410055.29700000025,2925580.9790000003]},"properties":{"OBJECTID":1255,"Zone":"Zone I","STRCTDPTH":2.5310000000000001,"ELEV_GND":2.8180000000000001,"ELEV_INV":0.28699999999999998,"LABEL":"I-MH-48-1-3","Inastallation_Status":1,"X":410055.29700000025,"Y":2925580.9790000003,"Depth_Class":"2 - 3 m","District":"Al Dawaser"}},{"type":"Feature","id":1256,"geometry":{"type":"Point","coordinates":[410005.27199999988,2925590.2530000005]},"properties":{"OBJECTID":1256,"Zone":"Zone I","STRCTDPTH":2.4889999999999999,"ELEV_GND":2.9390000000000001,"ELEV_INV":0.45000000000000001,"LABEL":"I-MH-48-1-4","Inastallation_Status":1,"X":410005.27199999988,"Y":2925590.2530000005,"Depth_Class":"2 - 3 m","District":"Al Dawaser"}},{"type":"Feature","id":1257,"geometry":{"type":"Point","coordinates":[409967.19680000003,2925599.0628999993]},"properties":{"OBJECTID":1257,"Zone":"Zone I","STRCTDPTH":2.0860000000000003,"ELEV_GND":2.661,"ELEV_INV":0.57499999999999996,"LABEL":"I-MH-48-1-5","Inastallation_Status":1,"X":409967.19680000003,"Y":2925599.0628999993,"Depth_Class":"2 - 3 m","District":"Al Dawaser"}},{"type":"Feature","id":1258,"geometry":{"type":"Point","coordinates":[409962.89379999973,2925564.2331000008]},"properties":{"OBJECTID":1258,"Zone":"Zone I","STRCTDPTH":1.7649999999999999,"ELEV_GND":2.452,"ELEV_INV":0.68700000000000006,"LABEL":"I-MH-48-1-6","Inastallation_Status":1,"X":409962.89379999973,"Y":2925564.2331000008,"Depth_Class":"1 - 2 m","District":"Al Dawaser"}},{"type":"Feature","id":1259,"geometry":{"type":"Point","coordinates":[410068.60140000004,2925534.4282000009]},"properties":{"OBJECTID":1259,"Zone":"Zone I","STRCTDPTH":1.7650000000000001,"ELEV_GND":2.7000000000000002,"ELEV_INV":0.93500000000000005,"LABEL":"I-MH-48-1-7","Inastallation_Status":1,"X":410068.60140000004,"Y":2925534.4282000009,"Depth_Class":"1 - 2 m","District":"Al Dawaser"}},{"type":"Feature","id":1260,"geometry":{"type":"Point","coordinates":[410036.71499999985,2925507.1381000001]},"properties":{"OBJECTID":1260,"Zone":"Zone I","STRCTDPTH":1.7650000000000001,"ELEV_GND":2.7050000000000001,"ELEV_INV":0.93999999999999995,"LABEL":"I-MH-48-1-8","Inastallation_Status":1,"X":410036.71499999985,"Y":2925507.1381000001,"Depth_Class":"1 - 2 m","District":"Al Dawaser"}},{"type":"Feature","id":1261,"geometry":{"type":"Point","coordinates":[410312.75050000008,2925602.7305999994]},"properties":{"OBJECTID":1261,"Zone":"Zone I","STRCTDPTH":2.2349999999999999,"ELEV_GND":2.464,"ELEV_INV":0.22900000000000001,"LABEL":"I-MH-48-10","Inastallation_Status":1,"X":410312.75050000008,"Y":2925602.7305999994,"Depth_Class":"2 - 3 m","District":"Al Dawaser"}},{"type":"Feature","id":1262,"geometry":{"type":"Point","coordinates":[410305.38630000036,2925560.3431000002]},"properties":{"OBJECTID":1262,"Zone":"Zone I","STRCTDPTH":2.1299999999999999,"ELEV_GND":2.9670000000000001,"ELEV_INV":0.83699999999999997,"LABEL":"I-MH-48-10-1","Inastallation_Status":1,"X":410305.38630000036,"Y":2925560.3431000002,"Depth_Class":"2 - 3 m","District":"Al Dawaser"}},{"type":"Feature","id":1263,"geometry":{"type":"Point","coordinates":[410275.78450000007,2925491.4673999995]},"properties":{"OBJECTID":1263,"Zone":"Zone I","STRCTDPTH":1.7649999999999997,"ELEV_GND":3.1309999999999998,"ELEV_INV":1.3660000000000001,"LABEL":"I-MH-48-10-10","Inastallation_Status":1,"X":410275.78450000007,"Y":2925491.4673999995,"Depth_Class":"1 - 2 m","District":"Al Dawaser"}},{"type":"Feature","id":1264,"geometry":{"type":"Point","coordinates":[410284.4916000003,2925500.1651000008]},"properties":{"OBJECTID":1264,"Zone":"Zone I","STRCTDPTH":1.7649999999999999,"ELEV_GND":3.1539999999999999,"ELEV_INV":1.389,"LABEL":"I-MH-48-10-11","Inastallation_Status":1,"X":410284.4916000003,"Y":2925500.1651000008,"Depth_Class":"1 - 2 m","District":"Al Dawaser"}},{"type":"Feature","id":1265,"geometry":{"type":"Point","coordinates":[410298.01499999966,2925561.693]},"properties":{"OBJECTID":1265,"Zone":"Zone I","STRCTDPTH":1.9149999999999998,"ELEV_GND":2.9289999999999998,"ELEV_INV":1.014,"LABEL":"I-MH-48-10-2","Inastallation_Status":1,"X":410298.01499999966,"Y":2925561.693,"Depth_Class":"1 - 2 m","District":"Al Dawaser"}},{"type":"Feature","id":1266,"geometry":{"type":"Point","coordinates":[410290.22800000012,2925530.1799999997]},"properties":{"OBJECTID":1266,"Zone":"Zone I","STRCTDPTH":1.9749999999999999,"ELEV_GND":3.093,"ELEV_INV":1.1180000000000001,"LABEL":"I-MH-48-10-3","Inastallation_Status":1,"X":410290.22800000012,"Y":2925530.1799999997,"Depth_Class":"1 - 2 m","District":"Al Dawaser"}},{"type":"Feature","id":1267,"geometry":{"type":"Point","coordinates":[410271.99100000039,2925533.2239999995]},"properties":{"OBJECTID":1267,"Zone":"Zone I","STRCTDPTH":1.9020000000000001,"ELEV_GND":3.0790000000000002,"ELEV_INV":1.177,"LABEL":"I-MH-48-10-4","Inastallation_Status":1,"X":410271.99100000039,"Y":2925533.2239999995,"Depth_Class":"1 - 2 m","District":"Al Dawaser"}},{"type":"Feature","id":1268,"geometry":{"type":"Point","coordinates":[410251.19000000041,2925536.8159999996]},"properties":{"OBJECTID":1268,"Zone":"Zone I","STRCTDPTH":1.9019999999999997,"ELEV_GND":3.1469999999999998,"ELEV_INV":1.2450000000000001,"LABEL":"I-MH-48-10-5","Inastallation_Status":1,"X":410251.19000000041,"Y":2925536.8159999996,"Depth_Class":"1 - 2 m","District":"Al Dawaser"}},{"type":"Feature","id":1269,"geometry":{"type":"Point","coordinates":[410232.41700000037,2925539.5319999997]},"properties":{"OBJECTID":1269,"Zone":"Zone I","STRCTDPTH":1.8400000000000001,"ELEV_GND":3.145,"ELEV_INV":1.3049999999999999,"LABEL":"I-MH-48-10-6","Inastallation_Status":1,"X":410232.41700000037,"Y":2925539.5319999997,"Depth_Class":"1 - 2 m","District":"Al Dawaser"}},{"type":"Feature","id":1270,"geometry":{"type":"Point","coordinates":[410268.13630000036,2925506.2930999994]},"properties":{"OBJECTID":1270,"Zone":"Zone I","STRCTDPTH":1.7790000000000001,"ELEV_GND":3.0920000000000001,"ELEV_INV":1.3129999999999999,"LABEL":"I-MH-48-10-7","Inastallation_Status":1,"X":410268.13630000036,"Y":2925506.2930999994,"Depth_Class":"1 - 2 m","District":"Al Dawaser"}},{"type":"Feature","id":1271,"geometry":{"type":"Point","coordinates":[410228.22699999996,2925529.8829999994]},"properties":{"OBJECTID":1271,"Zone":"Zone I","STRCTDPTH":1.7650000000000001,"ELEV_GND":3.1040000000000001,"ELEV_INV":1.339,"LABEL":"I-MH-48-10-8","Inastallation_Status":1,"X":410228.22699999996,"Y":2925529.8829999994,"Depth_Class":"1 - 2 m","District":"Al Dawaser"}},{"type":"Feature","id":1272,"geometry":{"type":"Point","coordinates":[410249.42779999971,2925513.1175999995]},"properties":{"OBJECTID":1272,"Zone":"Zone I","STRCTDPTH":1.764,"ELEV_GND":3.1160000000000001,"ELEV_INV":1.3520000000000001,"LABEL":"I-MH-48-10-9","Inastallation_Status":1,"X":410249.42779999971,"Y":2925513.1175999995,"Depth_Class":"1 - 2 m","District":"Al Dawaser"}},{"type":"Feature","id":1273,"geometry":{"type":"Point","coordinates":[410361.41100000031,2925591.9030000009]},"properties":{"OBJECTID":1273,"Zone":"Zone I","STRCTDPTH":2.081,"ELEV_GND":2.3980000000000001,"ELEV_INV":0.317,"LABEL":"I-MH-48-11","Inastallation_Status":1,"X":410361.41100000031,"Y":2925591.9030000009,"Depth_Class":"2 - 3 m","District":"Al Dawaser"}},{"type":"Feature","id":1274,"geometry":{"type":"Point","coordinates":[410343.35099999979,2925542.9739999995]},"properties":{"OBJECTID":1274,"Zone":"Zone I","STRCTDPTH":2.6660000000000004,"ELEV_GND":3.4660000000000002,"ELEV_INV":0.80000000000000004,"LABEL":"I-MH-48-11-1","Inastallation_Status":1,"X":410343.35099999979,"Y":2925542.9739999995,"Depth_Class":"2 - 3 m","District":"Al Dawaser"}},{"type":"Feature","id":1275,"geometry":{"type":"Point","coordinates":[410270.57919999957,2925436.0296]},"properties":{"OBJECTID":1275,"Zone":"Zone I","STRCTDPTH":1.7649999999999999,"ELEV_GND":3.2069999999999999,"ELEV_INV":1.4419999999999999,"LABEL":"I-MH-48-11-10","Inastallation_Status":1,"X":410270.57919999957,"Y":2925436.0296,"Depth_Class":"1 - 2 m","District":"Al Dawaser"}},{"type":"Feature","id":1276,"geometry":{"type":"Point","coordinates":[410330.06099999975,2925503.8190000001]},"properties":{"OBJECTID":1276,"Zone":"Zone I","STRCTDPTH":2.3399999999999999,"ELEV_GND":3.29,"ELEV_INV":0.94999999999999996,"LABEL":"I-MH-48-11-2","Inastallation_Status":1,"X":410330.06099999975,"Y":2925503.8190000001,"Depth_Class":"2 - 3 m","District":"Al Dawaser"}},{"type":"Feature","id":1277,"geometry":{"type":"Point","coordinates":[410330.13750000019,2925453.0931000002]},"properties":{"OBJECTID":1277,"Zone":"Zone I","STRCTDPTH":2.105,"ELEV_GND":3.218,"ELEV_INV":1.113,"LABEL":"I-MH-48-11-3","Inastallation_Status":1,"X":410330.13750000019,"Y":2925453.0931000002,"Depth_Class":"2 - 3 m","District":"Al Dawaser"}},{"type":"Feature","id":1278,"geometry":{"type":"Point","coordinates":[410299.59119999968,2925455.6445000004]},"properties":{"OBJECTID":1278,"Zone":"Zone I","STRCTDPTH":2.0409999999999995,"ELEV_GND":3.2519999999999998,"ELEV_INV":1.2110000000000001,"LABEL":"I-MH-48-11-4","Inastallation_Status":1,"X":410299.59119999968,"Y":2925455.6445000004,"Depth_Class":"2 - 3 m","District":"Al Dawaser"}},{"type":"Feature","id":1279,"geometry":{"type":"Point","coordinates":[410303.89690000005,2925545.8823000006]},"properties":{"OBJECTID":1279,"Zone":"Zone I","STRCTDPTH":1.7650000000000001,"ELEV_GND":3.0070000000000001,"ELEV_INV":1.242,"LABEL":"I-MH-48-11-5","Inastallation_Status":1,"X":410303.89690000005,"Y":2925545.8823000006,"Depth_Class":"1 - 2 m","District":"Al Dawaser"}},{"type":"Feature","id":1280,"geometry":{"type":"Point","coordinates":[410294.39400000032,2925430.4940000009]},"properties":{"OBJECTID":1280,"Zone":"Zone I","STRCTDPTH":2.0019999999999998,"ELEV_GND":3.2949999999999999,"ELEV_INV":1.2929999999999999,"LABEL":"I-MH-48-11-6","Inastallation_Status":1,"X":410294.39400000032,"Y":2925430.4940000009,"Depth_Class":"2 - 3 m","District":"Al Dawaser"}},{"type":"Feature","id":1281,"geometry":{"type":"Point","coordinates":[410291.78000000026,2925412.1429999992]},"properties":{"OBJECTID":1281,"Zone":"Zone I","STRCTDPTH":2.016,"ELEV_GND":3.3679999999999999,"ELEV_INV":1.3520000000000001,"LABEL":"I-MH-48-11-7","Inastallation_Status":1,"X":410291.78000000026,"Y":2925412.1429999992,"Depth_Class":"2 - 3 m","District":"Al Dawaser"}},{"type":"Feature","id":1282,"geometry":{"type":"Point","coordinates":[410262.54899999965,2925462.4110000003]},"properties":{"OBJECTID":1282,"Zone":"Zone I","STRCTDPTH":1.7650000000000001,"ELEV_GND":3.141,"ELEV_INV":1.3759999999999999,"LABEL":"I-MH-48-11-8","Inastallation_Status":1,"X":410262.54899999965,"Y":2925462.4110000003,"Depth_Class":"1 - 2 m","District":"Al Dawaser"}},{"type":"Feature","id":1283,"geometry":{"type":"Point","coordinates":[410265.55860000011,2925419.0195000004]},"properties":{"OBJECTID":1283,"Zone":"Zone I","STRCTDPTH":1.7650000000000001,"ELEV_GND":3.2040000000000002,"ELEV_INV":1.4390000000000001,"LABEL":"I-MH-48-11-9","Inastallation_Status":1,"X":410265.55860000011,"Y":2925419.0195000004,"Depth_Class":"1 - 2 m","District":"Al Dawaser"}},{"type":"Feature","id":1284,"geometry":{"type":"Point","coordinates":[410399.78000000026,2925580.7980000004]},"properties":{"OBJECTID":1284,"Zone":"Zone I","STRCTDPTH":1.9380000000000002,"ELEV_GND":2.3250000000000002,"ELEV_INV":0.38700000000000001,"LABEL":"I-MH-48-12","Inastallation_Status":4,"X":410399.78000000026,"Y":2925580.7980000004,"Depth_Class":"1 - 2 m","District":"Al Dawaser"}},{"type":"Feature","id":1285,"geometry":{"type":"Point","coordinates":[410399.74500000011,2925545.7701999992]},"properties":{"OBJECTID":1285,"Zone":"Zone I","STRCTDPTH":1.7649999999999999,"ELEV_GND":2.3639999999999999,"ELEV_INV":0.59899999999999998,"LABEL":"I-MH-48-14","Inastallation_Status":4,"X":410399.74500000011,"Y":2925545.7701999992,"Depth_Class":"1 - 2 m","District":"Al Dawaser"}},{"type":"Feature","id":1286,"geometry":{"type":"Point","coordinates":[410395.61000000034,2925506.0769999996]},"properties":{"OBJECTID":1286,"Zone":"Zone I","STRCTDPTH":1.802,"ELEV_GND":2.5289999999999999,"ELEV_INV":0.72699999999999998,"LABEL":"I-MH-48-15","Inastallation_Status":4,"X":410395.61000000034,"Y":2925506.0769999996,"Depth_Class":"1 - 2 m","District":"Al Dawaser"}},{"type":"Feature","id":1287,"geometry":{"type":"Point","coordinates":[410401.13769999985,2925480.2355000004]},"properties":{"OBJECTID":1287,"Zone":"Zone I","STRCTDPTH":1.829,"ELEV_GND":2.6779999999999999,"ELEV_INV":0.84899999999999998,"LABEL":"I-MH-48-16","Inastallation_Status":4,"X":410401.13769999985,"Y":2925480.2355000004,"Depth_Class":"1 - 2 m","District":"Al Dawaser"}},{"type":"Feature","id":1288,"geometry":{"type":"Point","coordinates":[410363.33710000012,2925513.1691999994]},"properties":{"OBJECTID":1288,"Zone":"Zone I","STRCTDPTH":2.0049999999999999,"ELEV_GND":2.875,"ELEV_INV":0.87,"LABEL":"I-MH-48-17","Inastallation_Status":4,"X":410363.33710000012,"Y":2925513.1691999994,"Depth_Class":"2 - 3 m","District":"Al Dawaser"}},{"type":"Feature","id":1289,"geometry":{"type":"Point","coordinates":[410391.625,2925443.1009999998]},"properties":{"OBJECTID":1289,"Zone":"Zone I","STRCTDPTH":1.7650000000000001,"ELEV_GND":2.794,"ELEV_INV":1.0289999999999999,"LABEL":"I-MH-48-18","Inastallation_Status":4,"X":410391.625,"Y":2925443.1009999998,"Depth_Class":"1 - 2 m","District":"Al Dawaser"}},{"type":"Feature","id":1290,"geometry":{"type":"Point","coordinates":[410356.62719999999,2925485.4221999999]},"properties":{"OBJECTID":1290,"Zone":"Zone I","STRCTDPTH":1.9870000000000001,"ELEV_GND":3.044,"ELEV_INV":1.0569999999999999,"LABEL":"I-MH-48-19","Inastallation_Status":4,"X":410356.62719999999,"Y":2925485.4221999999,"Depth_Class":"1 - 2 m","District":"Al Dawaser"}},{"type":"Feature","id":1291,"geometry":{"type":"Point","coordinates":[410389.05399999954,2925425.932]},"properties":{"OBJECTID":1291,"Zone":"Zone I","STRCTDPTH":1.7949999999999999,"ELEV_GND":2.8799999999999999,"ELEV_INV":1.085,"LABEL":"I-MH-48-20","Inastallation_Status":4,"X":410389.05399999954,"Y":2925425.932,"Depth_Class":"1 - 2 m","District":"Al Dawaser"}},{"type":"Feature","id":1292,"geometry":{"type":"Point","coordinates":[410391.51640000008,2925394.8870000001]},"properties":{"OBJECTID":1292,"Zone":"Zone I","STRCTDPTH":1.8780000000000001,"ELEV_GND":3.0710000000000002,"ELEV_INV":1.1930000000000001,"LABEL":"I-MH-48-21","Inastallation_Status":4,"X":410391.51640000008,"Y":2925394.8870000001,"Depth_Class":"1 - 2 m","District":"Al Dawaser"}},{"type":"Feature","id":1293,"geometry":{"type":"Point","coordinates":[410361.92810000014,2925401.4941000007]},"properties":{"OBJECTID":1293,"Zone":"Zone I","STRCTDPTH":1.9729999999999999,"ELEV_GND":3.2629999999999999,"ELEV_INV":1.29,"LABEL":"I-MH-48-22","Inastallation_Status":4,"X":410361.92810000014,"Y":2925401.4941000007,"Depth_Class":"1 - 2 m","District":"Al Dawaser"}},{"type":"Feature","id":1294,"geometry":{"type":"Point","coordinates":[410337.18900000025,2925451.4719999991]},"properties":{"OBJECTID":1294,"Zone":"Zone I","STRCTDPTH":1.8779999999999999,"ELEV_GND":3.1779999999999999,"ELEV_INV":1.3,"LABEL":"I-MH-48-23","Inastallation_Status":4,"X":410337.18900000025,"Y":2925451.4719999991,"Depth_Class":"1 - 2 m","District":"Al Dawaser"}},{"type":"Feature","id":1295,"geometry":{"type":"Point","coordinates":[410390.65460000001,2925378.2256000005]},"properties":{"OBJECTID":1295,"Zone":"Zone I","STRCTDPTH":1.7909999999999999,"ELEV_GND":3.1499999999999999,"ELEV_INV":1.359,"LABEL":"I-MH-48-24","Inastallation_Status":4,"X":410390.65460000001,"Y":2925378.2256000005,"Depth_Class":"1 - 2 m","District":"Al Dawaser"}},{"type":"Feature","id":1296,"geometry":{"type":"Point","coordinates":[410364.42200000025,2925432.7039999999]},"properties":{"OBJECTID":1296,"Zone":"Zone I","STRCTDPTH":1.7649999999999999,"ELEV_GND":3.1549999999999998,"ELEV_INV":1.3899999999999999,"LABEL":"I-MH-48-25","Inastallation_Status":4,"X":410364.42200000025,"Y":2925432.7039999999,"Depth_Class":"1 - 2 m","District":"Al Dawaser"}},{"type":"Feature","id":1297,"geometry":{"type":"Point","coordinates":[410337.79800000042,2925403.8670000006]},"properties":{"OBJECTID":1297,"Zone":"Zone I","STRCTDPTH":1.8340000000000001,"ELEV_GND":3.2730000000000001,"ELEV_INV":1.4390000000000001,"LABEL":"I-MH-48-26","Inastallation_Status":4,"X":410337.79800000042,"Y":2925403.8670000006,"Depth_Class":"1 - 2 m","District":"Al Dawaser"}},{"type":"Feature","id":1298,"geometry":{"type":"Point","coordinates":[410338.95000000019,2925417.9539999999]},"properties":{"OBJECTID":1298,"Zone":"Zone I","STRCTDPTH":1.7650000000000001,"ELEV_GND":3.2490000000000001,"ELEV_INV":1.484,"LABEL":"I-MH-48-27","Inastallation_Status":4,"X":410338.95000000019,"Y":2925417.9539999999,"Depth_Class":"1 - 2 m","District":"Al Dawaser"}},{"type":"Feature","id":1299,"geometry":{"type":"Point","coordinates":[409982.20600000024,2925509]},"properties":{"OBJECTID":1299,"Zone":"Zone I","STRCTDPTH":2.1400000000000001,"ELEV_GND":2.4710000000000001,"ELEV_INV":0.33100000000000002,"LABEL":"I-MH-48-28","Inastallation_Status":1,"X":409982.20600000024,"Y":2925509,"Depth_Class":"2 - 3 m","District":"Al Dawaser"}},{"type":"Feature","id":1300,"geometry":{"type":"Point","coordinates":[410015.98699999973,2925500.6290000007]},"properties":{"OBJECTID":1300,"Zone":"Zone I","STRCTDPTH":2.202,"ELEV_GND":2.6440000000000001,"ELEV_INV":0.442,"LABEL":"I-MH-48-29","Inastallation_Status":1,"X":410015.98699999973,"Y":2925500.6290000007,"Depth_Class":"2 - 3 m","District":"Al Dawaser"}},{"type":"Feature","id":1301,"geometry":{"type":"Point","coordinates":[409945.77649999969,2925658.4227000009]},"properties":{"OBJECTID":1301,"Zone":"Zone I","STRCTDPTH":2.802,"ELEV_GND":2.2989999999999999,"ELEV_INV":-0.503,"LABEL":"I-MH-48-3","Inastallation_Status":1,"X":409945.77649999969,"Y":2925658.4227000009,"Depth_Class":"2 - 3 m","District":"Al Dawaser"}},{"type":"Feature","id":1302,"geometry":{"type":"Point","coordinates":[409977.89130000025,2925651.4330000002]},"properties":{"OBJECTID":1302,"Zone":"Zone I","STRCTDPTH":1.9870000000000001,"ELEV_GND":2.456,"ELEV_INV":0.46899999999999997,"LABEL":"I-MH-48-3-1","Inastallation_Status":1,"X":409977.89130000025,"Y":2925651.4330000002,"Depth_Class":"1 - 2 m","District":"Al Dawaser"}},{"type":"Feature","id":1303,"geometry":{"type":"Point","coordinates":[410020.61239999998,2925643.7751000002]},"properties":{"OBJECTID":1303,"Zone":"Zone I","STRCTDPTH":2.0409999999999999,"ELEV_GND":2.649,"ELEV_INV":0.60799999999999998,"LABEL":"I-MH-48-3-2","Inastallation_Status":1,"X":410020.61239999998,"Y":2925643.7751000002,"Depth_Class":"2 - 3 m","District":"Al Dawaser"}},{"type":"Feature","id":1304,"geometry":{"type":"Point","coordinates":[410071.39699999988,2925635.0580000002]},"properties":{"OBJECTID":1304,"Zone":"Zone I","STRCTDPTH":1.7649999999999997,"ELEV_GND":2.5379999999999998,"ELEV_INV":0.77300000000000002,"LABEL":"I-MH-48-3-3","Inastallation_Status":1,"X":410071.39699999988,"Y":2925635.0580000002,"Depth_Class":"1 - 2 m","District":"Al Dawaser"}},{"type":"Feature","id":1305,"geometry":{"type":"Point","coordinates":[409972.38750000019,2925623.9756000005]},"properties":{"OBJECTID":1305,"Zone":"Zone I","STRCTDPTH":1.7739999999999998,"ELEV_GND":2.5539999999999998,"ELEV_INV":0.78000000000000003,"LABEL":"I-MH-48-3-4","Inastallation_Status":1,"X":409972.38750000019,"Y":2925623.9756000005,"Depth_Class":"1 - 2 m","District":"Al Dawaser"}},{"type":"Feature","id":1306,"geometry":{"type":"Point","coordinates":[410013.18499999959,2925613.3670000006]},"properties":{"OBJECTID":1306,"Zone":"Zone I","STRCTDPTH":1.8239999999999998,"ELEV_GND":2.8079999999999998,"ELEV_INV":0.98399999999999999,"LABEL":"I-MH-48-3-5","Inastallation_Status":1,"X":410013.18499999959,"Y":2925613.3670000006,"Depth_Class":"1 - 2 m","District":"Al Dawaser"}},{"type":"Feature","id":1307,"geometry":{"type":"Point","coordinates":[410061.2910000002,2925491.4210000001]},"properties":{"OBJECTID":1307,"Zone":"Zone I","STRCTDPTH":2.0230000000000001,"ELEV_GND":2.613,"ELEV_INV":0.58999999999999997,"LABEL":"I-MH-48-30","Inastallation_Status":1,"X":410061.2910000002,"Y":2925491.4210000001,"Depth_Class":"2 - 3 m","District":"Al Dawaser"}},{"type":"Feature","id":1308,"geometry":{"type":"Point","coordinates":[410110.10199999996,2925483.7640000004]},"properties":{"OBJECTID":1308,"Zone":"Zone I","STRCTDPTH":1.7649999999999999,"ELEV_GND":2.5129999999999999,"ELEV_INV":0.748,"LABEL":"I-MH-48-31","Inastallation_Status":1,"X":410110.10199999996,"Y":2925483.7640000004,"Depth_Class":"1 - 2 m","District":"Al Dawaser"}},{"type":"Feature","id":1309,"geometry":{"type":"Point","coordinates":[410075.05640000012,2925532.5025999993]},"properties":{"OBJECTID":1309,"Zone":"Zone I","STRCTDPTH":1.7649999999999999,"ELEV_GND":2.5649999999999999,"ELEV_INV":0.80000000000000004,"LABEL":"I-MH-48-32","Inastallation_Status":1,"X":410075.05640000012,"Y":2925532.5025999993,"Depth_Class":"1 - 2 m","District":"Al Dawaser"}},{"type":"Feature","id":1310,"geometry":{"type":"Point","coordinates":[409971.26719999965,2925467.0241999999]},"properties":{"OBJECTID":1310,"Zone":"Zone I","STRCTDPTH":1.8520000000000001,"ELEV_GND":2.6970000000000001,"ELEV_INV":0.84499999999999997,"LABEL":"I-MH-48-33","Inastallation_Status":1,"X":409971.26719999965,"Y":2925467.0241999999,"Depth_Class":"1 - 2 m","District":"Al Dawaser"}},{"type":"Feature","id":1311,"geometry":{"type":"Point","coordinates":[410080.75899999961,2925554.2569999993]},"properties":{"OBJECTID":1311,"Zone":"Zone I","STRCTDPTH":1.778,"ELEV_GND":2.6499999999999999,"ELEV_INV":0.872,"LABEL":"I-MH-48-34","Inastallation_Status":1,"X":410080.75899999961,"Y":2925554.2569999993,"Depth_Class":"1 - 2 m","District":"Al Dawaser"}},{"type":"Feature","id":1312,"geometry":{"type":"Point","coordinates":[410048.56900000013,2925443.9580000006]},"properties":{"OBJECTID":1312,"Zone":"Zone I","STRCTDPTH":1.7650000000000001,"ELEV_GND":2.6850000000000001,"ELEV_INV":0.92000000000000004,"LABEL":"I-MH-48-35","Inastallation_Status":1,"X":410048.56900000013,"Y":2925443.9580000006,"Depth_Class":"1 - 2 m","District":"Al Dawaser"}},{"type":"Feature","id":1313,"geometry":{"type":"Point","coordinates":[410006.16920000035,2925460.3682000004]},"properties":{"OBJECTID":1313,"Zone":"Zone I","STRCTDPTH":1.883,"ELEV_GND":2.895,"ELEV_INV":1.012,"LABEL":"I-MH-48-36","Inastallation_Status":1,"X":410006.16920000035,"Y":2925460.3682000004,"Depth_Class":"1 - 2 m","District":"Al Dawaser"}},{"type":"Feature","id":1314,"geometry":{"type":"Point","coordinates":[410155.44319999963,2925643.7318999991]},"properties":{"OBJECTID":1314,"Zone":"Zone I","STRCTDPTH":2.5,"ELEV_GND":2.3700000000000001,"ELEV_INV":-0.13,"LABEL":"I-MH-48-8","Inastallation_Status":1,"X":410155.44319999963,"Y":2925643.7318999991,"Depth_Class":"2 - 3 m","District":"Al Dawaser"}},{"type":"Feature","id":1315,"geometry":{"type":"Point","coordinates":[410150.02599999961,2925623.8949999996]},"properties":{"OBJECTID":1315,"Zone":"Zone I","STRCTDPTH":2.2389999999999999,"ELEV_GND":2.3279999999999998,"ELEV_INV":0.088999999999999996,"LABEL":"I-MH-48-8-1","Inastallation_Status":1,"X":410150.02599999961,"Y":2925623.8949999996,"Depth_Class":"2 - 3 m","District":"Al Dawaser"}},{"type":"Feature","id":1316,"geometry":{"type":"Point","coordinates":[410095.99870000035,2925630.1346000005]},"properties":{"OBJECTID":1316,"Zone":"Zone I","STRCTDPTH":1.9730000000000003,"ELEV_GND":2.5750000000000002,"ELEV_INV":0.60199999999999998,"LABEL":"I-MH-48-8-1-1","Inastallation_Status":1,"X":410095.99870000035,"Y":2925630.1346000005,"Depth_Class":"1 - 2 m","District":"Al Dawaser"}},{"type":"Feature","id":1317,"geometry":{"type":"Point","coordinates":[410089.12899999972,2925590.3249999993]},"properties":{"OBJECTID":1317,"Zone":"Zone I","STRCTDPTH":2.1470000000000002,"ELEV_GND":2.8780000000000001,"ELEV_INV":0.73099999999999998,"LABEL":"I-MH-48-8-1-2","Inastallation_Status":1,"X":410089.12899999972,"Y":2925590.3249999993,"Depth_Class":"2 - 3 m","District":"Al Dawaser"}},{"type":"Feature","id":1318,"geometry":{"type":"Point","coordinates":[410083.86890000012,2925563.1736999992]},"properties":{"OBJECTID":1318,"Zone":"Zone I","STRCTDPTH":1.798,"ELEV_GND":2.617,"ELEV_INV":0.81899999999999995,"LABEL":"I-MH-48-8-1-3","Inastallation_Status":1,"X":410083.86890000012,"Y":2925563.1736999992,"Depth_Class":"1 - 2 m","District":"Al Dawaser"}},{"type":"Feature","id":1319,"geometry":{"type":"Point","coordinates":[410129.70000000019,2925586.2180000003]},"properties":{"OBJECTID":1319,"Zone":"Zone I","STRCTDPTH":1.7650000000000001,"ELEV_GND":2.649,"ELEV_INV":0.88400000000000001,"LABEL":"I-MH-48-8-1-4","Inastallation_Status":1,"X":410129.70000000019,"Y":2925586.2180000003,"Depth_Class":"1 - 2 m","District":"Al Dawaser"}},{"type":"Feature","id":1320,"geometry":{"type":"Point","coordinates":[410060.91500000004,2925572.5810000002]},"properties":{"OBJECTID":1320,"Zone":"Zone I","STRCTDPTH":1.8330000000000002,"ELEV_GND":2.7650000000000001,"ELEV_INV":0.93200000000000005,"LABEL":"I-MH-48-8-1-5","Inastallation_Status":1,"X":410060.91500000004,"Y":2925572.5810000002,"Depth_Class":"1 - 2 m","District":"Al Dawaser"}},{"type":"Feature","id":1321,"geometry":{"type":"Point","coordinates":[410119.625,2925550.2579999994]},"properties":{"OBJECTID":1321,"Zone":"Zone I","STRCTDPTH":1.7650000000000001,"ELEV_GND":2.706,"ELEV_INV":0.94099999999999995,"LABEL":"I-MH-48-8-1-6","Inastallation_Status":1,"X":410119.625,"Y":2925550.2579999994,"Depth_Class":"1 - 2 m","District":"Al Dawaser"}},{"type":"Feature","id":1322,"geometry":{"type":"Point","coordinates":[410222.2089999998,2925429.9989999998]},"properties":{"OBJECTID":1322,"Zone":"Zone I","STRCTDPTH":1.788,"ELEV_GND":3.137,"ELEV_INV":1.349,"LABEL":"I-MH-48-8-10","Inastallation_Status":1,"X":410222.2089999998,"Y":2925429.9989999998,"Depth_Class":"1 - 2 m","District":"Al Dawaser"}},{"type":"Feature","id":1323,"geometry":{"type":"Point","coordinates":[410237.90699999966,2925423.7699999996]},"properties":{"OBJECTID":1323,"Zone":"Zone I","STRCTDPTH":1.7650000000000001,"ELEV_GND":3.1680000000000001,"ELEV_INV":1.403,"LABEL":"I-MH-48-8-11","Inastallation_Status":1,"X":410237.90699999966,"Y":2925423.7699999996,"Depth_Class":"1 - 2 m","District":"Al Dawaser"}},{"type":"Feature","id":1324,"geometry":{"type":"Point","coordinates":[410141.56500000041,2925573.2880000006]},"properties":{"OBJECTID":1324,"Zone":"Zone I","STRCTDPTH":2.302,"ELEV_GND":2.5550000000000002,"ELEV_INV":0.253,"LABEL":"I-MH-48-8-2","Inastallation_Status":1,"X":410141.56500000041,"Y":2925573.2880000006,"Depth_Class":"2 - 3 m","District":"Al Dawaser"}},{"type":"Feature","id":1325,"geometry":{"type":"Point","coordinates":[410166.1464999998,2925570.0560999997]},"properties":{"OBJECTID":1325,"Zone":"Zone I","STRCTDPTH":1.8849999999999998,"ELEV_GND":2.5779999999999998,"ELEV_INV":0.69299999999999995,"LABEL":"I-MH-48-8-2-1","Inastallation_Status":1,"X":410166.1464999998,"Y":2925570.0560999997,"Depth_Class":"1 - 2 m","District":"Al Dawaser"}},{"type":"Feature","id":1326,"geometry":{"type":"Point","coordinates":[410173.54119999986,2925588.0913999993]},"properties":{"OBJECTID":1326,"Zone":"Zone I","STRCTDPTH":1.7650000000000001,"ELEV_GND":2.52,"ELEV_INV":0.755,"LABEL":"I-MH-48-8-2-2","Inastallation_Status":1,"X":410173.54119999986,"Y":2925588.0913999993,"Depth_Class":"1 - 2 m","District":"Al Dawaser"}},{"type":"Feature","id":1327,"geometry":{"type":"Point","coordinates":[410232.60290000029,2925556.1476000007]},"properties":{"OBJECTID":1327,"Zone":"Zone I","STRCTDPTH":1.974,"ELEV_GND":3.004,"ELEV_INV":1.03,"LABEL":"I-MH-48-8-2-3","Inastallation_Status":1,"X":410232.60290000029,"Y":2925556.1476000007,"Depth_Class":"1 - 2 m","District":"Al Dawaser"}},{"type":"Feature","id":1328,"geometry":{"type":"Point","coordinates":[410132.79000000004,2925534.4000000004]},"properties":{"OBJECTID":1328,"Zone":"Zone I","STRCTDPTH":2.1970000000000001,"ELEV_GND":2.5779999999999998,"ELEV_INV":0.38100000000000001,"LABEL":"I-MH-48-8-3","Inastallation_Status":1,"X":410132.79000000004,"Y":2925534.4000000004,"Depth_Class":"2 - 3 m","District":"Al Dawaser"}},{"type":"Feature","id":1329,"geometry":{"type":"Point","coordinates":[410197.95540000033,2925511.7589999996]},"properties":{"OBJECTID":1329,"Zone":"Zone I","STRCTDPTH":2.23,"ELEV_GND":2.831,"ELEV_INV":0.60099999999999998,"LABEL":"I-MH-48-8-3-1","Inastallation_Status":1,"X":410197.95540000033,"Y":2925511.7589999996,"Depth_Class":"2 - 3 m","District":"Al Dawaser"}},{"type":"Feature","id":1330,"geometry":{"type":"Point","coordinates":[410102.61730000004,2925543.9090999998]},"properties":{"OBJECTID":1330,"Zone":"Zone I","STRCTDPTH":2.1580000000000004,"ELEV_GND":2.8250000000000002,"ELEV_INV":0.66700000000000004,"LABEL":"I-MH-48-8-3-2","Inastallation_Status":1,"X":410102.61730000004,"Y":2925543.9090999998,"Depth_Class":"2 - 3 m","District":"Al Dawaser"}},{"type":"Feature","id":1331,"geometry":{"type":"Point","coordinates":[410183.60599999968,2925467.4360000007]},"properties":{"OBJECTID":1331,"Zone":"Zone I","STRCTDPTH":2.3500000000000001,"ELEV_GND":3.101,"ELEV_INV":0.751,"LABEL":"I-MH-48-8-3-3","Inastallation_Status":1,"X":410183.60599999968,"Y":2925467.4360000007,"Depth_Class":"2 - 3 m","District":"Al Dawaser"}},{"type":"Feature","id":1332,"geometry":{"type":"Point","coordinates":[410095.44720000029,2925508.7938999999]},"properties":{"OBJECTID":1332,"Zone":"Zone I","STRCTDPTH":1.7650000000000001,"ELEV_GND":2.5470000000000002,"ELEV_INV":0.78200000000000003,"LABEL":"I-MH-48-8-3-4","Inastallation_Status":1,"X":410095.44720000029,"Y":2925508.7938999999,"Depth_Class":"1 - 2 m","District":"Al Dawaser"}},{"type":"Feature","id":1333,"geometry":{"type":"Point","coordinates":[410129.91330000013,2925477.7357000001]},"properties":{"OBJECTID":1333,"Zone":"Zone I","STRCTDPTH":1.7639999999999998,"ELEV_GND":2.6899999999999999,"ELEV_INV":0.92600000000000005,"LABEL":"I-MH-48-8-3-5","Inastallation_Status":1,"X":410129.91330000013,"Y":2925477.7357000001,"Depth_Class":"1 - 2 m","District":"Al Dawaser"}},{"type":"Feature","id":1334,"geometry":{"type":"Point","coordinates":[410222.16009999998,2925457.8076000009]},"properties":{"OBJECTID":1334,"Zone":"Zone I","STRCTDPTH":1.9139999999999999,"ELEV_GND":3.0699999999999998,"ELEV_INV":1.1559999999999999,"LABEL":"I-MH-48-8-3-6","Inastallation_Status":1,"X":410222.16009999998,"Y":2925457.8076000009,"Depth_Class":"1 - 2 m","District":"Al Dawaser"}},{"type":"Feature","id":1335,"geometry":{"type":"Point","coordinates":[410260.18929999974,2925500.7302999999]},"properties":{"OBJECTID":1335,"Zone":"Zone I","STRCTDPTH":1.8400000000000001,"ELEV_GND":3.1080000000000001,"ELEV_INV":1.268,"LABEL":"I-MH-48-8-3-7","Inastallation_Status":1,"X":410260.18929999974,"Y":2925500.7302999999,"Depth_Class":"1 - 2 m","District":"Al Dawaser"}},{"type":"Feature","id":1336,"geometry":{"type":"Point","coordinates":[410258.28789999988,2925447.2942999993]},"properties":{"OBJECTID":1336,"Zone":"Zone I","STRCTDPTH":1.8899999999999999,"ELEV_GND":3.1659999999999999,"ELEV_INV":1.276,"LABEL":"I-MH-48-8-3-8","Inastallation_Status":1,"X":410258.28789999988,"Y":2925447.2942999993,"Depth_Class":"1 - 2 m","District":"Al Dawaser"}},{"type":"Feature","id":1337,"geometry":{"type":"Point","coordinates":[410247.53139999975,2925422.7227999996]},"properties":{"OBJECTID":1337,"Zone":"Zone I","STRCTDPTH":1.7649999999999997,"ELEV_GND":3.1269999999999998,"ELEV_INV":1.3620000000000001,"LABEL":"I-MH-48-8-3-9","Inastallation_Status":1,"X":410247.53139999975,"Y":2925422.7227999996,"Depth_Class":"1 - 2 m","District":"Al Dawaser"}},{"type":"Feature","id":1338,"geometry":{"type":"Point","coordinates":[410126.65969999973,2925491.8337999992]},"properties":{"OBJECTID":1338,"Zone":"Zone I","STRCTDPTH":1.897,"ELEV_GND":2.629,"ELEV_INV":0.73199999999999998,"LABEL":"I-MH-48-8-4","Inastallation_Status":1,"X":410126.65969999973,"Y":2925491.8337999992,"Depth_Class":"1 - 2 m","District":"Al Dawaser"}},{"type":"Feature","id":1339,"geometry":{"type":"Point","coordinates":[410120.17800000031,2925455.9030000009]},"properties":{"OBJECTID":1339,"Zone":"Zone I","STRCTDPTH":1.7649999999999999,"ELEV_GND":2.6139999999999999,"ELEV_INV":0.84899999999999998,"LABEL":"I-MH-48-8-5","Inastallation_Status":1,"X":410120.17800000031,"Y":2925455.9030000009,"Depth_Class":"1 - 2 m","District":"Al Dawaser"}},{"type":"Feature","id":1340,"geometry":{"type":"Point","coordinates":[410115.7686999999,2925428.2433000002]},"properties":{"OBJECTID":1340,"Zone":"Zone I","STRCTDPTH":2.0259999999999998,"ELEV_GND":2.9649999999999999,"ELEV_INV":0.93899999999999995,"LABEL":"I-MH-48-8-6","Inastallation_Status":1,"X":410115.7686999999,"Y":2925428.2433000002,"Depth_Class":"2 - 3 m","District":"Al Dawaser"}},{"type":"Feature","id":1341,"geometry":{"type":"Point","coordinates":[410163.83000000007,2925445.7280000001]},"properties":{"OBJECTID":1341,"Zone":"Zone I","STRCTDPTH":2.0110000000000001,"ELEV_GND":3.0030000000000001,"ELEV_INV":0.99199999999999999,"LABEL":"I-MH-48-8-7","Inastallation_Status":1,"X":410163.83000000007,"Y":2925445.7280000001,"Depth_Class":"2 - 3 m","District":"Al Dawaser"}},{"type":"Feature","id":1342,"geometry":{"type":"Point","coordinates":[410185.67499999981,2925438.4670000002]},"properties":{"OBJECTID":1342,"Zone":"Zone I","STRCTDPTH":1.7949999999999999,"ELEV_GND":3.024,"ELEV_INV":1.2290000000000001,"LABEL":"I-MH-48-8-8","Inastallation_Status":1,"X":410185.67499999981,"Y":2925438.4670000002,"Depth_Class":"1 - 2 m","District":"Al Dawaser"}},{"type":"Feature","id":1343,"geometry":{"type":"Point","coordinates":[410167.96999999974,2925457.3116999995]},"properties":{"OBJECTID":1343,"Zone":"Zone I","STRCTDPTH":1.7649999999999999,"ELEV_GND":3.0089999999999999,"ELEV_INV":1.244,"LABEL":"I-MH-48-8-9","Inastallation_Status":1,"X":410167.96999999974,"Y":2925457.3116999995,"Depth_Class":"1 - 2 m","District":"Al Dawaser"}},{"type":"Feature","id":1344,"geometry":{"type":"Point","coordinates":[410225.7435999997,2925623.5154999997]},"properties":{"OBJECTID":1344,"Zone":"Zone I","STRCTDPTH":2.3330000000000002,"ELEV_GND":2.4060000000000001,"ELEV_INV":0.072999999999999995,"LABEL":"I-MH-48-9","Inastallation_Status":1,"X":410225.7435999997,"Y":2925623.5154999997,"Depth_Class":"2 - 3 m","District":"Al Dawaser"}},{"type":"Feature","id":1345,"geometry":{"type":"Point","coordinates":[410215.42200000025,2925585.5150000006]},"properties":{"OBJECTID":1345,"Zone":"Zone I","STRCTDPTH":2.0009999999999999,"ELEV_GND":2.7679999999999998,"ELEV_INV":0.76700000000000002,"LABEL":"I-MH-48-9-1","Inastallation_Status":1,"X":410215.42200000025,"Y":2925585.5150000006,"Depth_Class":"2 - 3 m","District":"Al Dawaser"}},{"type":"Feature","id":1346,"geometry":{"type":"Point","coordinates":[410200.65909999982,2925586.2529000007]},"properties":{"OBJECTID":1346,"Zone":"Zone I","STRCTDPTH":1.7650000000000001,"ELEV_GND":2.653,"ELEV_INV":0.88800000000000001,"LABEL":"I-MH-48-9-2","Inastallation_Status":1,"X":410200.65909999982,"Y":2925586.2529000007,"Depth_Class":"1 - 2 m","District":"Al Dawaser"}},{"type":"Feature","id":1347,"geometry":{"type":"Point","coordinates":[410269.87299999967,2925577.3000000007]},"properties":{"OBJECTID":1347,"Zone":"Zone I","STRCTDPTH":1.7650000000000001,"ELEV_GND":2.8220000000000001,"ELEV_INV":1.0569999999999999,"LABEL":"I-MH-48-9-3","Inastallation_Status":1,"X":410269.87299999967,"Y":2925577.3000000007,"Depth_Class":"1 - 2 m","District":"Al Dawaser"}},{"type":"Feature","id":1348,"geometry":{"type":"Point","coordinates":[409939.09200000018,2925441.6410000008]},"properties":{"OBJECTID":1348,"Zone":"Zone I","STRCTDPTH":3.4460000000000002,"ELEV_GND":2.6850000000000001,"ELEV_INV":-0.76100000000000001,"LABEL":"I-MH-49","Inastallation_Status":1,"X":409939.09200000018,"Y":2925441.6410000008,"Depth_Class":"3 - 4 m","District":"Al Dawaser"}},{"type":"Feature","id":1349,"geometry":{"type":"Point","coordinates":[409928.22699999996,2925441.2300000004]},"properties":{"OBJECTID":1349,"Zone":"Zone I","STRCTDPTH":1.9849999999999999,"ELEV_GND":2.6899999999999999,"ELEV_INV":0.70499999999999996,"LABEL":"I-MH-49-1","Inastallation_Status":1,"X":409928.22699999996,"Y":2925441.2300000004,"Depth_Class":"1 - 2 m","District":"Al Khaleej"}},{"type":"Feature","id":1350,"geometry":{"type":"Point","coordinates":[410336.10699999984,2925375.8369999994]},"properties":{"OBJECTID":1350,"Zone":"Zone I","STRCTDPTH":2.0019999999999998,"ELEV_GND":3.395,"ELEV_INV":1.393,"LABEL":"I-MH-49-10","Inastallation_Status":1,"X":410336.10699999984,"Y":2925375.8369999994,"Depth_Class":"2 - 3 m","District":"Al Dawaser"}},{"type":"Feature","id":1351,"geometry":{"type":"Point","coordinates":[410359.02599999961,2925374.9920000006]},"properties":{"OBJECTID":1351,"Zone":"Zone I","STRCTDPTH":1.7649999999999999,"ELEV_GND":3.2309999999999999,"ELEV_INV":1.466,"LABEL":"I-MH-49-11","Inastallation_Status":1,"X":410359.02599999961,"Y":2925374.9920000006,"Depth_Class":"1 - 2 m","District":"Al Dawaser"}},{"type":"Feature","id":1352,"geometry":{"type":"Point","coordinates":[410335.8356999997,2925400.0131000001]},"properties":{"OBJECTID":1352,"Zone":"Zone I","STRCTDPTH":1.7650000000000001,"ELEV_GND":3.3010000000000002,"ELEV_INV":1.536,"LABEL":"I-MH-49-12","Inastallation_Status":1,"X":410335.8356999997,"Y":2925400.0131000001,"Depth_Class":"1 - 2 m","District":"Al Dawaser"}},{"type":"Feature","id":1353,"geometry":{"type":"Point","coordinates":[409926.39489999972,2925485.3288000003]},"properties":{"OBJECTID":1353,"Zone":"Zone I","STRCTDPTH":1.7640000000000002,"ELEV_GND":2.6110000000000002,"ELEV_INV":0.84699999999999998,"LABEL":"I-MH-49-2","Inastallation_Status":1,"X":409926.39489999972,"Y":2925485.3288000003,"Depth_Class":"1 - 2 m","District":"Al Khaleej"}},{"type":"Feature","id":1354,"geometry":{"type":"Point","coordinates":[409987.32189999986,2925432.7555999998]},"properties":{"OBJECTID":1354,"Zone":"Zone I","STRCTDPTH":2.6149999999999998,"ELEV_GND":2.8759999999999999,"ELEV_INV":0.26100000000000001,"LABEL":"I-MH-49-3","Inastallation_Status":1,"X":409987.32189999986,"Y":2925432.7555999998,"Depth_Class":"2 - 3 m","District":"Al Dawaser"}},{"type":"Feature","id":1355,"geometry":{"type":"Point","coordinates":[410022.14199999999,2925428.9460000005]},"properties":{"OBJECTID":1355,"Zone":"Zone I","STRCTDPTH":2.5,"ELEV_GND":2.8730000000000002,"ELEV_INV":0.373,"LABEL":"I-MH-49-4","Inastallation_Status":1,"X":410022.14199999999,"Y":2925428.9460000005,"Depth_Class":"2 - 3 m","District":"Al Dawaser"}},{"type":"Feature","id":1356,"geometry":{"type":"Point","coordinates":[410066.86259999964,2925419.5771999992]},"properties":{"OBJECTID":1356,"Zone":"Zone I","STRCTDPTH":2.444,"ELEV_GND":2.9630000000000001,"ELEV_INV":0.51900000000000002,"LABEL":"I-MH-49-5","Inastallation_Status":1,"X":410066.86259999964,"Y":2925419.5771999992,"Depth_Class":"2 - 3 m","District":"Al Dawaser"}},{"type":"Feature","id":1357,"geometry":{"type":"Point","coordinates":[410127.86600000039,2925407.9340000004]},"properties":{"OBJECTID":1357,"Zone":"Zone I","STRCTDPTH":2.4710000000000001,"ELEV_GND":3.1890000000000001,"ELEV_INV":0.71799999999999997,"LABEL":"I-MH-49-6","Inastallation_Status":1,"X":410127.86600000039,"Y":2925407.9340000004,"Depth_Class":"2 - 3 m","District":"Al Dawaser"}},{"type":"Feature","id":1358,"geometry":{"type":"Point","coordinates":[410184.02660000045,2925398.4081999995]},"properties":{"OBJECTID":1358,"Zone":"Zone I","STRCTDPTH":2.1920000000000002,"ELEV_GND":3.093,"ELEV_INV":0.90100000000000002,"LABEL":"I-MH-49-7","Inastallation_Status":1,"X":410184.02660000045,"Y":2925398.4081999995,"Depth_Class":"2 - 3 m","District":"Al Dawaser"}},{"type":"Feature","id":1359,"geometry":{"type":"Point","coordinates":[410240.17200000025,2925388.8489999995]},"properties":{"OBJECTID":1359,"Zone":"Zone I","STRCTDPTH":1.9150000000000003,"ELEV_GND":2.9980000000000002,"ELEV_INV":1.083,"LABEL":"I-MH-49-8","Inastallation_Status":1,"X":410240.17200000025,"Y":2925388.8489999995,"Depth_Class":"1 - 2 m","District":"Al Dawaser"}},{"type":"Feature","id":1360,"geometry":{"type":"Point","coordinates":[410256.71499999985,2925385.6769999992]},"properties":{"OBJECTID":1360,"Zone":"Zone I","STRCTDPTH":1.9550000000000001,"ELEV_GND":3.0920000000000001,"ELEV_INV":1.137,"LABEL":"I-MH-49-9","Inastallation_Status":1,"X":410256.71499999985,"Y":2925385.6769999992,"Depth_Class":"1 - 2 m","District":"Al Dawaser"}},{"type":"Feature","id":1361,"geometry":{"type":"Point","coordinates":[409939.44579999987,2925372.7002000008]},"properties":{"OBJECTID":1361,"Zone":"Zone I","STRCTDPTH":3.367,"ELEV_GND":2.6440000000000001,"ELEV_INV":-0.72299999999999998,"LABEL":"I-MH-50","Inastallation_Status":1,"X":409939.44579999987,"Y":2925372.7002000008,"Depth_Class":"3 - 4 m","District":"Al Dawaser"}},{"type":"Feature","id":1362,"geometry":{"type":"Point","coordinates":[409928.50499999989,2925381.0040000007]},"properties":{"OBJECTID":1362,"Zone":"Zone I","STRCTDPTH":1.9900000000000002,"ELEV_GND":2.5950000000000002,"ELEV_INV":0.60499999999999998,"LABEL":"I-MH-50-1","Inastallation_Status":1,"X":409928.50499999989,"Y":2925381.0040000007,"Depth_Class":"1 - 2 m","District":"Al Khaleej"}},{"type":"Feature","id":1363,"geometry":{"type":"Point","coordinates":[409972.90240000002,2925367.7668999992]},"properties":{"OBJECTID":1363,"Zone":"Zone I","STRCTDPTH":2.069,"ELEV_GND":2.7410000000000001,"ELEV_INV":0.67200000000000004,"LABEL":"I-MH-50-17","Inastallation_Status":1,"X":409972.90240000002,"Y":2925367.7668999992,"Depth_Class":"2 - 3 m","District":"Al Dawaser"}},{"type":"Feature","id":1364,"geometry":{"type":"Point","coordinates":[409986.65099999961,2925365.5730000008]},"properties":{"OBJECTID":1364,"Zone":"Zone I","STRCTDPTH":2.0640000000000001,"ELEV_GND":2.7810000000000001,"ELEV_INV":0.71699999999999997,"LABEL":"I-MH-50-18","Inastallation_Status":1,"X":409986.65099999961,"Y":2925365.5730000008,"Depth_Class":"2 - 3 m","District":"Al Dawaser"}},{"type":"Feature","id":1365,"geometry":{"type":"Point","coordinates":[410018.3629999999,2925359.0439999998]},"properties":{"OBJECTID":1365,"Zone":"Zone I","STRCTDPTH":2.0730000000000004,"ELEV_GND":2.8940000000000001,"ELEV_INV":0.82099999999999995,"LABEL":"I-MH-50-19","Inastallation_Status":1,"X":410018.3629999999,"Y":2925359.0439999998,"Depth_Class":"2 - 3 m","District":"Al Dawaser"}},{"type":"Feature","id":1366,"geometry":{"type":"Point","coordinates":[409924.34420000017,2925338.5759999994]},"properties":{"OBJECTID":1366,"Zone":"Zone I","STRCTDPTH":1.9710000000000001,"ELEV_GND":2.7130000000000001,"ELEV_INV":0.74199999999999999,"LABEL":"I-MH-50-2","Inastallation_Status":1,"X":409924.34420000017,"Y":2925338.5759999994,"Depth_Class":"1 - 2 m","District":"Al Khaleej"}},{"type":"Feature","id":1367,"geometry":{"type":"Point","coordinates":[410055.52199999988,2925351.4360000007]},"properties":{"OBJECTID":1367,"Zone":"Zone I","STRCTDPTH":2.101,"ELEV_GND":3.0430000000000001,"ELEV_INV":0.94199999999999995,"LABEL":"I-MH-50-20","Inastallation_Status":1,"X":410055.52199999988,"Y":2925351.4360000007,"Depth_Class":"2 - 3 m","District":"Al Dawaser"}},{"type":"Feature","id":1368,"geometry":{"type":"Point","coordinates":[409974.10089999996,2925417.8653999995]},"properties":{"OBJECTID":1368,"Zone":"Zone I","STRCTDPTH":1.7650000000000001,"ELEV_GND":2.766,"ELEV_INV":1.0009999999999999,"LABEL":"I-MH-50-21","Inastallation_Status":1,"X":409974.10089999996,"Y":2925417.8653999995,"Depth_Class":"1 - 2 m","District":"Al Dawaser"}},{"type":"Feature","id":1369,"geometry":{"type":"Point","coordinates":[410025.20110000018,2925405.7042999994]},"properties":{"OBJECTID":1369,"Zone":"Zone I","STRCTDPTH":1.7649999999999999,"ELEV_GND":2.847,"ELEV_INV":1.0820000000000001,"LABEL":"I-MH-50-22","Inastallation_Status":1,"X":410025.20110000018,"Y":2925405.7042999994,"Depth_Class":"1 - 2 m","District":"Al Dawaser"}},{"type":"Feature","id":1370,"geometry":{"type":"Point","coordinates":[410051.65510000009,2925297.7363000009]},"properties":{"OBJECTID":1370,"Zone":"Zone I","STRCTDPTH":1.8779999999999999,"ELEV_GND":2.992,"ELEV_INV":1.1140000000000001,"LABEL":"I-MH-50-23","Inastallation_Status":1,"X":410051.65510000009,"Y":2925297.7363000009,"Depth_Class":"1 - 2 m","District":"Al Dawaser"}},{"type":"Feature","id":1371,"geometry":{"type":"Point","coordinates":[409991.26040000003,2925419.2533999998]},"properties":{"OBJECTID":1371,"Zone":"Zone I","STRCTDPTH":1.7650000000000001,"ELEV_GND":2.8820000000000001,"ELEV_INV":1.117,"LABEL":"I-MH-50-24","Inastallation_Status":1,"X":409991.26040000003,"Y":2925419.2533999998,"Depth_Class":"1 - 2 m","District":"Al Dawaser"}},{"type":"Feature","id":1372,"geometry":{"type":"Point","coordinates":[410087.57490000036,2925344.0320999995]},"properties":{"OBJECTID":1372,"Zone":"Zone I","STRCTDPTH":1.7650000000000001,"ELEV_GND":2.9460000000000002,"ELEV_INV":1.181,"LABEL":"I-MH-50-25","Inastallation_Status":1,"X":410087.57490000036,"Y":2925344.0320999995,"Depth_Class":"1 - 2 m","District":"Al Dawaser"}},{"type":"Feature","id":1373,"geometry":{"type":"Point","coordinates":[410025.14199999999,2925301.057]},"properties":{"OBJECTID":1373,"Zone":"Zone I","STRCTDPTH":1.8710000000000002,"ELEV_GND":3.0710000000000002,"ELEV_INV":1.2,"LABEL":"I-MH-50-26","Inastallation_Status":1,"X":410025.14199999999,"Y":2925301.057,"Depth_Class":"1 - 2 m","District":"Al Dawaser"}},{"type":"Feature","id":1374,"geometry":{"type":"Point","coordinates":[410061.17009999976,2925392.1393999998]},"properties":{"OBJECTID":1374,"Zone":"Zone I","STRCTDPTH":1.7649999999999999,"ELEV_GND":3.0179999999999998,"ELEV_INV":1.2529999999999999,"LABEL":"I-MH-50-27","Inastallation_Status":1,"X":410061.17009999976,"Y":2925392.1393999998,"Depth_Class":"1 - 2 m","District":"Al Dawaser"}},{"type":"Feature","id":1375,"geometry":{"type":"Point","coordinates":[410000.87339999992,2925304.1081000008]},"properties":{"OBJECTID":1375,"Zone":"Zone I","STRCTDPTH":1.7650000000000001,"ELEV_GND":3.0430000000000001,"ELEV_INV":1.278,"LABEL":"I-MH-50-28","Inastallation_Status":1,"X":410000.87339999992,"Y":2925304.1081000008,"Depth_Class":"1 - 2 m","District":"Al Dawaser"}},{"type":"Feature","id":1376,"geometry":{"type":"Point","coordinates":[410050.05850000028,2925269.7291999999]},"properties":{"OBJECTID":1376,"Zone":"Zone I","STRCTDPTH":1.7650000000000001,"ELEV_GND":3.0590000000000002,"ELEV_INV":1.294,"LABEL":"I-MH-50-29","Inastallation_Status":1,"X":410050.05850000028,"Y":2925269.7291999999,"Depth_Class":"1 - 2 m","District":"Al Dawaser"}},{"type":"Feature","id":1377,"geometry":{"type":"Point","coordinates":[409923.78199999966,2925304.6040000003]},"properties":{"OBJECTID":1377,"Zone":"Zone I","STRCTDPTH":1.927,"ELEV_GND":2.778,"ELEV_INV":0.85099999999999998,"LABEL":"I-MH-50-3","Inastallation_Status":1,"X":409923.78199999966,"Y":2925304.6040000003,"Depth_Class":"1 - 2 m","District":"Al Khaleej"}},{"type":"Feature","id":1378,"geometry":{"type":"Point","coordinates":[409930.22400000039,2925431.6449999996]},"properties":{"OBJECTID":1378,"Zone":"Zone I","STRCTDPTH":1.7649999999999999,"ELEV_GND":2.6179999999999999,"ELEV_INV":0.85299999999999998,"LABEL":"I-MH-50-4","Inastallation_Status":1,"X":409930.22400000039,"Y":2925431.6449999996,"Depth_Class":"1 - 2 m","District":"Al Khaleej"}},{"type":"Feature","id":1379,"geometry":{"type":"Point","coordinates":[409922.64570000023,2925282.1642000005]},"properties":{"OBJECTID":1379,"Zone":"Zone I","STRCTDPTH":1.7929999999999997,"ELEV_GND":2.7149999999999999,"ELEV_INV":0.92200000000000004,"LABEL":"I-MH-50-5","Inastallation_Status":1,"X":409922.64570000023,"Y":2925282.1642000005,"Depth_Class":"1 - 2 m","District":"Al Khaleej"}},{"type":"Feature","id":1380,"geometry":{"type":"Point","coordinates":[409921.40919999965,2925236.2410000004]},"properties":{"OBJECTID":1380,"Zone":"Zone I","STRCTDPTH":1.7650000000000001,"ELEV_GND":2.8340000000000001,"ELEV_INV":1.069,"LABEL":"I-MH-50-6","Inastallation_Status":1,"X":409921.40919999965,"Y":2925236.2410000004,"Depth_Class":"1 - 2 m","District":"Al Khaleej"}},{"type":"Feature","id":1381,"geometry":{"type":"Point","coordinates":[409995.6484000003,2925259.9353999998]},"properties":{"OBJECTID":1381,"Zone":"Zone I","STRCTDPTH":2.7720000000000002,"ELEV_GND":2.8900000000000001,"ELEV_INV":0.11799999999999999,"LABEL":"I-MH-51-1","Inastallation_Status":1,"X":409995.6484000003,"Y":2925259.9353999998,"Depth_Class":"2 - 3 m","District":"Al Dawaser"}},{"type":"Feature","id":1382,"geometry":{"type":"Point","coordinates":[409995.98020000011,2925309.6142999995]},"properties":{"OBJECTID":1382,"Zone":"Zone I","STRCTDPTH":2.1100000000000003,"ELEV_GND":3.048,"ELEV_INV":0.93799999999999994,"LABEL":"I-MH-51-1-1","Inastallation_Status":1,"X":409995.98020000011,"Y":2925309.6142999995,"Depth_Class":"2 - 3 m","District":"Al Dawaser"}},{"type":"Feature","id":1383,"geometry":{"type":"Point","coordinates":[409951.06400000025,2925315.9388999995]},"properties":{"OBJECTID":1383,"Zone":"Zone I","STRCTDPTH":1.7649999999999999,"ELEV_GND":2.8479999999999999,"ELEV_INV":1.083,"LABEL":"I-MH-51-1-2","Inastallation_Status":1,"X":409951.06400000025,"Y":2925315.9388999995,"Depth_Class":"1 - 2 m","District":"Al Dawaser"}},{"type":"Feature","id":1384,"geometry":{"type":"Point","coordinates":[409995.77819999959,2925359.4477999993]},"properties":{"OBJECTID":1384,"Zone":"Zone I","STRCTDPTH":1.7650000000000001,"ELEV_GND":2.8690000000000002,"ELEV_INV":1.1040000000000001,"LABEL":"I-MH-51-1-3","Inastallation_Status":1,"X":409995.77819999959,"Y":2925359.4477999993,"Depth_Class":"1 - 2 m","District":"Al Dawaser"}},{"type":"Feature","id":1385,"geometry":{"type":"Point","coordinates":[410285.90699999966,2925348.7559999991]},"properties":{"OBJECTID":1385,"Zone":"Zone I","STRCTDPTH":2.0249999999999999,"ELEV_GND":3.2669999999999999,"ELEV_INV":1.242,"LABEL":"I-MH-51-10","Inastallation_Status":1,"X":410285.90699999966,"Y":2925348.7559999991,"Depth_Class":"2 - 3 m","District":"Al Dawaser"}},{"type":"Feature","id":1386,"geometry":{"type":"Point","coordinates":[410257.65780000016,2925349.5679000001]},"properties":{"OBJECTID":1386,"Zone":"Zone I","STRCTDPTH":1.7649999999999999,"ELEV_GND":3.0979999999999999,"ELEV_INV":1.333,"LABEL":"I-MH-51-11","Inastallation_Status":1,"X":410257.65780000016,"Y":2925349.5679000001,"Depth_Class":"1 - 2 m","District":"Al Dawaser"}},{"type":"Feature","id":1387,"geometry":{"type":"Point","coordinates":[410235.26410000026,2925324.5008000005]},"properties":{"OBJECTID":1387,"Zone":"Zone I","STRCTDPTH":1.7650000000000001,"ELEV_GND":3.2010000000000001,"ELEV_INV":1.4359999999999999,"LABEL":"I-MH-51-12","Inastallation_Status":1,"X":410235.26410000026,"Y":2925324.5008000005,"Depth_Class":"1 - 2 m","District":"Al Dawaser"}},{"type":"Feature","id":1388,"geometry":{"type":"Point","coordinates":[410290.875,2925372.5240000002]},"properties":{"OBJECTID":1388,"Zone":"Zone I","STRCTDPTH":1.7649999999999999,"ELEV_GND":3.202,"ELEV_INV":1.4370000000000001,"LABEL":"I-MH-51-13","Inastallation_Status":1,"X":410290.875,"Y":2925372.5240000002,"Depth_Class":"1 - 2 m","District":"Al Dawaser"}},{"type":"Feature","id":1389,"geometry":{"type":"Point","coordinates":[410319.8339999998,2925275.1600000001]},"properties":{"OBJECTID":1389,"Zone":"Zone I","STRCTDPTH":2.1260000000000003,"ELEV_GND":3.5880000000000001,"ELEV_INV":1.462,"LABEL":"I-MH-51-14","Inastallation_Status":1,"X":410319.8339999998,"Y":2925275.1600000001,"Depth_Class":"2 - 3 m","District":"Al Dawaser"}},{"type":"Feature","id":1390,"geometry":{"type":"Point","coordinates":[410332.60900000017,2925343.4729999993]},"properties":{"OBJECTID":1390,"Zone":"Zone I","STRCTDPTH":1.7940000000000003,"ELEV_GND":3.3490000000000002,"ELEV_INV":1.5549999999999999,"LABEL":"I-MH-51-15","Inastallation_Status":1,"X":410332.60900000017,"Y":2925343.4729999993,"Depth_Class":"1 - 2 m","District":"Al Dawaser"}},{"type":"Feature","id":1391,"geometry":{"type":"Point","coordinates":[410324.75700000022,2925308.6459999997]},"properties":{"OBJECTID":1391,"Zone":"Zone I","STRCTDPTH":1.8520000000000001,"ELEV_GND":3.427,"ELEV_INV":1.575,"LABEL":"I-MH-51-16","Inastallation_Status":1,"X":410324.75700000022,"Y":2925308.6459999997,"Depth_Class":"1 - 2 m","District":"Al Dawaser"}},{"type":"Feature","id":1392,"geometry":{"type":"Point","coordinates":[410334.33370000031,2925359.4082999993]},"properties":{"OBJECTID":1392,"Zone":"Zone I","STRCTDPTH":1.7649999999999999,"ELEV_GND":3.3719999999999999,"ELEV_INV":1.607,"LABEL":"I-MH-51-17","Inastallation_Status":1,"X":410334.33370000031,"Y":2925359.4082999993,"Depth_Class":"1 - 2 m","District":"Al Dawaser"}},{"type":"Feature","id":1393,"geometry":{"type":"Point","coordinates":[410313.30649999995,2925239.6219999995]},"properties":{"OBJECTID":1393,"Zone":"Zone I","STRCTDPTH":1.8729999999999998,"ELEV_GND":3.5499999999999998,"ELEV_INV":1.677,"LABEL":"I-MH-51-18","Inastallation_Status":1,"X":410313.30649999995,"Y":2925239.6219999995,"Depth_Class":"1 - 2 m","District":"Al Dawaser"}},{"type":"Feature","id":1394,"geometry":{"type":"Point","coordinates":[410342.06219999958,2925268.9204999991]},"properties":{"OBJECTID":1394,"Zone":"Zone I","STRCTDPTH":1.7649999999999999,"ELEV_GND":3.4649999999999999,"ELEV_INV":1.7,"LABEL":"I-MH-51-19","Inastallation_Status":1,"X":410342.06219999958,"Y":2925268.9204999991,"Depth_Class":"1 - 2 m","District":"Al Dawaser"}},{"type":"Feature","id":1395,"geometry":{"type":"Point","coordinates":[410081.18520000018,2925240.4315000009]},"properties":{"OBJECTID":1395,"Zone":"Zone I","STRCTDPTH":2.7960000000000003,"ELEV_GND":3.0670000000000002,"ELEV_INV":0.27100000000000002,"LABEL":"I-MH-51-2","Inastallation_Status":1,"X":410081.18520000018,"Y":2925240.4315000009,"Depth_Class":"2 - 3 m","District":"Al Dawaser"}},{"type":"Feature","id":1396,"geometry":{"type":"Point","coordinates":[410089.71800000034,2925289.1699999999]},"properties":{"OBJECTID":1396,"Zone":"Zone I","STRCTDPTH":1.9660000000000002,"ELEV_GND":2.8740000000000001,"ELEV_INV":0.90800000000000003,"LABEL":"I-MH-51-2-1","Inastallation_Status":1,"X":410089.71800000034,"Y":2925289.1699999999,"Depth_Class":"1 - 2 m","District":"Al Dawaser"}},{"type":"Feature","id":1397,"geometry":{"type":"Point","coordinates":[410100.51979999989,2925334.1358000003]},"properties":{"OBJECTID":1397,"Zone":"Zone I","STRCTDPTH":1.919,"ELEV_GND":2.9750000000000001,"ELEV_INV":1.056,"LABEL":"I-MH-51-2-2","Inastallation_Status":1,"X":410100.51979999989,"Y":2925334.1358000003,"Depth_Class":"1 - 2 m","District":"Al Dawaser"}},{"type":"Feature","id":1398,"geometry":{"type":"Point","coordinates":[410102.09059999976,2925362.9275000002]},"properties":{"OBJECTID":1398,"Zone":"Zone I","STRCTDPTH":1.8560000000000001,"ELEV_GND":3.004,"ELEV_INV":1.1479999999999999,"LABEL":"I-MH-51-2-3","Inastallation_Status":1,"X":410102.09059999976,"Y":2925362.9275000002,"Depth_Class":"1 - 2 m","District":"Al Dawaser"}},{"type":"Feature","id":1399,"geometry":{"type":"Point","coordinates":[410118.00169999991,2925281.8300000001]},"properties":{"OBJECTID":1399,"Zone":"Zone I","STRCTDPTH":1.7849999999999999,"ELEV_GND":2.988,"ELEV_INV":1.2030000000000001,"LABEL":"I-MH-51-2-4","Inastallation_Status":1,"X":410118.00169999991,"Y":2925281.8300000001,"Depth_Class":"1 - 2 m","District":"Al Dawaser"}},{"type":"Feature","id":1400,"geometry":{"type":"Point","coordinates":[410105.54949999973,2925384.9112999998]},"properties":{"OBJECTID":1400,"Zone":"Zone I","STRCTDPTH":1.8400000000000001,"ELEV_GND":3.0600000000000001,"ELEV_INV":1.22,"LABEL":"I-MH-51-2-5","Inastallation_Status":1,"X":410105.54949999973,"Y":2925384.9112999998,"Depth_Class":"1 - 2 m","District":"Al Dawaser"}},{"type":"Feature","id":1401,"geometry":{"type":"Point","coordinates":[410139.53359999973,2925278.7763]},"properties":{"OBJECTID":1401,"Zone":"Zone I","STRCTDPTH":1.7700000000000002,"ELEV_GND":3.0630000000000002,"ELEV_INV":1.2929999999999999,"LABEL":"I-MH-51-2-6","Inastallation_Status":1,"X":410139.53359999973,"Y":2925278.7763,"Depth_Class":"1 - 2 m","District":"Al Dawaser"}},{"type":"Feature","id":1402,"geometry":{"type":"Point","coordinates":[410113.68230000045,2925258.2567999996]},"properties":{"OBJECTID":1402,"Zone":"Zone I","STRCTDPTH":1.7849999999999999,"ELEV_GND":3.085,"ELEV_INV":1.3,"LABEL":"I-MH-51-2-7","Inastallation_Status":1,"X":410113.68230000045,"Y":2925258.2567999996,"Depth_Class":"1 - 2 m","District":"Al Dawaser"}},{"type":"Feature","id":1403,"geometry":{"type":"Point","coordinates":[410108.87000000011,2925402.9749999996]},"properties":{"OBJECTID":1403,"Zone":"Zone I","STRCTDPTH":1.7649999999999999,"ELEV_GND":3.109,"ELEV_INV":1.3440000000000001,"LABEL":"I-MH-51-2-8","Inastallation_Status":1,"X":410108.87000000011,"Y":2925402.9749999996,"Depth_Class":"1 - 2 m","District":"Al Dawaser"}},{"type":"Feature","id":1404,"geometry":{"type":"Point","coordinates":[410153.44969999976,2925378.2413999997]},"properties":{"OBJECTID":1404,"Zone":"Zone I","STRCTDPTH":1.7649999999999997,"ELEV_GND":3.1389999999999998,"ELEV_INV":1.3740000000000001,"LABEL":"I-MH-51-2-9","Inastallation_Status":1,"X":410153.44969999976,"Y":2925378.2413999997,"Depth_Class":"1 - 2 m","District":"Al Dawaser"}},{"type":"Feature","id":1405,"geometry":{"type":"Point","coordinates":[410309.02099999972,2925212.3707999997]},"properties":{"OBJECTID":1405,"Zone":"Zone I","STRCTDPTH":1.7649999999999999,"ELEV_GND":3.5299999999999998,"ELEV_INV":1.7649999999999999,"LABEL":"I-MH-51-20","Inastallation_Status":1,"X":410309.02099999972,"Y":2925212.3707999997,"Depth_Class":"1 - 2 m","District":"Al Dawaser"}},{"type":"Feature","id":1406,"geometry":{"type":"Point","coordinates":[410136.7237999998,2925233.4420999996]},"properties":{"OBJECTID":1406,"Zone":"Zone I","STRCTDPTH":2.7199999999999998,"ELEV_GND":3.089,"ELEV_INV":0.36899999999999999,"LABEL":"I-MH-51-3","Inastallation_Status":1,"X":410136.7237999998,"Y":2925233.4420999996,"Depth_Class":"2 - 3 m","District":"Al Dawaser"}},{"type":"Feature","id":1407,"geometry":{"type":"Point","coordinates":[410149.07299999986,2925281.852]},"properties":{"OBJECTID":1407,"Zone":"Zone I","STRCTDPTH":2.2879999999999998,"ELEV_GND":3.097,"ELEV_INV":0.80900000000000005,"LABEL":"I-MH-51-3-1","Inastallation_Status":1,"X":410149.07299999986,"Y":2925281.852,"Depth_Class":"2 - 3 m","District":"Al Dawaser"}},{"type":"Feature","id":1408,"geometry":{"type":"Point","coordinates":[410171.83279999997,2925277.4322999995]},"properties":{"OBJECTID":1408,"Zone":"Zone I","STRCTDPTH":2.383,"ELEV_GND":3.323,"ELEV_INV":0.93999999999999995,"LABEL":"I-MH-51-3-1-1","Inastallation_Status":1,"X":410171.83279999997,"Y":2925277.4322999995,"Depth_Class":"2 - 3 m","District":"Al Dawaser"}},{"type":"Feature","id":1409,"geometry":{"type":"Point","coordinates":[410173.58800000045,2925294.3039999995]},"properties":{"OBJECTID":1409,"Zone":"Zone I","STRCTDPTH":2.3780000000000001,"ELEV_GND":3.3719999999999999,"ELEV_INV":0.99399999999999999,"LABEL":"I-MH-51-3-1-2","Inastallation_Status":1,"X":410173.58800000045,"Y":2925294.3039999995,"Depth_Class":"2 - 3 m","District":"Al Dawaser"}},{"type":"Feature","id":1410,"geometry":{"type":"Point","coordinates":[410176.85699999984,2925310.3489999995]},"properties":{"OBJECTID":1410,"Zone":"Zone I","STRCTDPTH":2.2679999999999998,"ELEV_GND":3.3140000000000001,"ELEV_INV":1.046,"LABEL":"I-MH-51-3-1-3","Inastallation_Status":1,"X":410176.85699999984,"Y":2925310.3489999995,"Depth_Class":"2 - 3 m","District":"Al Dawaser"}},{"type":"Feature","id":1411,"geometry":{"type":"Point","coordinates":[410227.76070000045,2925298.4529999997]},"properties":{"OBJECTID":1411,"Zone":"Zone I","STRCTDPTH":1.9870000000000001,"ELEV_GND":3.2010000000000001,"ELEV_INV":1.214,"LABEL":"I-MH-51-3-1-4","Inastallation_Status":1,"X":410227.76070000045,"Y":2925298.4529999997,"Depth_Class":"1 - 2 m","District":"Al Dawaser"}},{"type":"Feature","id":1412,"geometry":{"type":"Point","coordinates":[410218.33069999982,2925270.8829999994]},"properties":{"OBJECTID":1412,"Zone":"Zone I","STRCTDPTH":1.9129999999999998,"ELEV_GND":3.1789999999999998,"ELEV_INV":1.266,"LABEL":"I-MH-51-3-1-5","Inastallation_Status":1,"X":410218.33069999982,"Y":2925270.8829999994,"Depth_Class":"1 - 2 m","District":"Al Dawaser"}},{"type":"Feature","id":1413,"geometry":{"type":"Point","coordinates":[410266.73060000036,2925291.2401999999]},"properties":{"OBJECTID":1413,"Zone":"Zone I","STRCTDPTH":1.764,"ELEV_GND":3.105,"ELEV_INV":1.341,"LABEL":"I-MH-51-3-1-6","Inastallation_Status":1,"X":410266.73060000036,"Y":2925291.2401999999,"Depth_Class":"1 - 2 m","District":"Al Dawaser"}},{"type":"Feature","id":1414,"geometry":{"type":"Point","coordinates":[410213.92410000041,2925234.3312999997]},"properties":{"OBJECTID":1414,"Zone":"Zone I","STRCTDPTH":1.7650000000000001,"ELEV_GND":3.149,"ELEV_INV":1.3839999999999999,"LABEL":"I-MH-51-3-1-7","Inastallation_Status":1,"X":410213.92410000041,"Y":2925234.3312999997,"Depth_Class":"1 - 2 m","District":"Al Dawaser"}},{"type":"Feature","id":1415,"geometry":{"type":"Point","coordinates":[410165.7285000002,2925243.9688000008]},"properties":{"OBJECTID":1415,"Zone":"Zone I","STRCTDPTH":1.7649999999999999,"ELEV_GND":3.3919999999999999,"ELEV_INV":1.627,"LABEL":"I-MH-51-3-1-8","Inastallation_Status":1,"X":410165.7285000002,"Y":2925243.9688000008,"Depth_Class":"1 - 2 m","District":"Al Dawaser"}},{"type":"Feature","id":1416,"geometry":{"type":"Point","coordinates":[410159.73919999972,2925332.7274999991]},"properties":{"OBJECTID":1416,"Zone":"Zone I","STRCTDPTH":2.0049999999999999,"ELEV_GND":2.98,"ELEV_INV":0.97499999999999998,"LABEL":"I-MH-51-3-2","Inastallation_Status":1,"X":410159.73919999972,"Y":2925332.7274999991,"Depth_Class":"2 - 3 m","District":"Al Dawaser"}},{"type":"Feature","id":1417,"geometry":{"type":"Point","coordinates":[410179.17370000016,2925331.0833000001]},"properties":{"OBJECTID":1417,"Zone":"Zone I","STRCTDPTH":1.974,"ELEV_GND":3.2509999999999999,"ELEV_INV":1.2769999999999999,"LABEL":"I-MH-51-3-2-1","Inastallation_Status":1,"X":410179.17370000016,"Y":2925331.0833000001,"Depth_Class":"1 - 2 m","District":"Al Dawaser"}},{"type":"Feature","id":1418,"geometry":{"type":"Point","coordinates":[410135.31599999964,2925336.4670000002]},"properties":{"OBJECTID":1418,"Zone":"Zone I","STRCTDPTH":1.9140000000000001,"ELEV_GND":3.2080000000000002,"ELEV_INV":1.294,"LABEL":"I-MH-51-3-2-2","Inastallation_Status":1,"X":410135.31599999964,"Y":2925336.4670000002,"Depth_Class":"1 - 2 m","District":"Al Dawaser"}},{"type":"Feature","id":1419,"geometry":{"type":"Point","coordinates":[410203.80370000005,2925329.7683000006]},"properties":{"OBJECTID":1419,"Zone":"Zone I","STRCTDPTH":1.861,"ELEV_GND":3.222,"ELEV_INV":1.361,"LABEL":"I-MH-51-3-2-3","Inastallation_Status":1,"X":410203.80370000005,"Y":2925329.7683000006,"Depth_Class":"1 - 2 m","District":"Al Dawaser"}},{"type":"Feature","id":1420,"geometry":{"type":"Point","coordinates":[410113.49600000028,2925341.0539999995]},"properties":{"OBJECTID":1420,"Zone":"Zone I","STRCTDPTH":1.7649999999999999,"ELEV_GND":3.1419999999999999,"ELEV_INV":1.377,"LABEL":"I-MH-51-3-2-4","Inastallation_Status":1,"X":410113.49600000028,"Y":2925341.0539999995,"Depth_Class":"1 - 2 m","District":"Al Dawaser"}},{"type":"Feature","id":1421,"geometry":{"type":"Point","coordinates":[410227.24450000003,2925327.4548000004]},"properties":{"OBJECTID":1421,"Zone":"Zone I","STRCTDPTH":1.7649999999999999,"ELEV_GND":3.202,"ELEV_INV":1.4370000000000001,"LABEL":"I-MH-51-3-2-5","Inastallation_Status":1,"X":410227.24450000003,"Y":2925327.4548000004,"Depth_Class":"1 - 2 m","District":"Al Dawaser"}},{"type":"Feature","id":1422,"geometry":{"type":"Point","coordinates":[410166.38499999978,2925357.9780000001]},"properties":{"OBJECTID":1422,"Zone":"Zone I","STRCTDPTH":2.0049999999999999,"ELEV_GND":3.0630000000000002,"ELEV_INV":1.0580000000000001,"LABEL":"I-MH-51-3-3","Inastallation_Status":1,"X":410166.38499999978,"Y":2925357.9780000001,"Depth_Class":"2 - 3 m","District":"Al Dawaser"}},{"type":"Feature","id":1423,"geometry":{"type":"Point","coordinates":[410190.97300000023,2925354.3840999994]},"properties":{"OBJECTID":1423,"Zone":"Zone I","STRCTDPTH":2.105,"ELEV_GND":3.2429999999999999,"ELEV_INV":1.1379999999999999,"LABEL":"I-MH-51-3-3-1","Inastallation_Status":1,"X":410190.97300000023,"Y":2925354.3840999994,"Depth_Class":"2 - 3 m","District":"Al Dawaser"}},{"type":"Feature","id":1424,"geometry":{"type":"Point","coordinates":[410217.29370000027,2925351.2783000004]},"properties":{"OBJECTID":1424,"Zone":"Zone I","STRCTDPTH":1.917,"ELEV_GND":3.1400000000000001,"ELEV_INV":1.2230000000000001,"LABEL":"I-MH-51-3-3-2","Inastallation_Status":1,"X":410217.29370000027,"Y":2925351.2783000004,"Depth_Class":"1 - 2 m","District":"Al Dawaser"}},{"type":"Feature","id":1425,"geometry":{"type":"Point","coordinates":[410252.96449999977,2925350.0482000001]},"properties":{"OBJECTID":1425,"Zone":"Zone I","STRCTDPTH":1.7649999999999999,"ELEV_GND":3.1019999999999999,"ELEV_INV":1.337,"LABEL":"I-MH-51-3-3-3","Inastallation_Status":1,"X":410252.96449999977,"Y":2925350.0482000001,"Depth_Class":"1 - 2 m","District":"Al Dawaser"}},{"type":"Feature","id":1426,"geometry":{"type":"Point","coordinates":[410170.63590000011,2925394.1375999991]},"properties":{"OBJECTID":1426,"Zone":"Zone I","STRCTDPTH":1.8639999999999999,"ELEV_GND":3.2789999999999999,"ELEV_INV":1.415,"LABEL":"I-MH-51-3-7","Inastallation_Status":1,"X":410170.63590000011,"Y":2925394.1375999991,"Depth_Class":"1 - 2 m","District":"Al Dawaser"}},{"type":"Feature","id":1427,"geometry":{"type":"Point","coordinates":[410256.61710000038,2925204.9210000001]},"properties":{"OBJECTID":1427,"Zone":"Zone I","STRCTDPTH":2.1440000000000001,"ELEV_GND":2.8679999999999999,"ELEV_INV":0.72399999999999998,"LABEL":"I-MH-51-5","Inastallation_Status":1,"X":410256.61710000038,"Y":2925204.9210000001,"Depth_Class":"2 - 3 m","District":"Al Dawaser"}},{"type":"Feature","id":1428,"geometry":{"type":"Point","coordinates":[410264.65629999992,2925247.0147999991]},"properties":{"OBJECTID":1428,"Zone":"Zone I","STRCTDPTH":2.0819999999999999,"ELEV_GND":2.992,"ELEV_INV":0.91000000000000003,"LABEL":"I-MH-51-6","Inastallation_Status":1,"X":410264.65629999992,"Y":2925247.0147999991,"Depth_Class":"2 - 3 m","District":"Al Dawaser"}},{"type":"Feature","id":1429,"geometry":{"type":"Point","coordinates":[410273.16199999955,2925285.5150000006]},"properties":{"OBJECTID":1429,"Zone":"Zone I","STRCTDPTH":2.0379999999999998,"ELEV_GND":3.0739999999999998,"ELEV_INV":1.036,"LABEL":"I-MH-51-7","Inastallation_Status":1,"X":410273.16199999955,"Y":2925285.5150000006,"Depth_Class":"2 - 3 m","District":"Al Dawaser"}},{"type":"Feature","id":1430,"geometry":{"type":"Point","coordinates":[410333.60580000002,2925192.4690000005]},"properties":{"OBJECTID":1430,"Zone":"Zone I","STRCTDPTH":1.8259999999999998,"ELEV_GND":2.8799999999999999,"ELEV_INV":1.054,"LABEL":"I-MH-51-8","Inastallation_Status":1,"X":410333.60580000002,"Y":2925192.4690000005,"Depth_Class":"1 - 2 m","District":"Al Dawaser"}},{"type":"Feature","id":1431,"geometry":{"type":"Point","coordinates":[410279.75899999961,2925317.7550000008]},"properties":{"OBJECTID":1431,"Zone":"Zone I","STRCTDPTH":2.052,"ELEV_GND":3.1930000000000001,"ELEV_INV":1.141,"LABEL":"I-MH-51-9","Inastallation_Status":1,"X":410279.75899999961,"Y":2925317.7550000008,"Depth_Class":"2 - 3 m","District":"Al Dawaser"}},{"type":"Feature","id":1432,"geometry":{"type":"Point","coordinates":[409932.20019999985,2925193.8958999999]},"properties":{"OBJECTID":1432,"Zone":"Zone I","STRCTDPTH":3.6320000000000001,"ELEV_GND":3.008,"ELEV_INV":-0.624,"LABEL":"I-MH-52","Inastallation_Status":1,"X":409932.20019999985,"Y":2925193.8958999999,"Depth_Class":"3 - 4 m","District":"Al Dawaser"}},{"type":"Feature","id":1433,"geometry":{"type":"Point","coordinates":[409924.37249999959,2925193.5343999993]},"properties":{"OBJECTID":1433,"Zone":"Zone I","STRCTDPTH":1.8039999999999998,"ELEV_GND":3.0019999999999998,"ELEV_INV":1.198,"LABEL":"I-MH-52-1","Inastallation_Status":1,"X":409924.37249999959,"Y":2925193.5343999993,"Depth_Class":"1 - 2 m","District":"Al Khaleej"}},{"type":"Feature","id":1434,"geometry":{"type":"Point","coordinates":[409924.19510000013,2925156.9738999996]},"properties":{"OBJECTID":1434,"Zone":"Zone I","STRCTDPTH":1.7650000000000001,"ELEV_GND":3.0800000000000001,"ELEV_INV":1.3149999999999999,"LABEL":"I-MH-52-2","Inastallation_Status":1,"X":409924.19510000013,"Y":2925156.9738999996,"Depth_Class":"1 - 2 m","District":"Al Khaleej"}},{"type":"Feature","id":1435,"geometry":{"type":"Point","coordinates":[409935.33739999961,2925108.5863000005]},"properties":{"OBJECTID":1435,"Zone":"Zone I","STRCTDPTH":3.7650000000000001,"ELEV_GND":3.1880000000000002,"ELEV_INV":-0.57699999999999996,"LABEL":"I-MH-53","Inastallation_Status":1,"X":409935.33739999961,"Y":2925108.5863000005,"Depth_Class":"3 - 4 m","District":"Al Dawaser"}},{"type":"Feature","id":1436,"geometry":{"type":"Point","coordinates":[409870.09399999958,2925113.9189999998]},"properties":{"OBJECTID":1436,"Zone":"Zone I","STRCTDPTH":3.0019999999999998,"ELEV_GND":3.2149999999999999,"ELEV_INV":0.21299999999999999,"LABEL":"I-MH-53-1","Inastallation_Status":4,"X":409870.09399999958,"Y":2925113.9189999998,"Depth_Class":"3 - 4 m","District":"Al Khaleej"}},{"type":"Feature","id":1437,"geometry":{"type":"Point","coordinates":[409870.76699999999,2925182.9900000002]},"properties":{"OBJECTID":1437,"Zone":"Zone I","STRCTDPTH":2.1639999999999997,"ELEV_GND":3.2759999999999998,"ELEV_INV":1.1120000000000001,"LABEL":"I-MH-53-1-1","Inastallation_Status":4,"X":409870.76699999999,"Y":2925182.9900000002,"Depth_Class":"2 - 3 m","District":"Al Khaleej"}},{"type":"Feature","id":1438,"geometry":{"type":"Point","coordinates":[409917.44099999964,2925180.3039999995]},"properties":{"OBJECTID":1438,"Zone":"Zone I","STRCTDPTH":1.7650000000000001,"ELEV_GND":3.0270000000000001,"ELEV_INV":1.262,"LABEL":"I-MH-53-1-2","Inastallation_Status":4,"X":409917.44099999964,"Y":2925180.3039999995,"Depth_Class":"1 - 2 m","District":"Al Khaleej"}},{"type":"Feature","id":1439,"geometry":{"type":"Point","coordinates":[409872.06030000001,2925223.3034000006]},"properties":{"OBJECTID":1439,"Zone":"Zone I","STRCTDPTH":1.7649999999999999,"ELEV_GND":3.2869999999999999,"ELEV_INV":1.522,"LABEL":"I-MH-53-1-3","Inastallation_Status":4,"X":409872.06030000001,"Y":2925223.3034000006,"Depth_Class":"1 - 2 m","District":"Al Khaleej"}},{"type":"Feature","id":1440,"geometry":{"type":"Point","coordinates":[409839.39300000016,2925183.4140000008]},"properties":{"OBJECTID":1440,"Zone":"Zone I","STRCTDPTH":1.8800000000000001,"ELEV_GND":3.4910000000000001,"ELEV_INV":1.611,"LABEL":"I-MH-53-1-4","Inastallation_Status":4,"X":409839.39300000016,"Y":2925183.4140000008,"Depth_Class":"1 - 2 m","District":"Al Khaleej"}},{"type":"Feature","id":1441,"geometry":{"type":"Point","coordinates":[409817.56450000033,2925104.5416999999]},"properties":{"OBJECTID":1441,"Zone":"Zone I","STRCTDPTH":2.907,"ELEV_GND":3.2909999999999999,"ELEV_INV":0.38400000000000001,"LABEL":"I-MH-53-2","Inastallation_Status":4,"X":409817.56450000033,"Y":2925104.5416999999,"Depth_Class":"2 - 3 m","District":"Al Nakheel"}},{"type":"Feature","id":1442,"geometry":{"type":"Point","coordinates":[409817.8777999999,2925157.2156000007]},"properties":{"OBJECTID":1442,"Zone":"Zone I","STRCTDPTH":1.8940000000000001,"ELEV_GND":3.282,"ELEV_INV":1.3879999999999999,"LABEL":"I-MH-53-2-1","Inastallation_Status":4,"X":409817.8777999999,"Y":2925157.2156000007,"Depth_Class":"1 - 2 m","District":"Al Khaleej"}},{"type":"Feature","id":1443,"geometry":{"type":"Point","coordinates":[409817.52199999988,2925199.9940000009]},"properties":{"OBJECTID":1443,"Zone":"Zone I","STRCTDPTH":1.7650000000000001,"ELEV_GND":3.29,"ELEV_INV":1.5249999999999999,"LABEL":"I-MH-53-2-2","Inastallation_Status":4,"X":409817.52199999988,"Y":2925199.9940000009,"Depth_Class":"1 - 2 m","District":"Al Khaleej"}},{"type":"Feature","id":1444,"geometry":{"type":"Point","coordinates":[409758.49540000036,2925105.9875000007]},"properties":{"OBJECTID":1444,"Zone":"Zone I","STRCTDPTH":2.7360000000000002,"ELEV_GND":3.3090000000000002,"ELEV_INV":0.57299999999999995,"LABEL":"I-MH-53-3","Inastallation_Status":4,"X":409758.49540000036,"Y":2925105.9875000007,"Depth_Class":"2 - 3 m","District":"Al Nakheel"}},{"type":"Feature","id":1445,"geometry":{"type":"Point","coordinates":[409759.08999999985,2925181.5109999999]},"properties":{"OBJECTID":1445,"Zone":"Zone I","STRCTDPTH":1.8520000000000001,"ELEV_GND":3.3220000000000001,"ELEV_INV":1.47,"LABEL":"I-MH-53-3-1","Inastallation_Status":4,"X":409759.08999999985,"Y":2925181.5109999999,"Depth_Class":"1 - 2 m","District":"Al Khaleej"}},{"type":"Feature","id":1446,"geometry":{"type":"Point","coordinates":[409781.82210000046,2925180.9729999993]},"properties":{"OBJECTID":1446,"Zone":"Zone I","STRCTDPTH":1.764,"ELEV_GND":3.3069999999999999,"ELEV_INV":1.5429999999999999,"LABEL":"I-MH-53-3-2","Inastallation_Status":4,"X":409781.82210000046,"Y":2925180.9729999993,"Depth_Class":"1 - 2 m","District":"Al Khaleej"}},{"type":"Feature","id":1447,"geometry":{"type":"Point","coordinates":[409730.6361999996,2925181.8121000007]},"properties":{"OBJECTID":1447,"Zone":"Zone I","STRCTDPTH":1.7649999999999999,"ELEV_GND":3.343,"ELEV_INV":1.5780000000000001,"LABEL":"I-MH-53-3-3","Inastallation_Status":4,"X":409730.6361999996,"Y":2925181.8121000007,"Depth_Class":"1 - 2 m","District":"Al Khaleej"}},{"type":"Feature","id":1448,"geometry":{"type":"Point","coordinates":[409704.42399999965,2925109.2129999995]},"properties":{"OBJECTID":1448,"Zone":"Zone I","STRCTDPTH":2.5720000000000001,"ELEV_GND":3.3180000000000001,"ELEV_INV":0.746,"LABEL":"I-MH-53-4","Inastallation_Status":4,"X":409704.42399999965,"Y":2925109.2129999995,"Depth_Class":"2 - 3 m","District":"Al Khaleej"}},{"type":"Feature","id":1449,"geometry":{"type":"Point","coordinates":[409704.36170000024,2925172.4843000006]},"properties":{"OBJECTID":1449,"Zone":"Zone I","STRCTDPTH":1.7650000000000001,"ELEV_GND":3.4940000000000002,"ELEV_INV":1.7290000000000001,"LABEL":"I-MH-53-4-1","Inastallation_Status":4,"X":409704.36170000024,"Y":2925172.4843000006,"Depth_Class":"1 - 2 m","District":"Al Khaleej"}},{"type":"Feature","id":1450,"geometry":{"type":"Point","coordinates":[409644.32299999986,2925104.2080000006]},"properties":{"OBJECTID":1450,"Zone":"Zone I","STRCTDPTH":2.2949999999999999,"ELEV_GND":3.234,"ELEV_INV":0.93899999999999995,"LABEL":"I-MH-53-5","Inastallation_Status":4,"X":409644.32299999986,"Y":2925104.2080000006,"Depth_Class":"2 - 3 m","District":"Al Khaleej"}},{"type":"Feature","id":1451,"geometry":{"type":"Point","coordinates":[409644.99399999995,2925148.0271000005]},"properties":{"OBJECTID":1451,"Zone":"Zone I","STRCTDPTH":1.7650000000000001,"ELEV_GND":3.3540000000000001,"ELEV_INV":1.589,"LABEL":"I-MH-53-5-1","Inastallation_Status":4,"X":409644.99399999995,"Y":2925148.0271000005,"Depth_Class":"1 - 2 m","District":"Al Khaleej"}},{"type":"Feature","id":1452,"geometry":{"type":"Point","coordinates":[409645.36500000022,2925184.8059999999]},"properties":{"OBJECTID":1452,"Zone":"Zone I","STRCTDPTH":1.9700000000000002,"ELEV_GND":3.6760000000000002,"ELEV_INV":1.706,"LABEL":"I-MH-53-5-2","Inastallation_Status":4,"X":409645.36500000022,"Y":2925184.8059999999,"Depth_Class":"1 - 2 m","District":"Al Khaleej"}},{"type":"Feature","id":1453,"geometry":{"type":"Point","coordinates":[409645.60599999968,2925216.3120000008]},"properties":{"OBJECTID":1453,"Zone":"Zone I","STRCTDPTH":1.7649999999999999,"ELEV_GND":3.6059999999999999,"ELEV_INV":1.841,"LABEL":"I-MH-53-5-3","Inastallation_Status":4,"X":409645.60599999968,"Y":2925216.3120000008,"Depth_Class":"1 - 2 m","District":"Al Khaleej"}},{"type":"Feature","id":1454,"geometry":{"type":"Point","coordinates":[409637.11890000012,2925183.8027999997]},"properties":{"OBJECTID":1454,"Zone":"Zone I","STRCTDPTH":1.7650000000000001,"ELEV_GND":3.6080000000000001,"ELEV_INV":1.843,"LABEL":"I-MH-53-5-4","Inastallation_Status":4,"X":409637.11890000012,"Y":2925183.8027999997,"Depth_Class":"1 - 2 m","District":"Al Khaleej"}},{"type":"Feature","id":1455,"geometry":{"type":"Point","coordinates":[409680.91899999976,2925184.2339999992]},"properties":{"OBJECTID":1455,"Zone":"Zone I","STRCTDPTH":1.7650000000000001,"ELEV_GND":3.7090000000000001,"ELEV_INV":1.944,"LABEL":"I-MH-53-5-5","Inastallation_Status":4,"X":409680.91899999976,"Y":2925184.2339999992,"Depth_Class":"1 - 2 m","District":"Al Khaleej"}},{"type":"Feature","id":1456,"geometry":{"type":"Point","coordinates":[409590.81199999992,2925099.9149999991]},"properties":{"OBJECTID":1456,"Zone":"Zone I","STRCTDPTH":2.1929999999999996,"ELEV_GND":3.3039999999999998,"ELEV_INV":1.111,"LABEL":"I-MH-53-6","Inastallation_Status":4,"X":409590.81199999992,"Y":2925099.9149999991,"Depth_Class":"2 - 3 m","District":"Al Khaleej"}},{"type":"Feature","id":1457,"geometry":{"type":"Point","coordinates":[409591.71150000021,2925174.7072000001]},"properties":{"OBJECTID":1457,"Zone":"Zone I","STRCTDPTH":2.1080000000000001,"ELEV_GND":3.4580000000000002,"ELEV_INV":1.3500000000000001,"LABEL":"I-MH-53-7","Inastallation_Status":4,"X":409591.71150000021,"Y":2925174.7072000001,"Depth_Class":"2 - 3 m","District":"Al Khaleej"}},{"type":"Feature","id":1458,"geometry":{"type":"Point","coordinates":[409592.19199999981,2925208.4100000001]},"properties":{"OBJECTID":1458,"Zone":"Zone I","STRCTDPTH":1.7649999999999999,"ELEV_GND":3.2229999999999999,"ELEV_INV":1.458,"LABEL":"I-MH-53-8","Inastallation_Status":4,"X":409592.19199999981,"Y":2925208.4100000001,"Depth_Class":"1 - 2 m","District":"Al Khaleej"}},{"type":"Feature","id":1459,"geometry":{"type":"Point","coordinates":[409935.63800000027,2925020.5810000002]},"properties":{"OBJECTID":1459,"Zone":"Zone I","STRCTDPTH":3.5190000000000001,"ELEV_GND":3.528,"ELEV_INV":0.0089999999999999993,"LABEL":"I-MH-54","Inastallation_Status":1,"X":409935.63800000027,"Y":2925020.5810000002,"Depth_Class":"3 - 4 m","District":"Al Souq"}},{"type":"Feature","id":1460,"geometry":{"type":"Point","coordinates":[409924.20299999975,2925021.0649999995]},"properties":{"OBJECTID":1460,"Zone":"Zone I","STRCTDPTH":2.25,"ELEV_GND":3.4670000000000001,"ELEV_INV":1.2170000000000001,"LABEL":"I-MH-54-1","Inastallation_Status":1,"X":409924.20299999975,"Y":2925021.0649999995,"Depth_Class":"2 - 3 m","District":"Al Nakheel"}},{"type":"Feature","id":1461,"geometry":{"type":"Point","coordinates":[409922.83820000011,2924971.8183999993]},"properties":{"OBJECTID":1461,"Zone":"Zone I","STRCTDPTH":2.081,"ELEV_GND":3.456,"ELEV_INV":1.375,"LABEL":"I-MH-54-2","Inastallation_Status":1,"X":409922.83820000011,"Y":2924971.8183999993,"Depth_Class":"2 - 3 m","District":"Al Nakheel"}},{"type":"Feature","id":1462,"geometry":{"type":"Point","coordinates":[409923.62490000017,2924926.7160999998]},"properties":{"OBJECTID":1462,"Zone":"Zone I","STRCTDPTH":1.7649999999999999,"ELEV_GND":3.2839999999999998,"ELEV_INV":1.5189999999999999,"LABEL":"I-MH-54-3","Inastallation_Status":1,"X":409923.62490000017,"Y":2924926.7160999998,"Depth_Class":"1 - 2 m","District":"Al Nakheel"}},{"type":"Feature","id":1463,"geometry":{"type":"Point","coordinates":[409924.41160000023,2925065.6941999998]},"properties":{"OBJECTID":1463,"Zone":"Zone I","STRCTDPTH":1.764,"ELEV_GND":3.2989999999999999,"ELEV_INV":1.5349999999999999,"LABEL":"I-MH-54-4","Inastallation_Status":1,"X":409924.41160000023,"Y":2925065.6941999998,"Depth_Class":"1 - 2 m","District":"Al Nakheel"}},{"type":"Feature","id":1464,"geometry":{"type":"Point","coordinates":[409934.75200000033,2924915.6339999996]},"properties":{"OBJECTID":1464,"Zone":"Zone I","STRCTDPTH":3.3489999999999998,"ELEV_GND":3.4159999999999999,"ELEV_INV":0.067000000000000004,"LABEL":"I-MH-55","Inastallation_Status":1,"X":409934.75200000033,"Y":2924915.6339999996,"Depth_Class":"3 - 4 m","District":"Al Souq"}},{"type":"Feature","id":1465,"geometry":{"type":"Point","coordinates":[409880.05300000031,2924916.7530000005]},"properties":{"OBJECTID":1465,"Zone":"Zone I","STRCTDPTH":2.5590000000000002,"ELEV_GND":3.3820000000000001,"ELEV_INV":0.82299999999999995,"LABEL":"I-MH-55-1","Inastallation_Status":1,"X":409880.05300000031,"Y":2924916.7530000005,"Depth_Class":"2 - 3 m","District":"Al Nakheel"}},{"type":"Feature","id":1466,"geometry":{"type":"Point","coordinates":[409880.71700000018,2924984.6679999996]},"properties":{"OBJECTID":1466,"Zone":"Zone I","STRCTDPTH":1.8159999999999998,"ELEV_GND":3.5009999999999999,"ELEV_INV":1.6850000000000001,"LABEL":"I-MH-55-1-1","Inastallation_Status":1,"X":409880.71700000018,"Y":2924984.6679999996,"Depth_Class":"1 - 2 m","District":"Al Nakheel"}},{"type":"Feature","id":1467,"geometry":{"type":"Point","coordinates":[409878.34499999974,2925027.0099999998]},"properties":{"OBJECTID":1467,"Zone":"Zone I","STRCTDPTH":1.7649999999999999,"ELEV_GND":3.5859999999999999,"ELEV_INV":1.821,"LABEL":"I-MH-55-1-2","Inastallation_Status":1,"X":409878.34499999974,"Y":2925027.0099999998,"Depth_Class":"1 - 2 m","District":"Al Nakheel"}},{"type":"Feature","id":1468,"geometry":{"type":"Point","coordinates":[409880.92399999965,2925052.7109999992]},"properties":{"OBJECTID":1468,"Zone":"Zone I","STRCTDPTH":1.8890000000000002,"ELEV_GND":3.7930000000000001,"ELEV_INV":1.9039999999999999,"LABEL":"I-MH-55-1-3","Inastallation_Status":1,"X":409880.92399999965,"Y":2925052.7109999992,"Depth_Class":"1 - 2 m","District":"Al Nakheel"}},{"type":"Feature","id":1469,"geometry":{"type":"Point","coordinates":[409879.44900000002,2924854.6009999998]},"properties":{"OBJECTID":1469,"Zone":"Zone I","STRCTDPTH":1.9919999999999998,"ELEV_GND":3.3639999999999999,"ELEV_INV":1.3720000000000001,"LABEL":"I-MH-55-1-4","Inastallation_Status":1,"X":409879.44900000002,"Y":2924854.6009999998,"Depth_Class":"1 - 2 m","District":"Al Nakheel"}},{"type":"Feature","id":1470,"geometry":{"type":"Point","coordinates":[409878.99330000021,2924811.6245000008]},"properties":{"OBJECTID":1470,"Zone":"Zone I","STRCTDPTH":1.9100000000000001,"ELEV_GND":3.419,"ELEV_INV":1.5089999999999999,"LABEL":"I-MH-55-1-5","Inastallation_Status":1,"X":409878.99330000021,"Y":2924811.6245000008,"Depth_Class":"1 - 2 m","District":"Al Nakheel"}},{"type":"Feature","id":1471,"geometry":{"type":"Point","coordinates":[409852.08899999969,2924855.2949999999]},"properties":{"OBJECTID":1471,"Zone":"Zone I","STRCTDPTH":1.7650000000000001,"ELEV_GND":3.3530000000000002,"ELEV_INV":1.5880000000000001,"LABEL":"I-MH-55-1-6","Inastallation_Status":1,"X":409852.08899999969,"Y":2924855.2949999999,"Depth_Class":"1 - 2 m","District":"Al Nakheel"}},{"type":"Feature","id":1472,"geometry":{"type":"Point","coordinates":[409906.90199999977,2924854.0510000009]},"properties":{"OBJECTID":1472,"Zone":"Zone I","STRCTDPTH":1.7649999999999999,"ELEV_GND":3.355,"ELEV_INV":1.5900000000000001,"LABEL":"I-MH-55-1-7","Inastallation_Status":1,"X":409906.90199999977,"Y":2924854.0510000009,"Depth_Class":"1 - 2 m","District":"Al Nakheel"}},{"type":"Feature","id":1473,"geometry":{"type":"Point","coordinates":[409878.32199999969,2924765.4733000007]},"properties":{"OBJECTID":1473,"Zone":"Zone I","STRCTDPTH":1.7650000000000001,"ELEV_GND":3.4220000000000002,"ELEV_INV":1.657,"LABEL":"I-MH-55-1-8","Inastallation_Status":1,"X":409878.32199999969,"Y":2924765.4733000007,"Depth_Class":"1 - 2 m","District":"Al Nakheel"}},{"type":"Feature","id":1474,"geometry":{"type":"Point","coordinates":[409792.4263000004,2924974.3758000005]},"properties":{"OBJECTID":1474,"Zone":"Zone I","STRCTDPTH":1.7650000000000001,"ELEV_GND":3.4180000000000001,"ELEV_INV":1.653,"LABEL":"I-MH-55-10","Inastallation_Status":1,"X":409792.4263000004,"Y":2924974.3758000005,"Depth_Class":"1 - 2 m","District":"Al Nakheel"}},{"type":"Feature","id":1475,"geometry":{"type":"Point","coordinates":[409798.86899999995,2924985.1099999994]},"properties":{"OBJECTID":1475,"Zone":"Zone I","STRCTDPTH":1.7650000000000001,"ELEV_GND":3.4470000000000001,"ELEV_INV":1.6819999999999999,"LABEL":"I-MH-55-11","Inastallation_Status":1,"X":409798.86899999995,"Y":2924985.1099999994,"Depth_Class":"1 - 2 m","District":"Al Nakheel"}},{"type":"Feature","id":1476,"geometry":{"type":"Point","coordinates":[409863.80999999959,2924985.8910000008]},"properties":{"OBJECTID":1476,"Zone":"Zone I","STRCTDPTH":1.7650000000000001,"ELEV_GND":3.6560000000000001,"ELEV_INV":1.891,"LABEL":"I-MH-55-12","Inastallation_Status":1,"X":409863.80999999959,"Y":2924985.8910000008,"Depth_Class":"1 - 2 m","District":"Al Nakheel"}},{"type":"Feature","id":1477,"geometry":{"type":"Point","coordinates":[409835.89199999999,2924916.8489999995]},"properties":{"OBJECTID":1477,"Zone":"Zone I","STRCTDPTH":2.4649999999999999,"ELEV_GND":3.4289999999999998,"ELEV_INV":0.96399999999999997,"LABEL":"I-MH-55-2","Inastallation_Status":1,"X":409835.89199999999,"Y":2924916.8489999995,"Depth_Class":"2 - 3 m","District":"Al Nakheel"}},{"type":"Feature","id":1478,"geometry":{"type":"Point","coordinates":[409835.07299999986,2924854.2190000005]},"properties":{"OBJECTID":1478,"Zone":"Zone I","STRCTDPTH":1.9740000000000002,"ELEV_GND":3.4620000000000002,"ELEV_INV":1.488,"LABEL":"I-MH-55-2-1","Inastallation_Status":1,"X":409835.07299999986,"Y":2924854.2190000005,"Depth_Class":"1 - 2 m","District":"Al Nakheel"}},{"type":"Feature","id":1479,"geometry":{"type":"Point","coordinates":[409817.18020000029,2924856.4803999998]},"properties":{"OBJECTID":1479,"Zone":"Zone I","STRCTDPTH":1.7650000000000001,"ELEV_GND":3.3100000000000001,"ELEV_INV":1.5449999999999999,"LABEL":"I-MH-55-2-2","Inastallation_Status":1,"X":409817.18020000029,"Y":2924856.4803999998,"Depth_Class":"1 - 2 m","District":"Al Nakheel"}},{"type":"Feature","id":1480,"geometry":{"type":"Point","coordinates":[409834.44099999964,2924789.2899999991]},"properties":{"OBJECTID":1480,"Zone":"Zone I","STRCTDPTH":1.7649999999999999,"ELEV_GND":3.464,"ELEV_INV":1.6990000000000001,"LABEL":"I-MH-55-2-3","Inastallation_Status":1,"X":409834.44099999964,"Y":2924789.2899999991,"Depth_Class":"1 - 2 m","District":"Al Nakheel"}},{"type":"Feature","id":1481,"geometry":{"type":"Point","coordinates":[409836.37999999989,2924984.9649999999]},"properties":{"OBJECTID":1481,"Zone":"Zone I","STRCTDPTH":2.4350000000000001,"ELEV_GND":3.617,"ELEV_INV":1.1819999999999999,"LABEL":"I-MH-55-3","Inastallation_Status":1,"X":409836.37999999989,"Y":2924984.9649999999,"Depth_Class":"2 - 3 m","District":"Al Nakheel"}},{"type":"Feature","id":1482,"geometry":{"type":"Point","coordinates":[409833.87899999972,2925013.4780000001]},"properties":{"OBJECTID":1482,"Zone":"Zone I","STRCTDPTH":2.3959999999999999,"ELEV_GND":3.669,"ELEV_INV":1.2729999999999999,"LABEL":"I-MH-55-4","Inastallation_Status":1,"X":409833.87899999972,"Y":2925013.4780000001,"Depth_Class":"2 - 3 m","District":"Al Nakheel"}},{"type":"Feature","id":1483,"geometry":{"type":"Point","coordinates":[409790.36600000039,2924916.4619999994]},"properties":{"OBJECTID":1483,"Zone":"Zone I","STRCTDPTH":2.0289999999999999,"ELEV_GND":3.327,"ELEV_INV":1.298,"LABEL":"I-MH-55-5","Inastallation_Status":1,"X":409790.36600000039,"Y":2924916.4619999994,"Depth_Class":"2 - 3 m","District":"Al Nakheel"}},{"type":"Feature","id":1484,"geometry":{"type":"Point","coordinates":[409836.57600000035,2925053.6190000009]},"properties":{"OBJECTID":1484,"Zone":"Zone I","STRCTDPTH":2.0629999999999997,"ELEV_GND":3.4649999999999999,"ELEV_INV":1.4019999999999999,"LABEL":"I-MH-55-6","Inastallation_Status":1,"X":409836.57600000035,"Y":2925053.6190000009,"Depth_Class":"2 - 3 m","District":"Al Nakheel"}},{"type":"Feature","id":1485,"geometry":{"type":"Point","coordinates":[409799.45500000007,2924877.9389999993]},"properties":{"OBJECTID":1485,"Zone":"Zone I","STRCTDPTH":1.8640000000000001,"ELEV_GND":3.2890000000000001,"ELEV_INV":1.425,"LABEL":"I-MH-55-7","Inastallation_Status":1,"X":409799.45500000007,"Y":2924877.9389999993,"Depth_Class":"1 - 2 m","District":"Al Nakheel"}},{"type":"Feature","id":1486,"geometry":{"type":"Point","coordinates":[409836.2910000002,2925086.2652000003]},"properties":{"OBJECTID":1486,"Zone":"Zone I","STRCTDPTH":1.7649999999999999,"ELEV_GND":3.2719999999999998,"ELEV_INV":1.5069999999999999,"LABEL":"I-MH-55-8","Inastallation_Status":1,"X":409836.2910000002,"Y":2925086.2652000003,"Depth_Class":"1 - 2 m","District":"Al Nakheel"}},{"type":"Feature","id":1487,"geometry":{"type":"Point","coordinates":[409815.50189999957,2924835.7123000007]},"properties":{"OBJECTID":1487,"Zone":"Zone I","STRCTDPTH":1.7649999999999999,"ELEV_GND":3.335,"ELEV_INV":1.5700000000000001,"LABEL":"I-MH-55-9","Inastallation_Status":1,"X":409815.50189999957,"Y":2924835.7123000007,"Depth_Class":"1 - 2 m","District":"Al Nakheel"}},{"type":"Feature","id":1488,"geometry":{"type":"Point","coordinates":[409934.17700000014,2924843.2430000007]},"properties":{"OBJECTID":1488,"Zone":"Zone I","STRCTDPTH":2.7670000000000003,"ELEV_GND":3.3740000000000001,"ELEV_INV":0.60699999999999998,"LABEL":"I-MH-56","Inastallation_Status":1,"X":409934.17700000014,"Y":2924843.2430000007,"Depth_Class":"2 - 3 m","District":"Al Souq"}},{"type":"Feature","id":1489,"geometry":{"type":"Point","coordinates":[409923.15099999961,2924843.6950000003]},"properties":{"OBJECTID":1489,"Zone":"Zone I","STRCTDPTH":2.0679999999999996,"ELEV_GND":3.3519999999999999,"ELEV_INV":1.284,"LABEL":"I-MH-56-1","Inastallation_Status":1,"X":409923.15099999961,"Y":2924843.6950000003,"Depth_Class":"2 - 3 m","District":"Al Nakheel"}},{"type":"Feature","id":1490,"geometry":{"type":"Point","coordinates":[409921.39599999972,2924759.5243999995]},"properties":{"OBJECTID":1490,"Zone":"Zone I","STRCTDPTH":1.7650000000000001,"ELEV_GND":3.3180000000000001,"ELEV_INV":1.5529999999999999,"LABEL":"I-MH-56-2","Inastallation_Status":1,"X":409921.39599999972,"Y":2924759.5243999995,"Depth_Class":"1 - 2 m","District":"Al Nakheel"}},{"type":"Feature","id":1491,"geometry":{"type":"Point","coordinates":[409923.74299999978,2924890.9710000008]},"properties":{"OBJECTID":1491,"Zone":"Zone I","STRCTDPTH":1.7650000000000001,"ELEV_GND":3.4430000000000001,"ELEV_INV":1.6779999999999999,"LABEL":"I-MH-56-3","Inastallation_Status":1,"X":409923.74299999978,"Y":2924890.9710000008,"Depth_Class":"1 - 2 m","District":"Al Nakheel"}},{"type":"Feature","id":1492,"geometry":{"type":"Point","coordinates":[409933.89599999972,2924774.7139999997]},"properties":{"OBJECTID":1492,"Zone":"Zone I","STRCTDPTH":2.7889999999999997,"ELEV_GND":3.4399999999999999,"ELEV_INV":0.65100000000000002,"LABEL":"I-MH-57","Inastallation_Status":1,"X":409933.89599999972,"Y":2924774.7139999997,"Depth_Class":"2 - 3 m","District":"Al Souq"}},{"type":"Feature","id":1493,"geometry":{"type":"Point","coordinates":[409933.45299999975,2924708.341]},"properties":{"OBJECTID":1493,"Zone":"Zone I","STRCTDPTH":2.7800000000000002,"ELEV_GND":3.4740000000000002,"ELEV_INV":0.69399999999999995,"LABEL":"I-MH-58","Inastallation_Status":1,"X":409933.45299999975,"Y":2924708.341,"Depth_Class":"2 - 3 m","District":"Al Souq"}},{"type":"Feature","id":1494,"geometry":{"type":"Point","coordinates":[409919.37359999958,2924707.8027999997]},"properties":{"OBJECTID":1494,"Zone":"Zone I","STRCTDPTH":2.0120000000000005,"ELEV_GND":3.4980000000000002,"ELEV_INV":1.486,"LABEL":"I-MH-58-1","Inastallation_Status":1,"X":409919.37359999958,"Y":2924707.8027999997,"Depth_Class":"2 - 3 m","District":"Al Nakheel"}},{"type":"Feature","id":1495,"geometry":{"type":"Point","coordinates":[409919.30999999959,2924738.6842]},"properties":{"OBJECTID":1495,"Zone":"Zone I","STRCTDPTH":1.7649999999999999,"ELEV_GND":3.3999999999999999,"ELEV_INV":1.635,"LABEL":"I-MH-58-2","Inastallation_Status":1,"X":409919.30999999959,"Y":2924738.6842,"Depth_Class":"1 - 2 m","District":"Al Nakheel"}},{"type":"Feature","id":1496,"geometry":{"type":"Point","coordinates":[409918.73570000008,2924642.6871000007]},"properties":{"OBJECTID":1496,"Zone":"Zone I","STRCTDPTH":1.8949999999999998,"ELEV_GND":3.5899999999999999,"ELEV_INV":1.6950000000000001,"LABEL":"I-MH-58-3","Inastallation_Status":1,"X":409918.73570000008,"Y":2924642.6871000007,"Depth_Class":"1 - 2 m","District":"Al Nakheel"}},{"type":"Feature","id":1497,"geometry":{"type":"Point","coordinates":[409918.56790000014,2924602.4096000008]},"properties":{"OBJECTID":1497,"Zone":"Zone I","STRCTDPTH":1.7649999999999999,"ELEV_GND":3.589,"ELEV_INV":1.8240000000000001,"LABEL":"I-MH-58-4","Inastallation_Status":1,"X":409918.56790000014,"Y":2924602.4096000008,"Depth_Class":"1 - 2 m","District":"Al Nakheel"}},{"type":"Feature","id":1498,"geometry":{"type":"Point","coordinates":[409932.43099999987,2924643.0299999993]},"properties":{"OBJECTID":1498,"Zone":"Zone I","STRCTDPTH":2.9299999999999997,"ELEV_GND":3.6669999999999998,"ELEV_INV":0.73699999999999999,"LABEL":"I-MH-59","Inastallation_Status":1,"X":409932.43099999987,"Y":2924643.0299999993,"Depth_Class":"2 - 3 m","District":"Al Souq"}},{"type":"Feature","id":1499,"geometry":{"type":"Point","coordinates":[409931.67399999965,2924558.4529999997]},"properties":{"OBJECTID":1499,"Zone":"Zone I","STRCTDPTH":2.681,"ELEV_GND":3.4729999999999999,"ELEV_INV":0.79200000000000004,"LABEL":"I-MH-60","Inastallation_Status":1,"X":409931.67399999965,"Y":2924558.4529999997,"Depth_Class":"2 - 3 m","District":"Al Odama"}},{"type":"Feature","id":1500,"geometry":{"type":"Point","coordinates":[409931.11400000006,2924456.0500000007]},"properties":{"OBJECTID":1500,"Zone":"Zone I","STRCTDPTH":2.7879999999999998,"ELEV_GND":3.6459999999999999,"ELEV_INV":0.85799999999999998,"LABEL":"I-MH-61","Inastallation_Status":1,"X":409931.11400000006,"Y":2924456.0500000007,"Depth_Class":"2 - 3 m","District":"Al Odama"}},{"type":"Feature","id":1501,"geometry":{"type":"Point","coordinates":[409921.99700000044,2924456.2139999997]},"properties":{"OBJECTID":1501,"Zone":"Zone I","STRCTDPTH":3.3150000000000004,"ELEV_GND":4.6840000000000002,"ELEV_INV":1.369,"LABEL":"I-MH-61-1","Inastallation_Status":1,"X":409921.99700000044,"Y":2924456.2139999997,"Depth_Class":"3 - 4 m","District":"Al Qozaz"}},{"type":"Feature","id":1502,"geometry":{"type":"Point","coordinates":[409921.64979999978,2924537.4696999993]},"properties":{"OBJECTID":1502,"Zone":"Zone I","STRCTDPTH":1.7650000000000001,"ELEV_GND":3.3940000000000001,"ELEV_INV":1.629,"LABEL":"I-MH-61-2","Inastallation_Status":1,"X":409921.64979999978,"Y":2924537.4696999993,"Depth_Class":"1 - 2 m","District":"Al Qozaz"}},{"type":"Feature","id":1503,"geometry":{"type":"Point","coordinates":[409921.17779999971,2924392.5260000005]},"properties":{"OBJECTID":1503,"Zone":"Zone I","STRCTDPTH":1.7650000000000001,"ELEV_GND":4.266,"ELEV_INV":2.5009999999999999,"LABEL":"I-MH-61-3","Inastallation_Status":1,"X":409921.17779999971,"Y":2924392.5260000005,"Depth_Class":"1 - 2 m","District":"Al Qozaz"}},{"type":"Feature","id":1504,"geometry":{"type":"Point","coordinates":[409930.42100000009,2924357.1449999996]},"properties":{"OBJECTID":1504,"Zone":"Zone I","STRCTDPTH":2.625,"ELEV_GND":4.0179999999999998,"ELEV_INV":1.393,"LABEL":"I-MH-62","Inastallation_Status":1,"X":409930.42100000009,"Y":2924357.1449999996,"Depth_Class":"2 - 3 m","District":"Al Odama"}},{"type":"Feature","id":1505,"geometry":{"type":"Point","coordinates":[409929.1370000001,2924301.6140000001]},"properties":{"OBJECTID":1505,"Zone":"Zone I","STRCTDPTH":2.5809999999999995,"ELEV_GND":4.3179999999999996,"ELEV_INV":1.7370000000000001,"LABEL":"I-MH-63","Inastallation_Status":1,"X":409929.1370000001,"Y":2924301.6140000001,"Depth_Class":"2 - 3 m","District":"Al Odama"}},{"type":"Feature","id":1506,"geometry":{"type":"Point","coordinates":[409929.41199999955,2924245.5069999993]},"properties":{"OBJECTID":1506,"Zone":"Zone I","STRCTDPTH":2.7700000000000005,"ELEV_GND":4.5810000000000004,"ELEV_INV":1.8109999999999999,"LABEL":"I-MH-64","Inastallation_Status":1,"X":409929.41199999955,"Y":2924245.5069999993,"Depth_Class":"2 - 3 m","District":"Al Odama"}},{"type":"Feature","id":1507,"geometry":{"type":"Point","coordinates":[409928.15699999966,2924150.4629999995]},"properties":{"OBJECTID":1507,"Zone":"Zone I","STRCTDPTH":3.0969999999999995,"ELEV_GND":4.9699999999999998,"ELEV_INV":1.873,"LABEL":"I-MH-65","Inastallation_Status":1,"X":409928.15699999966,"Y":2924150.4629999995,"Depth_Class":"3 - 4 m","District":"Al Odama"}},{"type":"Feature","id":1508,"geometry":{"type":"Point","coordinates":[409928.34900000039,2924074.5250000004]},"properties":{"OBJECTID":1508,"Zone":"Zone I","STRCTDPTH":2.7850000000000001,"ELEV_GND":4.7069999999999999,"ELEV_INV":1.9219999999999999,"LABEL":"I-MH-66","Inastallation_Status":1,"X":409928.34900000039,"Y":2924074.5250000004,"Depth_Class":"2 - 3 m","District":"Al Odama"}},{"type":"Feature","id":1509,"geometry":{"type":"Point","coordinates":[409927.92100000009,2924007.1009999998]},"properties":{"OBJECTID":1509,"Zone":"Zone I","STRCTDPTH":2.5489999999999995,"ELEV_GND":4.5149999999999997,"ELEV_INV":1.966,"LABEL":"I-MH-67","Inastallation_Status":1,"X":409927.92100000009,"Y":2924007.1009999998,"Depth_Class":"2 - 3 m","District":"Al Odama"}},{"type":"Feature","id":1510,"geometry":{"type":"Point","coordinates":[409923.94550000038,2923950.0427999999]},"properties":{"OBJECTID":1510,"Zone":"Zone I","STRCTDPTH":2.4639999999999995,"ELEV_GND":4.4669999999999996,"ELEV_INV":2.0030000000000001,"LABEL":"I-MH-68","Inastallation_Status":1,"X":409923.94550000038,"Y":2923950.0427999999,"Depth_Class":"2 - 3 m","District":"Al Odama"}},{"type":"Feature","id":1511,"geometry":{"type":"Point","coordinates":[409981.54330000002,2923949.5471000001]},"properties":{"OBJECTID":1511,"Zone":"Zone I","STRCTDPTH":2.3320000000000003,"ELEV_GND":4.4800000000000004,"ELEV_INV":2.1480000000000001,"LABEL":"I-MH-69","Inastallation_Status":1,"X":409981.54330000002,"Y":2923949.5471000001,"Depth_Class":"2 - 3 m","District":"Al Odama"}},{"type":"Feature","id":1512,"geometry":{"type":"Point","coordinates":[410039.16899999976,2923945.0460000001]},"properties":{"OBJECTID":1512,"Zone":"Zone I","STRCTDPTH":2.4130000000000003,"ELEV_GND":4.6070000000000002,"ELEV_INV":2.194,"LABEL":"I-MH-70","Inastallation_Status":1,"X":410039.16899999976,"Y":2923945.0460000001,"Depth_Class":"2 - 3 m","District":"Al Odama"}},{"type":"Feature","id":1513,"geometry":{"type":"Point","coordinates":[410095.42399999965,2923944.7219999991]},"properties":{"OBJECTID":1513,"Zone":"Zone I","STRCTDPTH":1.9620000000000006,"ELEV_GND":4.7220000000000004,"ELEV_INV":2.7599999999999998,"LABEL":"I-MH-70-1","Inastallation_Status":1,"X":410095.42399999965,"Y":2923944.7219999991,"Depth_Class":"1 - 2 m","District":"Al Odama"}},{"type":"Feature","id":1514,"geometry":{"type":"Point","coordinates":[410148.33299999963,2923944.7349999994]},"properties":{"OBJECTID":1514,"Zone":"Zone I","STRCTDPTH":2.0039999999999996,"ELEV_GND":4.8739999999999997,"ELEV_INV":2.8700000000000001,"LABEL":"I-MH-70-2","Inastallation_Status":1,"X":410148.33299999963,"Y":2923944.7349999994,"Depth_Class":"2 - 3 m","District":"Al Odama"}},{"type":"Feature","id":1515,"geometry":{"type":"Point","coordinates":[410208.24199999962,2923944.2329999991]},"properties":{"OBJECTID":1515,"Zone":"Zone I","STRCTDPTH":2.3319999999999999,"ELEV_GND":5.3639999999999999,"ELEV_INV":3.032,"LABEL":"I-MH-70-3","Inastallation_Status":1,"X":410208.24199999962,"Y":2923944.2329999991,"Depth_Class":"2 - 3 m","District":"Al Odama"}},{"type":"Feature","id":1516,"geometry":{"type":"Point","coordinates":[410264.49500000011,2923943.9489999991]},"properties":{"OBJECTID":1516,"Zone":"Zone I","STRCTDPTH":2.0029999999999997,"ELEV_GND":5.5789999999999997,"ELEV_INV":3.5760000000000001,"LABEL":"I-MH-70-4","Inastallation_Status":1,"X":410264.49500000011,"Y":2923943.9489999991,"Depth_Class":"2 - 3 m","District":"Al Odama"}},{"type":"Feature","id":1517,"geometry":{"type":"Point","coordinates":[410321.47900000028,2923943.3570000008]},"properties":{"OBJECTID":1517,"Zone":"Zone I","STRCTDPTH":1.9720000000000004,"ELEV_GND":5.7640000000000002,"ELEV_INV":3.7919999999999998,"LABEL":"I-MH-70-5","Inastallation_Status":1,"X":410321.47900000028,"Y":2923943.3570000008,"Depth_Class":"1 - 2 m","District":"Al Odama"}},{"type":"Feature","id":1518,"geometry":{"type":"Point","coordinates":[410376.86849999987,2923943.4496999998]},"properties":{"OBJECTID":1518,"Zone":"Zone I","STRCTDPTH":2.0029999999999997,"ELEV_GND":5.9779999999999998,"ELEV_INV":3.9750000000000001,"LABEL":"I-MH-70-6","Inastallation_Status":1,"X":410376.86849999987,"Y":2923943.4496999998,"Depth_Class":"2 - 3 m","District":"Al Odama"}},{"type":"Feature","id":1519,"geometry":{"type":"Point","coordinates":[410039.05399999954,2923892.0539999995]},"properties":{"OBJECTID":1519,"Zone":"Zone I","STRCTDPTH":2.2430000000000003,"ELEV_GND":4.5890000000000004,"ELEV_INV":2.3460000000000001,"LABEL":"I-MH-71","Inastallation_Status":1,"X":410039.05399999954,"Y":2923892.0539999995,"Depth_Class":"2 - 3 m","District":"Al Odama"}},{"type":"Feature","id":1520,"geometry":{"type":"Point","coordinates":[410036.19199999981,2923839.3670000006]},"properties":{"OBJECTID":1520,"Zone":"Zone I","STRCTDPTH":2.4350000000000001,"ELEV_GND":4.8330000000000002,"ELEV_INV":2.3980000000000001,"LABEL":"I-MH-72","Inastallation_Status":1,"X":410036.19199999981,"Y":2923839.3670000006,"Depth_Class":"2 - 3 m","District":"Al Odama"}},{"type":"Feature","id":1521,"geometry":{"type":"Point","coordinates":[410038.47300000023,2923786.7829999998]},"properties":{"OBJECTID":1521,"Zone":"Zone I","STRCTDPTH":2.4689999999999999,"ELEV_GND":4.9199999999999999,"ELEV_INV":2.4510000000000001,"LABEL":"I-MH-73","Inastallation_Status":1,"X":410038.47300000023,"Y":2923786.7829999998,"Depth_Class":"2 - 3 m","District":"Al Odama"}},{"type":"Feature","id":1522,"geometry":{"type":"Point","coordinates":[410037.5290000001,2923733.227]},"properties":{"OBJECTID":1522,"Zone":"Zone I","STRCTDPTH":2.5789999999999997,"ELEV_GND":5.0839999999999996,"ELEV_INV":2.5049999999999999,"LABEL":"I-MH-74","Inastallation_Status":1,"X":410037.5290000001,"Y":2923733.227,"Depth_Class":"2 - 3 m","District":"Al Odama"}},{"type":"Feature","id":1523,"geometry":{"type":"Point","coordinates":[410035.28500000015,2923708.3859999999]},"properties":{"OBJECTID":1523,"Zone":"Zone I","STRCTDPTH":2.5710000000000002,"ELEV_GND":5.101,"ELEV_INV":2.5299999999999998,"LABEL":"I-MH-75","Inastallation_Status":1,"X":410035.28500000015,"Y":2923708.3859999999,"Depth_Class":"2 - 3 m","District":"Al Odama"}},{"type":"Feature","id":1524,"geometry":{"type":"Point","coordinates":[410037.58600000013,2923672.1659999993]},"properties":{"OBJECTID":1524,"Zone":"Zone I","STRCTDPTH":2.6429999999999998,"ELEV_GND":5.2089999999999996,"ELEV_INV":2.5659999999999998,"LABEL":"I-MH-76","Inastallation_Status":1,"X":410037.58600000013,"Y":2923672.1659999993,"Depth_Class":"2 - 3 m","District":"Al Odama"}},{"type":"Feature","id":1525,"geometry":{"type":"Point","coordinates":[410035.99519999977,2923618.5435000006]},"properties":{"OBJECTID":1525,"Zone":"Zone I","STRCTDPTH":2.7800000000000002,"ELEV_GND":5.4000000000000004,"ELEV_INV":2.6200000000000001,"LABEL":"I-MH-77","Inastallation_Status":1,"X":410035.99519999977,"Y":2923618.5435000006,"Depth_Class":"2 - 3 m","District":"Al Odama"}},{"type":"Feature","id":1526,"geometry":{"type":"Point","coordinates":[410036.19900000002,2923561.5170000009]},"properties":{"OBJECTID":1526,"Zone":"Zone I","STRCTDPTH":2.7050000000000001,"ELEV_GND":5.4969999999999999,"ELEV_INV":2.7919999999999998,"LABEL":"I-MH-78","Inastallation_Status":1,"X":410036.19900000002,"Y":2923561.5170000009,"Depth_Class":"2 - 3 m","District":"Al Odama"}},{"type":"Feature","id":1527,"geometry":{"type":"Point","coordinates":[410037.54459999967,2923506.4461000003]},"properties":{"OBJECTID":1527,"Zone":"Zone I","STRCTDPTH":2.7000000000000002,"ELEV_GND":5.5640000000000001,"ELEV_INV":2.8639999999999999,"LABEL":"I-MH-79","Inastallation_Status":1,"X":410037.54459999967,"Y":2923506.4461000003,"Depth_Class":"2 - 3 m","District":"Al Odama"}},{"type":"Feature","id":1528,"geometry":{"type":"Point","coordinates":[410035.48699999973,2923449.9039999992]},"properties":{"OBJECTID":1528,"Zone":"Zone I","STRCTDPTH":1.9329999999999998,"ELEV_GND":5.625,"ELEV_INV":3.6920000000000002,"LABEL":"I-MH-80","Inastallation_Status":1,"X":410035.48699999973,"Y":2923449.9039999992,"Depth_Class":"1 - 2 m","District":"Al Odama"}},{"type":"Feature","id":1529,"geometry":{"type":"Point","coordinates":[410034.54119999986,2923395.8084999993]},"properties":{"OBJECTID":1529,"Zone":"Zone I","STRCTDPTH":2.1309999999999998,"ELEV_GND":5.9059999999999997,"ELEV_INV":3.7749999999999999,"LABEL":"I-MH-81","Inastallation_Status":1,"X":410034.54119999986,"Y":2923395.8084999993,"Depth_Class":"2 - 3 m","District":"Al Odama"}},{"type":"Feature","id":1530,"geometry":{"type":"Point","coordinates":[409475.97900000028,2925773.1401000004]},"properties":{"OBJECTID":1530,"Zone":"Zone I","STRCTDPTH":3.9020000000000001,"ELEV_GND":2.4900000000000002,"ELEV_INV":-1.4119999999999999,"LABEL":"I-MH-82","Inastallation_Status":1,"X":409475.97900000028,"Y":2925773.1401000004,"Depth_Class":"3 - 4 m","District":"Al Zohour"}},{"type":"Feature","id":1531,"geometry":{"type":"Point","coordinates":[409499.49100000039,2925769.1060000006]},"properties":{"OBJECTID":1531,"Zone":"Zone I","STRCTDPTH":3.7810000000000001,"ELEV_GND":2.4830000000000001,"ELEV_INV":-1.298,"LABEL":"I-MH-83","Inastallation_Status":1,"X":409499.49100000039,"Y":2925769.1060000006,"Depth_Class":"3 - 4 m","District":"Al Zohour"}},{"type":"Feature","id":1532,"geometry":{"type":"Point","coordinates":[409535.14699999988,2925762.8690000009]},"properties":{"OBJECTID":1532,"Zone":"Zone I","STRCTDPTH":3.8290000000000002,"ELEV_GND":2.5550000000000002,"ELEV_INV":-1.274,"LABEL":"I-MH-84","Inastallation_Status":1,"X":409535.14699999988,"Y":2925762.8690000009,"Depth_Class":"3 - 4 m","District":"Al Zohour"}},{"type":"Feature","id":1533,"geometry":{"type":"Point","coordinates":[409575.73500000034,2925756.7660000008]},"properties":{"OBJECTID":1533,"Zone":"Zone I","STRCTDPTH":3.7279999999999998,"ELEV_GND":2.4809999999999999,"ELEV_INV":-1.2470000000000001,"LABEL":"I-MH-85","Inastallation_Status":1,"X":409575.73500000034,"Y":2925756.7660000008,"Depth_Class":"3 - 4 m","District":"Al Zohour"}},{"type":"Feature","id":1534,"geometry":{"type":"Point","coordinates":[409575.48199999984,2925810.898]},"properties":{"OBJECTID":1534,"Zone":"Zone I","STRCTDPTH":3.5270000000000001,"ELEV_GND":2.3149999999999999,"ELEV_INV":-1.212,"LABEL":"I-MH-86","Inastallation_Status":1,"X":409575.48199999984,"Y":2925810.898,"Depth_Class":"3 - 4 m","District":"Al Zohour"}},{"type":"Feature","id":1535,"geometry":{"type":"Point","coordinates":[409599.74100000039,2925810.7219999991]},"properties":{"OBJECTID":1535,"Zone":"Zone I","STRCTDPTH":3.6799999999999997,"ELEV_GND":2.484,"ELEV_INV":-1.196,"LABEL":"I-MH-87","Inastallation_Status":1,"X":409599.74100000039,"Y":2925810.7219999991,"Depth_Class":"3 - 4 m","District":"Al Zohour"}},{"type":"Feature","id":1536,"geometry":{"type":"Point","coordinates":[409645.48599999957,2925810.5120000001]},"properties":{"OBJECTID":1536,"Zone":"Zone I","STRCTDPTH":3.9039999999999999,"ELEV_GND":2.7370000000000001,"ELEV_INV":-1.167,"LABEL":"I-MH-88","Inastallation_Status":1,"X":409645.48599999957,"Y":2925810.5120000001,"Depth_Class":"3 - 4 m","District":"Al Zohour"}},{"type":"Feature","id":1537,"geometry":{"type":"Point","coordinates":[409696.20600000024,2925810.0329999998]},"properties":{"OBJECTID":1537,"Zone":"Zone I","STRCTDPTH":4.2039999999999997,"ELEV_GND":3.0699999999999998,"ELEV_INV":-1.1339999999999999,"LABEL":"I-MH-89","Inastallation_Status":1,"X":409696.20600000024,"Y":2925810.0329999998,"Depth_Class":"4 - 5 m","District":"Al Zohour"}},{"type":"Feature","id":1538,"geometry":{"type":"Point","coordinates":[409745.99899999984,2925810.2970000003]},"properties":{"OBJECTID":1538,"Zone":"Zone I","STRCTDPTH":4.1400000000000006,"ELEV_GND":3.0390000000000001,"ELEV_INV":-1.101,"LABEL":"I-MH-90","Inastallation_Status":1,"X":409745.99899999984,"Y":2925810.2970000003,"Depth_Class":"4 - 5 m","District":"Al Zohour"}},{"type":"Feature","id":1539,"geometry":{"type":"Point","coordinates":[409781.19099999964,2925809.5519999992]},"properties":{"OBJECTID":1539,"Zone":"Zone I","STRCTDPTH":3.9530000000000003,"ELEV_GND":2.875,"ELEV_INV":-1.0780000000000001,"LABEL":"I-MH-91","Inastallation_Status":1,"X":409781.19099999964,"Y":2925809.5519999992,"Depth_Class":"3 - 4 m","District":"Al Zohour"}},{"type":"Feature","id":1540,"geometry":{"type":"Point","coordinates":[409822.22699999996,2925809.557]},"properties":{"OBJECTID":1540,"Zone":"Zone I","STRCTDPTH":3.8340000000000001,"ELEV_GND":2.782,"ELEV_INV":-1.052,"LABEL":"I-MH-92","Inastallation_Status":1,"X":409822.22699999996,"Y":2925809.557,"Depth_Class":"3 - 4 m","District":"Al Zohour"}},{"type":"Feature","id":1541,"geometry":{"type":"Point","coordinates":[409856.17800000031,2925809.3509999998]},"properties":{"OBJECTID":1541,"Zone":"Zone I","STRCTDPTH":3.6159999999999997,"ELEV_GND":2.5859999999999999,"ELEV_INV":-1.03,"LABEL":"I-MH-93","Inastallation_Status":1,"X":409856.17800000031,"Y":2925809.3509999998,"Depth_Class":"3 - 4 m","District":"Al Zohour"}},{"type":"Feature","id":1542,"geometry":{"type":"Point","coordinates":[409890.90500000026,2925809.2009999994]},"properties":{"OBJECTID":1542,"Zone":"Zone I","STRCTDPTH":3.585,"ELEV_GND":2.5779999999999998,"ELEV_INV":-1.0069999999999999,"LABEL":"I-MH-94","Inastallation_Status":1,"X":409890.90500000026,"Y":2925809.2009999994,"Depth_Class":"3 - 4 m","District":"Al Zohour"}},{"type":"Feature","id":1543,"geometry":{"type":"Point","coordinates":[409929.53699999955,2925809.2530000005]},"properties":{"OBJECTID":1543,"Zone":"Zone I","STRCTDPTH":3.5090000000000003,"ELEV_GND":2.5270000000000001,"ELEV_INV":-0.98199999999999998,"LABEL":"I-MH-95","Inastallation_Status":1,"X":409929.53699999955,"Y":2925809.2530000005,"Depth_Class":"3 - 4 m","District":"Al Zohour"}},{"type":"Feature","id":1544,"geometry":{"type":"Point","coordinates":[409930.47200000007,2925861.2090000007]},"properties":{"OBJECTID":1544,"Zone":"Zone I","STRCTDPTH":3.7599999999999998,"ELEV_GND":2.8119999999999998,"ELEV_INV":-0.94799999999999995,"LABEL":"I-MH-96","Inastallation_Status":1,"X":409930.47200000007,"Y":2925861.2090000007,"Depth_Class":"3 - 4 m","District":"Al Zohour"}},{"type":"Feature","id":1545,"geometry":{"type":"Point","coordinates":[409930.75200000033,2925900.6889999993]},"properties":{"OBJECTID":1545,"Zone":"Zone I","STRCTDPTH":3.8759999999999999,"ELEV_GND":2.9529999999999998,"ELEV_INV":-0.92300000000000004,"LABEL":"I-MH-97","Inastallation_Status":1,"X":409930.75200000033,"Y":2925900.6889999993,"Depth_Class":"3 - 4 m","District":"Al Zohour"}},{"type":"Feature","id":1546,"geometry":{"type":"Point","coordinates":[409930.04129999969,2925956.0739999991]},"properties":{"OBJECTID":1546,"Zone":"Zone I","STRCTDPTH":4.0739999999999998,"ELEV_GND":3.1869999999999998,"ELEV_INV":-0.88700000000000001,"LABEL":"I-MH-98","Inastallation_Status":1,"X":409930.04129999969,"Y":2925956.0739999991,"Depth_Class":"4 - 5 m","District":"Al Zohour"}},{"type":"Feature","id":1547,"geometry":{"type":"Point","coordinates":[409928.91399999987,2925967.841]},"properties":{"OBJECTID":1547,"Zone":"Zone I","STRCTDPTH":3.6210000000000004,"ELEV_GND":3.2360000000000002,"ELEV_INV":-0.38500000000000001,"LABEL":"I-MH-98-1","Inastallation_Status":1,"X":409928.91399999987,"Y":2925967.841,"Depth_Class":"3 - 4 m","District":"Al Zohour"}},{"type":"Feature","id":1548,"geometry":{"type":"Point","coordinates":[409929.35099999979,2926008.0510000009]},"properties":{"OBJECTID":1548,"Zone":"Zone I","STRCTDPTH":3.2729999999999997,"ELEV_GND":3.3769999999999998,"ELEV_INV":0.104,"LABEL":"I-MH-98-2","Inastallation_Status":1,"X":409929.35099999979,"Y":2926008.0510000009,"Depth_Class":"3 - 4 m","District":"Al Zohour"}},{"type":"Feature","id":1549,"geometry":{"type":"Point","coordinates":[409929.87899999972,2926056.8859999999]},"properties":{"OBJECTID":1549,"Zone":"Zone I","STRCTDPTH":3.2270000000000003,"ELEV_GND":3.4870000000000001,"ELEV_INV":0.26000000000000001,"LABEL":"I-MH-98-3","Inastallation_Status":1,"X":409929.87899999972,"Y":2926056.8859999999,"Depth_Class":"3 - 4 m","District":"Al Zohour"}},{"type":"Feature","id":1550,"geometry":{"type":"Point","coordinates":[409930.25499999989,2926127.6769999992]},"properties":{"OBJECTID":1550,"Zone":"Zone I","STRCTDPTH":3.1069999999999998,"ELEV_GND":3.5939999999999999,"ELEV_INV":0.48699999999999999,"LABEL":"I-MH-98-4","Inastallation_Status":1,"X":409930.25499999989,"Y":2926127.6769999992,"Depth_Class":"3 - 4 m","District":"Al Zohour"}},{"type":"Feature","id":1551,"geometry":{"type":"Point","coordinates":[409930.87100000028,2926198.7210000008]},"properties":{"OBJECTID":1551,"Zone":"Zone I","STRCTDPTH":2.7770000000000001,"ELEV_GND":3.597,"ELEV_INV":0.81999999999999995,"LABEL":"I-MH-98-5","Inastallation_Status":1,"X":409930.87100000028,"Y":2926198.7210000008,"Depth_Class":"2 - 3 m","District":"Al Zohour"}},{"type":"Feature","id":1552,"geometry":{"type":"Point","coordinates":[409931.71700000018,2926274.4230000004]},"properties":{"OBJECTID":1552,"Zone":"Zone I","STRCTDPTH":2.2999999999999998,"ELEV_GND":3.423,"ELEV_INV":1.123,"LABEL":"I-MH-98-6","Inastallation_Status":1,"X":409931.71700000018,"Y":2926274.4230000004,"Depth_Class":"2 - 3 m","District":"Al Zohour"}},{"type":"Feature","id":1553,"geometry":{"type":"Point","coordinates":[409932.67520000041,2926339.2368999999]},"properties":{"OBJECTID":1553,"Zone":"Zone I","STRCTDPTH":2.0700000000000003,"ELEV_GND":3.2480000000000002,"ELEV_INV":1.1779999999999999,"LABEL":"I-MH-98-7","Inastallation_Status":1,"X":409932.67520000041,"Y":2926339.2368999999,"Depth_Class":"2 - 3 m","District":"Al Zohour"}},{"type":"Feature","id":1554,"geometry":{"type":"Point","coordinates":[409969.15899999999,2925957.2489999998]},"properties":{"OBJECTID":1554,"Zone":"Zone I","STRCTDPTH":3.851,"ELEV_GND":3.0209999999999999,"ELEV_INV":-0.82999999999999996,"LABEL":"I-MH-99","Inastallation_Status":1,"X":409969.15899999999,"Y":2925957.2489999998,"Depth_Class":"3 - 4 m","District":"Al Salam"}},{"type":"Feature","id":1555,"geometry":{"type":"Point","coordinates":[410017.1660000002,2925955.5250000004]},"properties":{"OBJECTID":1555,"Zone":"Zone I","STRCTDPTH":3.5919999999999996,"ELEV_GND":2.8999999999999999,"ELEV_INV":-0.69199999999999995,"LABEL":"I-MH-100","Inastallation_Status":1,"X":410017.1660000002,"Y":2925955.5250000004,"Depth_Class":"3 - 4 m","District":"Al Salam"}},{"type":"Feature","id":1556,"geometry":{"type":"Point","coordinates":[410040.53500000015,2925956.7459999993]},"properties":{"OBJECTID":1556,"Zone":"Zone I","STRCTDPTH":3.4929999999999999,"ELEV_GND":2.819,"ELEV_INV":-0.67400000000000004,"LABEL":"I-MH-101","Inastallation_Status":1,"X":410040.53500000015,"Y":2925956.7459999993,"Depth_Class":"3 - 4 m","District":"Al Salam"}},{"type":"Feature","id":1557,"geometry":{"type":"Point","coordinates":[410062.08000000007,2925954.8080000002]},"properties":{"OBJECTID":1557,"Zone":"Zone I","STRCTDPTH":3.4390000000000001,"ELEV_GND":2.7829999999999999,"ELEV_INV":-0.65600000000000003,"LABEL":"I-MH-102","Inastallation_Status":1,"X":410062.08000000007,"Y":2925954.8080000002,"Depth_Class":"3 - 4 m","District":"Al Salam"}},{"type":"Feature","id":1558,"geometry":{"type":"Point","coordinates":[410102.08600000013,2925954.6009999998]},"properties":{"OBJECTID":1558,"Zone":"Zone I","STRCTDPTH":3.3180000000000001,"ELEV_GND":2.694,"ELEV_INV":-0.624,"LABEL":"I-MH-103","Inastallation_Status":1,"X":410102.08600000013,"Y":2925954.6009999998,"Depth_Class":"3 - 4 m","District":"Al Salam"}},{"type":"Feature","id":1559,"geometry":{"type":"Point","coordinates":[410136.97499999963,2925954.4719999991]},"properties":{"OBJECTID":1559,"Zone":"Zone I","STRCTDPTH":3.2160000000000002,"ELEV_GND":2.6200000000000001,"ELEV_INV":-0.59599999999999997,"LABEL":"I-MH-104","Inastallation_Status":1,"X":410136.97499999963,"Y":2925954.4719999991,"Depth_Class":"3 - 4 m","District":"Al Salam"}},{"type":"Feature","id":1560,"geometry":{"type":"Point","coordinates":[410182.10599999968,2925954.7410000004]},"properties":{"OBJECTID":1560,"Zone":"Zone I","STRCTDPTH":3.0739999999999998,"ELEV_GND":2.5139999999999998,"ELEV_INV":-0.56000000000000005,"LABEL":"I-MH-105","Inastallation_Status":1,"X":410182.10599999968,"Y":2925954.7410000004,"Depth_Class":"3 - 4 m","District":"Al Salam"}},{"type":"Feature","id":1561,"geometry":{"type":"Point","coordinates":[410232.34700000007,2925956.1870000008]},"properties":{"OBJECTID":1561,"Zone":"Zone I","STRCTDPTH":2.8719999999999999,"ELEV_GND":2.3519999999999999,"ELEV_INV":-0.52000000000000002,"LABEL":"I-MH-106","Inastallation_Status":1,"X":410232.34700000007,"Y":2925956.1870000008,"Depth_Class":"2 - 3 m","District":"Al Salam"}},{"type":"Feature","id":1562,"geometry":{"type":"Point","coordinates":[410268.57980000041,2925936.1568]},"properties":{"OBJECTID":1562,"Zone":"Zone I","STRCTDPTH":2.9119999999999999,"ELEV_GND":2.4249999999999998,"ELEV_INV":-0.48699999999999999,"LABEL":"I-MH-107","Inastallation_Status":1,"X":410268.57980000041,"Y":2925936.1568,"Depth_Class":"2 - 3 m","District":"Al Salam"}},{"type":"Feature","id":1563,"geometry":{"type":"Point","coordinates":[410288.27799999993,2925947.6539999992]},"properties":{"OBJECTID":1563,"Zone":"Zone I","STRCTDPTH":4.6879999999999997,"ELEV_GND":2.6299999999999999,"ELEV_INV":-2.0579999999999998,"LABEL":"I-MH-108","Inastallation_Status":1,"X":410288.27799999993,"Y":2925947.6539999992,"Depth_Class":"4 - 5 m","District":"Al Salam"}},{"type":"Feature","id":1564,"geometry":{"type":"Point","coordinates":[410326.73139999993,2925929.7588999998]},"properties":{"OBJECTID":1564,"Zone":"Zone I","STRCTDPTH":4.1219999999999999,"ELEV_GND":2.7189999999999999,"ELEV_INV":-1.403,"LABEL":"I-MH-109","Inastallation_Status":1,"X":410326.73139999993,"Y":2925929.7588999998,"Depth_Class":"4 - 5 m","District":"Al Salam"}},{"type":"Feature","id":1565,"geometry":{"type":"Point","coordinates":[410310.75999999978,2925865.4869999997]},"properties":{"OBJECTID":1565,"Zone":"Zone I","STRCTDPTH":4.0780000000000003,"ELEV_GND":2.7410000000000001,"ELEV_INV":-1.337,"LABEL":"I-MH-110","Inastallation_Status":1,"X":410310.75999999978,"Y":2925865.4869999997,"Depth_Class":"4 - 5 m","District":"Al Salam"}},{"type":"Feature","id":1566,"geometry":{"type":"Point","coordinates":[410338.69299999997,2925856.9030000009]},"properties":{"OBJECTID":1566,"Zone":"Zone I","STRCTDPTH":4.0110000000000001,"ELEV_GND":2.7029999999999998,"ELEV_INV":-1.3080000000000001,"LABEL":"I-MH-111","Inastallation_Status":1,"X":410338.69299999997,"Y":2925856.9030000009,"Depth_Class":"4 - 5 m","District":"Al Salam"}},{"type":"Feature","id":1567,"geometry":{"type":"Point","coordinates":[410390.99500000011,2925842.1009999998]},"properties":{"OBJECTID":1567,"Zone":"Zone I","STRCTDPTH":3.7759999999999998,"ELEV_GND":2.5219999999999998,"ELEV_INV":-1.254,"LABEL":"I-MH-112","Inastallation_Status":1,"X":410390.99500000011,"Y":2925842.1009999998,"Depth_Class":"3 - 4 m","District":"Al Salam"}},{"type":"Feature","id":1568,"geometry":{"type":"Point","coordinates":[410429.47400000039,2925830.9739999995]},"properties":{"OBJECTID":1568,"Zone":"Zone I","STRCTDPTH":3.8029999999999999,"ELEV_GND":2.5899999999999999,"ELEV_INV":-1.2130000000000001,"LABEL":"I-MH-113","Inastallation_Status":1,"X":410429.47400000039,"Y":2925830.9739999995,"Depth_Class":"3 - 4 m","District":"Al Salam"}},{"type":"Feature","id":1569,"geometry":{"type":"Point","coordinates":[410457.59800000023,2925822.9829999991]},"properties":{"OBJECTID":1569,"Zone":"Zone I","STRCTDPTH":3.8100000000000001,"ELEV_GND":2.6970000000000001,"ELEV_INV":-1.113,"LABEL":"I-MH-114","Inastallation_Status":1,"X":410457.59800000023,"Y":2925822.9829999991,"Depth_Class":"3 - 4 m","District":"Al Salam"}},{"type":"Feature","id":1570,"geometry":{"type":"Point","coordinates":[410491.76599999983,2925812.5590000004]},"properties":{"OBJECTID":1570,"Zone":"Zone I","STRCTDPTH":1.8579999999999999,"ELEV_GND":2.8849999999999998,"ELEV_INV":1.0269999999999999,"LABEL":"I-MH-115","Inastallation_Status":1,"X":410491.76599999983,"Y":2925812.5590000004,"Depth_Class":"1 - 2 m","District":"Al Salam"}},{"type":"Feature","id":1571,"geometry":{"type":"Point","coordinates":[410537.7620000001,2925799.4480000008]},"properties":{"OBJECTID":1571,"Zone":"Zone I","STRCTDPTH":1.97,"ELEV_GND":3.1499999999999999,"ELEV_INV":1.1799999999999999,"LABEL":"I-MH-116","Inastallation_Status":1,"X":410537.7620000001,"Y":2925799.4480000008,"Depth_Class":"1 - 2 m","District":"Al Salam"}},{"type":"Feature","id":1572,"geometry":{"type":"Point","coordinates":[410574.38300000038,2925789.0419999994]},"properties":{"OBJECTID":1572,"Zone":"Zone I","STRCTDPTH":2.0249999999999999,"ELEV_GND":3.327,"ELEV_INV":1.302,"LABEL":"I-MH-117","Inastallation_Status":1,"X":410574.38300000038,"Y":2925789.0419999994,"Depth_Class":"2 - 3 m","District":"Al Salam"}},{"type":"Feature","id":1573,"geometry":{"type":"Point","coordinates":[410617.88999999966,2925776.4330000002]},"properties":{"OBJECTID":1573,"Zone":"Zone I","STRCTDPTH":1.8489999999999998,"ELEV_GND":3.2959999999999998,"ELEV_INV":1.4470000000000001,"LABEL":"I-MH-118","Inastallation_Status":1,"X":410617.88999999966,"Y":2925776.4330000002,"Depth_Class":"1 - 2 m","District":"Al Salam"}},{"type":"Feature","id":1574,"geometry":{"type":"Point","coordinates":[410653.16459999979,2925765.2752999999]},"properties":{"OBJECTID":1574,"Zone":"Zone I","STRCTDPTH":1.7650000000000001,"ELEV_GND":3.3300000000000001,"ELEV_INV":1.5649999999999999,"LABEL":"I-MH-119","Inastallation_Status":1,"X":410653.16459999979,"Y":2925765.2752999999,"Depth_Class":"1 - 2 m","District":"Al Salam"}},{"type":"Feature","id":1575,"geometry":{"type":"Point","coordinates":[409099.1950000003,2924598.5329999998]},"properties":{"OBJECTID":1575,"Zone":"Zone I","STRCTDPTH":2.0800000000000001,"ELEV_GND":3.423,"ELEV_INV":1.343,"LABEL":"I-MH-120","Inastallation_Status":1,"X":409099.1950000003,"Y":2924598.5329999998,"Depth_Class":"2 - 3 m","District":"Al Nakheel"}},{"type":"Feature","id":1576,"geometry":{"type":"Point","coordinates":[409049.54800000042,2924578.5549999997]},"properties":{"OBJECTID":1576,"Zone":"Zone I","STRCTDPTH":1.8939999999999997,"ELEV_GND":3.3849999999999998,"ELEV_INV":1.4910000000000001,"LABEL":"I-MH-121","Inastallation_Status":1,"X":409049.54800000042,"Y":2924578.5549999997,"Depth_Class":"1 - 2 m","District":"Al Nakheel"}},{"type":"Feature","id":1577,"geometry":{"type":"Point","coordinates":[409000.40000000037,2924555.9539999999]},"properties":{"OBJECTID":1577,"Zone":"Zone I","STRCTDPTH":1.8859999999999999,"ELEV_GND":3.472,"ELEV_INV":1.5860000000000001,"LABEL":"I-MH-122","Inastallation_Status":1,"X":409000.40000000037,"Y":2924555.9539999999,"Depth_Class":"1 - 2 m","District":"Al Nakheel"}},{"type":"Feature","id":1578,"geometry":{"type":"Point","coordinates":[408950.55599999987,2924533.0299999993]},"properties":{"OBJECTID":1578,"Zone":"Zone I","STRCTDPTH":1.8900000000000001,"ELEV_GND":3.5720000000000001,"ELEV_INV":1.6819999999999999,"LABEL":"I-MH-123","Inastallation_Status":1,"X":408950.55599999987,"Y":2924533.0299999993,"Depth_Class":"1 - 2 m","District":"Al Nakheel"}},{"type":"Feature","id":1579,"geometry":{"type":"Point","coordinates":[408892.25540000014,2924507.1481999997]},"properties":{"OBJECTID":1579,"Zone":"Zone I","STRCTDPTH":1.8859999999999999,"ELEV_GND":3.6829999999999998,"ELEV_INV":1.7969999999999999,"LABEL":"I-MH-124","Inastallation_Status":1,"X":408892.25540000014,"Y":2924507.1481999997,"Depth_Class":"1 - 2 m","District":"Al Nakheel"}},{"type":"Feature","id":1580,"geometry":{"type":"Point","coordinates":[409809.86400000006,2924546.1640000008]},"properties":{"OBJECTID":1580,"Zone":"Zone I","STRCTDPTH":2.0760000000000001,"ELEV_GND":3.4950000000000001,"ELEV_INV":1.419,"LABEL":"I-MH-125","Inastallation_Status":1,"X":409809.86400000006,"Y":2924546.1640000008,"Depth_Class":"2 - 3 m","District":"Al Qozaz"}},{"type":"Feature","id":1581,"geometry":{"type":"Point","coordinates":[409808.88300000038,2924484.1750000007]},"properties":{"OBJECTID":1581,"Zone":"Zone I","STRCTDPTH":1.984,"ELEV_GND":3.601,"ELEV_INV":1.617,"LABEL":"I-MH-126","Inastallation_Status":1,"X":409808.88300000038,"Y":2924484.1750000007,"Depth_Class":"1 - 2 m","District":"Al Qozaz"}},{"type":"Feature","id":1582,"geometry":{"type":"Point","coordinates":[409809.23869999964,2924431.5162000004]},"properties":{"OBJECTID":1582,"Zone":"Zone I","STRCTDPTH":1.8760000000000001,"ELEV_GND":3.681,"ELEV_INV":1.8049999999999999,"LABEL":"I-MH-126-1","Inastallation_Status":1,"X":409809.23869999964,"Y":2924431.5162000004,"Depth_Class":"1 - 2 m","District":"Al Qozaz"}},{"type":"Feature","id":1583,"geometry":{"type":"Point","coordinates":[409806.97800000012,2924378.284]},"properties":{"OBJECTID":1583,"Zone":"Zone I","STRCTDPTH":1.7650000000000001,"ELEV_GND":3.7400000000000002,"ELEV_INV":1.9750000000000001,"LABEL":"I-MH-126-2","Inastallation_Status":1,"X":409806.97800000012,"Y":2924378.284,"Depth_Class":"1 - 2 m","District":"Al Qozaz"}},{"type":"Feature","id":1584,"geometry":{"type":"Point","coordinates":[409865.37899999972,2924484.2620000001]},"properties":{"OBJECTID":1584,"Zone":"Zone I","STRCTDPTH":2.1469999999999998,"ELEV_GND":3.9449999999999998,"ELEV_INV":1.798,"LABEL":"I-MH-127","Inastallation_Status":1,"X":409865.37899999972,"Y":2924484.2620000001,"Depth_Class":"2 - 3 m","District":"Al Qozaz"}},{"type":"Feature","id":1585,"geometry":{"type":"Point","coordinates":[409862.33889999986,2924538.6998999994]},"properties":{"OBJECTID":1585,"Zone":"Zone I","STRCTDPTH":1.7650000000000001,"ELEV_GND":3.7370000000000001,"ELEV_INV":1.972,"LABEL":"I-MH-127-1","Inastallation_Status":1,"X":409862.33889999986,"Y":2924538.6998999994,"Depth_Class":"1 - 2 m","District":"Al Qozaz"}},{"type":"Feature","id":1586,"geometry":{"type":"Point","coordinates":[409863.65000000037,2924431.5162000004]},"properties":{"OBJECTID":1586,"Zone":"Zone I","STRCTDPTH":1.8700000000000001,"ELEV_GND":4.117,"ELEV_INV":2.2469999999999999,"LABEL":"I-MH-128","Inastallation_Status":1,"X":409863.65000000037,"Y":2924431.5162000004,"Depth_Class":"1 - 2 m","District":"Al Qozaz"}},{"type":"Feature","id":1587,"geometry":{"type":"Point","coordinates":[409863.65000000037,2924388.2495000008]},"properties":{"OBJECTID":1587,"Zone":"Zone I","STRCTDPTH":1.7650000000000006,"ELEV_GND":4.1500000000000004,"ELEV_INV":2.3849999999999998,"LABEL":"I-MH-129","Inastallation_Status":1,"X":409863.65000000037,"Y":2924388.2495000008,"Depth_Class":"1 - 2 m","District":"Al Qozaz"}},{"type":"Feature","id":1588,"geometry":{"type":"Point","coordinates":[409696.3077999996,2924566.7907999996]},"properties":{"OBJECTID":1588,"Zone":"Zone I","STRCTDPTH":2.097,"ELEV_GND":3.4670000000000001,"ELEV_INV":1.3700000000000001,"LABEL":"I-MH-130","Inastallation_Status":1,"X":409696.3077999996,"Y":2924566.7907999996,"Depth_Class":"2 - 3 m","District":"Al Nakheel"}},{"type":"Feature","id":1589,"geometry":{"type":"Point","coordinates":[409697.86799999978,2924517.6760000009]},"properties":{"OBJECTID":1589,"Zone":"Zone I","STRCTDPTH":2.0520000000000005,"ELEV_GND":3.5790000000000002,"ELEV_INV":1.5269999999999999,"LABEL":"I-MH-131","Inastallation_Status":1,"X":409697.86799999978,"Y":2924517.6760000009,"Depth_Class":"2 - 3 m","District":"Al Qozaz"}},{"type":"Feature","id":1590,"geometry":{"type":"Point","coordinates":[409697.03100000042,2924464.7939999998]},"properties":{"OBJECTID":1590,"Zone":"Zone I","STRCTDPTH":1.986,"ELEV_GND":3.6819999999999999,"ELEV_INV":1.696,"LABEL":"I-MH-132","Inastallation_Status":1,"X":409697.03100000042,"Y":2924464.7939999998,"Depth_Class":"1 - 2 m","District":"Al Qozaz"}},{"type":"Feature","id":1591,"geometry":{"type":"Point","coordinates":[409697.84329999983,2924409.0112999994]},"properties":{"OBJECTID":1591,"Zone":"Zone I","STRCTDPTH":1.8180000000000001,"ELEV_GND":3.6930000000000001,"ELEV_INV":1.875,"LABEL":"I-MH-133","Inastallation_Status":1,"X":409697.84329999983,"Y":2924409.0112999994,"Depth_Class":"1 - 2 m","District":"Al Qozaz"}},{"type":"Feature","id":1592,"geometry":{"type":"Point","coordinates":[409696.61799999978,2924380.4419999998]},"properties":{"OBJECTID":1592,"Zone":"Zone I","STRCTDPTH":1.7649999999999999,"ELEV_GND":3.7309999999999999,"ELEV_INV":1.966,"LABEL":"I-MH-134","Inastallation_Status":1,"X":409696.61799999978,"Y":2924380.4419999998,"Depth_Class":"1 - 2 m","District":"Al Qozaz"}},{"type":"Feature","id":1593,"geometry":{"type":"Point","coordinates":[409749.05709999986,2924566.9646000005]},"properties":{"OBJECTID":1593,"Zone":"Zone I","STRCTDPTH":2.1440000000000001,"ELEV_GND":3.5230000000000001,"ELEV_INV":1.379,"LABEL":"I-MH-135","Inastallation_Status":1,"X":409749.05709999986,"Y":2924566.9646000005,"Depth_Class":"2 - 3 m","District":"Al Nakheel"}},{"type":"Feature","id":1594,"geometry":{"type":"Point","coordinates":[409750.47039999999,2924485.3395000007]},"properties":{"OBJECTID":1594,"Zone":"Zone I","STRCTDPTH":1.9730000000000001,"ELEV_GND":3.613,"ELEV_INV":1.6399999999999999,"LABEL":"I-MH-136","Inastallation_Status":1,"X":409750.47039999999,"Y":2924485.3395000007,"Depth_Class":"1 - 2 m","District":"Al Qozaz"}},{"type":"Feature","id":1595,"geometry":{"type":"Point","coordinates":[409749.78390000015,2924433.7886999995]},"properties":{"OBJECTID":1595,"Zone":"Zone I","STRCTDPTH":1.8710000000000002,"ELEV_GND":3.6760000000000002,"ELEV_INV":1.8049999999999999,"LABEL":"I-MH-137","Inastallation_Status":1,"X":409749.78390000015,"Y":2924433.7886999995,"Depth_Class":"1 - 2 m","District":"Al Qozaz"}},{"type":"Feature","id":1596,"geometry":{"type":"Point","coordinates":[409750.26439999975,2924380.1925000008]},"properties":{"OBJECTID":1596,"Zone":"Zone I","STRCTDPTH":1.7649999999999999,"ELEV_GND":3.742,"ELEV_INV":1.9770000000000001,"LABEL":"I-MH-138","Inastallation_Status":1,"X":409750.26439999975,"Y":2924380.1925000008,"Depth_Class":"1 - 2 m","District":"Al Qozaz"}},{"type":"Feature","id":1597,"geometry":{"type":"Point","coordinates":[409701.85400000028,2924357.9020000007]},"properties":{"OBJECTID":1597,"Zone":"Zone I","STRCTDPTH":3.0009999999999999,"ELEV_GND":3.71,"ELEV_INV":0.70899999999999996,"LABEL":"I-MH-139","Inastallation_Status":1,"X":409701.85400000028,"Y":2924357.9020000007,"Depth_Class":"3 - 4 m","District":"Al Qozaz"}},{"type":"Feature","id":1598,"geometry":{"type":"Point","coordinates":[409641.39879999962,2924355.4119000006]},"properties":{"OBJECTID":1598,"Zone":"Zone I","STRCTDPTH":1.7680000000000002,"ELEV_GND":3.6840000000000002,"ELEV_INV":1.9159999999999999,"LABEL":"I-MH-139-1","Inastallation_Status":1,"X":409641.39879999962,"Y":2924355.4119000006,"Depth_Class":"1 - 2 m","District":"Al Qozaz"}},{"type":"Feature","id":1599,"geometry":{"type":"Point","coordinates":[409641.25119999982,2924295.3046000004]},"properties":{"OBJECTID":1599,"Zone":"Zone I","STRCTDPTH":1.7650000000000001,"ELEV_GND":3.8730000000000002,"ELEV_INV":2.1080000000000001,"LABEL":"I-MH-139-2","Inastallation_Status":1,"X":409641.25119999982,"Y":2924295.3046000004,"Depth_Class":"1 - 2 m","District":"Al Qozaz"}},{"type":"Feature","id":1600,"geometry":{"type":"Point","coordinates":[409750.23099999968,2924357.1919999998]},"properties":{"OBJECTID":1600,"Zone":"Zone I","STRCTDPTH":1.9280000000000002,"ELEV_GND":3.7930000000000001,"ELEV_INV":1.865,"LABEL":"I-MH-139-3","Inastallation_Status":1,"X":409750.23099999968,"Y":2924357.1919999998,"Depth_Class":"1 - 2 m","District":"Al Qozaz"}},{"type":"Feature","id":1601,"geometry":{"type":"Point","coordinates":[409800.21800000034,2924357.3570000008]},"properties":{"OBJECTID":1601,"Zone":"Zone I","STRCTDPTH":1.7650000000000001,"ELEV_GND":3.79,"ELEV_INV":2.0249999999999999,"LABEL":"I-MH-139-4","Inastallation_Status":1,"X":409800.21800000034,"Y":2924357.3570000008,"Depth_Class":"1 - 2 m","District":"Al Qozaz"}},{"type":"Feature","id":1602,"geometry":{"type":"Point","coordinates":[409700.74899999984,2924280.5480000004]},"properties":{"OBJECTID":1602,"Zone":"Zone I","STRCTDPTH":2.8959999999999999,"ELEV_GND":3.7970000000000002,"ELEV_INV":0.90100000000000002,"LABEL":"I-MH-140","Inastallation_Status":1,"X":409700.74899999984,"Y":2924280.5480000004,"Depth_Class":"2 - 3 m","District":"Al Qozaz"}},{"type":"Feature","id":1603,"geometry":{"type":"Point","coordinates":[409754.55999999959,2924280.2770000007]},"properties":{"OBJECTID":1603,"Zone":"Zone I","STRCTDPTH":2.7869999999999999,"ELEV_GND":3.9089999999999998,"ELEV_INV":1.1220000000000001,"LABEL":"I-MH-141","Inastallation_Status":1,"X":409754.55999999959,"Y":2924280.2770000007,"Depth_Class":"2 - 3 m","District":"Al Qozaz"}},{"type":"Feature","id":1604,"geometry":{"type":"Point","coordinates":[409807.68499999959,2924280.0150000006]},"properties":{"OBJECTID":1604,"Zone":"Zone I","STRCTDPTH":2.7279999999999998,"ELEV_GND":4.0199999999999996,"ELEV_INV":1.292,"LABEL":"I-MH-142","Inastallation_Status":1,"X":409807.68499999959,"Y":2924280.0150000006,"Depth_Class":"2 - 3 m","District":"Al Qozaz"}},{"type":"Feature","id":1605,"geometry":{"type":"Point","coordinates":[409805.05350000039,2924343.1164999995]},"properties":{"OBJECTID":1605,"Zone":"Zone I","STRCTDPTH":1.7649999999999997,"ELEV_GND":3.8639999999999999,"ELEV_INV":2.0990000000000002,"LABEL":"I-MH-142-1","Inastallation_Status":1,"X":409805.05350000039,"Y":2924343.1164999995,"Depth_Class":"1 - 2 m","District":"Al Qozaz"}},{"type":"Feature","id":1606,"geometry":{"type":"Point","coordinates":[409863.75200000033,2924279.7249999996]},"properties":{"OBJECTID":1606,"Zone":"Zone I","STRCTDPTH":2.4810000000000003,"ELEV_GND":4.7030000000000003,"ELEV_INV":2.222,"LABEL":"I-MH-142-2","Inastallation_Status":1,"X":409863.75200000033,"Y":2924279.7249999996,"Depth_Class":"2 - 3 m","District":"Al Qozaz"}},{"type":"Feature","id":1607,"geometry":{"type":"Point","coordinates":[409864.12600000016,2924342.3029999994]},"properties":{"OBJECTID":1607,"Zone":"Zone I","STRCTDPTH":1.7650000000000001,"ELEV_GND":4.1870000000000003,"ELEV_INV":2.4220000000000002,"LABEL":"I-MH-142-3","Inastallation_Status":1,"X":409864.12600000016,"Y":2924342.3029999994,"Depth_Class":"1 - 2 m","District":"Al Qozaz"}},{"type":"Feature","id":1608,"geometry":{"type":"Point","coordinates":[409863.64800000004,2924228.3848999999]},"properties":{"OBJECTID":1608,"Zone":"Zone I","STRCTDPTH":2.0350000000000006,"ELEV_GND":4.5890000000000004,"ELEV_INV":2.5539999999999998,"LABEL":"I-MH-142-4","Inastallation_Status":1,"X":409863.64800000004,"Y":2924228.3848999999,"Depth_Class":"2 - 3 m","District":"Al Qozaz"}},{"type":"Feature","id":1609,"geometry":{"type":"Point","coordinates":[409862.62449999992,2924183.3219000008]},"properties":{"OBJECTID":1609,"Zone":"Zone I","STRCTDPTH":1.7650000000000001,"ELEV_GND":4.4630000000000001,"ELEV_INV":2.698,"LABEL":"I-MH-142-5","Inastallation_Status":1,"X":409862.62449999992,"Y":2924183.3219000008,"Depth_Class":"1 - 2 m","District":"Al Qozaz"}},{"type":"Feature","id":1610,"geometry":{"type":"Point","coordinates":[409889.49270000029,2924278.2282999996]},"properties":{"OBJECTID":1610,"Zone":"Zone I","STRCTDPTH":1.7650000000000001,"ELEV_GND":4.5990000000000002,"ELEV_INV":2.8340000000000001,"LABEL":"I-MH-142-6","Inastallation_Status":1,"X":409889.49270000029,"Y":2924278.2282999996,"Depth_Class":"1 - 2 m","District":"Al Qozaz"}},{"type":"Feature","id":1611,"geometry":{"type":"Point","coordinates":[409806.88599999994,2924205.4409999996]},"properties":{"OBJECTID":1611,"Zone":"Zone I","STRCTDPTH":2.4400000000000004,"ELEV_GND":3.9700000000000002,"ELEV_INV":1.53,"LABEL":"I-MH-143","Inastallation_Status":1,"X":409806.88599999994,"Y":2924205.4409999996,"Depth_Class":"2 - 3 m","District":"Al Qozaz"}},{"type":"Feature","id":1612,"geometry":{"type":"Point","coordinates":[409805.75119999982,2924174.2880000006]},"properties":{"OBJECTID":1612,"Zone":"Zone I","STRCTDPTH":2.4910000000000005,"ELEV_GND":4.1210000000000004,"ELEV_INV":1.6299999999999999,"LABEL":"I-MH-144","Inastallation_Status":1,"X":409805.75119999982,"Y":2924174.2880000006,"Depth_Class":"2 - 3 m","District":"Al Qozaz"}},{"type":"Feature","id":1613,"geometry":{"type":"Point","coordinates":[409806.86099999957,2924126.2420000006]},"properties":{"OBJECTID":1613,"Zone":"Zone I","STRCTDPTH":2.4870000000000001,"ELEV_GND":4.2709999999999999,"ELEV_INV":1.784,"LABEL":"I-MH-145","Inastallation_Status":1,"X":409806.86099999957,"Y":2924126.2420000006,"Depth_Class":"2 - 3 m","District":"Al Qozaz"}},{"type":"Feature","id":1614,"geometry":{"type":"Point","coordinates":[409805.91299999971,2924076.7119999994]},"properties":{"OBJECTID":1614,"Zone":"Zone I","STRCTDPTH":2.3700000000000001,"ELEV_GND":4.3120000000000003,"ELEV_INV":1.9419999999999999,"LABEL":"I-MH-146","Inastallation_Status":1,"X":409805.91299999971,"Y":2924076.7119999994,"Depth_Class":"2 - 3 m","District":"Al Qozaz"}},{"type":"Feature","id":1615,"geometry":{"type":"Point","coordinates":[409805.37799999956,2924029.0580000002]},"properties":{"OBJECTID":1615,"Zone":"Zone I","STRCTDPTH":1.9760000000000004,"ELEV_GND":4.2910000000000004,"ELEV_INV":2.3149999999999999,"LABEL":"I-MH-146-1","Inastallation_Status":1,"X":409805.37799999956,"Y":2924029.0580000002,"Depth_Class":"1 - 2 m","District":"Al Qozaz"}},{"type":"Feature","id":1616,"geometry":{"type":"Point","coordinates":[409805.06500000041,2923974.2019999996]},"properties":{"OBJECTID":1616,"Zone":"Zone I","STRCTDPTH":1.7119999999999997,"ELEV_GND":4.202,"ELEV_INV":2.4900000000000002,"LABEL":"I-MH-146-2","Inastallation_Status":1,"X":409805.06500000041,"Y":2923974.2019999996,"Depth_Class":"1 - 2 m","District":"Al Qozaz"}},{"type":"Feature","id":1617,"geometry":{"type":"Point","coordinates":[409862.4299999997,2924075.8220000006]},"properties":{"OBJECTID":1617,"Zone":"Zone I","STRCTDPTH":2.3460000000000001,"ELEV_GND":4.4690000000000003,"ELEV_INV":2.1230000000000002,"LABEL":"I-MH-147","Inastallation_Status":1,"X":409862.4299999997,"Y":2924075.8220000006,"Depth_Class":"2 - 3 m","District":"Al Qozaz"}},{"type":"Feature","id":1618,"geometry":{"type":"Point","coordinates":[409862.85300000012,2924159.3159999996]},"properties":{"OBJECTID":1618,"Zone":"Zone I","STRCTDPTH":1.7120000000000002,"ELEV_GND":4.4000000000000004,"ELEV_INV":2.6880000000000002,"LABEL":"I-MH-147-1","Inastallation_Status":1,"X":409862.85300000012,"Y":2924159.3159999996,"Depth_Class":"1 - 2 m","District":"Al Qozaz"}},{"type":"Feature","id":1619,"geometry":{"type":"Point","coordinates":[409917.71289999969,2924074.6129000001]},"properties":{"OBJECTID":1619,"Zone":"Zone I","STRCTDPTH":1.9309999999999996,"ELEV_GND":4.6929999999999996,"ELEV_INV":2.762,"LABEL":"I-MH-147-2","Inastallation_Status":1,"X":409917.71289999969,"Y":2924074.6129000001,"Depth_Class":"1 - 2 m","District":"Al Qozaz"}},{"type":"Feature","id":1620,"geometry":{"type":"Point","coordinates":[409918.8320000004,2924030.2559999991]},"properties":{"OBJECTID":1620,"Zone":"Zone I","STRCTDPTH":1.7119999999999997,"ELEV_GND":4.6159999999999997,"ELEV_INV":2.9039999999999999,"LABEL":"I-MH-147-3","Inastallation_Status":1,"X":409918.8320000004,"Y":2924030.2559999991,"Depth_Class":"1 - 2 m","District":"Al Qozaz"}},{"type":"Feature","id":1621,"geometry":{"type":"Point","coordinates":[409918.39199999999,2924127.3230000008]},"properties":{"OBJECTID":1621,"Zone":"Zone I","STRCTDPTH":1.7269999999999999,"ELEV_GND":4.8769999999999998,"ELEV_INV":3.1499999999999999,"LABEL":"I-MH-147-4","Inastallation_Status":1,"X":409918.39199999999,"Y":2924127.3230000008,"Depth_Class":"1 - 2 m","District":"Al Qozaz"}},{"type":"Feature","id":1622,"geometry":{"type":"Point","coordinates":[409862.0120000001,2924021.9989999998]},"properties":{"OBJECTID":1622,"Zone":"Zone I","STRCTDPTH":2.1180000000000003,"ELEV_GND":4.4130000000000003,"ELEV_INV":2.2949999999999999,"LABEL":"I-MH-148","Inastallation_Status":1,"X":409862.0120000001,"Y":2924021.9989999998,"Depth_Class":"2 - 3 m","District":"Al Qozaz"}},{"type":"Feature","id":1623,"geometry":{"type":"Point","coordinates":[409835.55700000003,2924021.9890000001]},"properties":{"OBJECTID":1623,"Zone":"Zone I","STRCTDPTH":1.7119999999999997,"ELEV_GND":4.2519999999999998,"ELEV_INV":2.54,"LABEL":"I-MH-148-1","Inastallation_Status":1,"X":409835.55700000003,"Y":2924021.9890000001,"Depth_Class":"1 - 2 m","District":"Al Qozaz"}},{"type":"Feature","id":1624,"geometry":{"type":"Point","coordinates":[409908.72200000007,2924021.7339999992]},"properties":{"OBJECTID":1624,"Zone":"Zone I","STRCTDPTH":1.7119999999999997,"ELEV_GND":4.5019999999999998,"ELEV_INV":2.79,"LABEL":"I-MH-148-2","Inastallation_Status":1,"X":409908.72200000007,"Y":2924021.7339999992,"Depth_Class":"1 - 2 m","District":"Al Qozaz"}},{"type":"Feature","id":1625,"geometry":{"type":"Point","coordinates":[409860.90000000037,2923954.3239999991]},"properties":{"OBJECTID":1625,"Zone":"Zone I","STRCTDPTH":1.7120000000000002,"ELEV_GND":4.2240000000000002,"ELEV_INV":2.512,"LABEL":"I-MH-149","Inastallation_Status":1,"X":409860.90000000037,"Y":2923954.3239999991,"Depth_Class":"1 - 2 m","District":"Al Qozaz"}},{"type":"Feature","id":1626,"geometry":{"type":"Point","coordinates":[409582.94919999968,2924229.1711999997]},"properties":{"OBJECTID":1626,"Zone":"Zone I","STRCTDPTH":3.6679999999999997,"ELEV_GND":3.9529999999999998,"ELEV_INV":0.28499999999999998,"LABEL":"I-MH-150","Inastallation_Status":1,"X":409582.94919999968,"Y":2924229.1711999997,"Depth_Class":"3 - 4 m","District":"Al Qozaz"}},{"type":"Feature","id":1627,"geometry":{"type":"Point","coordinates":[409525.7723000003,2924229.4619999994]},"properties":{"OBJECTID":1627,"Zone":"Zone I","STRCTDPTH":2.2510000000000003,"ELEV_GND":3.7610000000000001,"ELEV_INV":1.51,"LABEL":"I-MH-150-1","Inastallation_Status":1,"X":409525.7723000003,"Y":2924229.4619999994,"Depth_Class":"2 - 3 m","District":"Al Qozaz"}},{"type":"Feature","id":1628,"geometry":{"type":"Point","coordinates":[409640.10800000001,2924191.2029999997]},"properties":{"OBJECTID":1628,"Zone":"Zone I","STRCTDPTH":1.8749999999999996,"ELEV_GND":4.0309999999999997,"ELEV_INV":2.1560000000000001,"LABEL":"I-MH-150-10","Inastallation_Status":1,"X":409640.10800000001,"Y":2924191.2029999997,"Depth_Class":"1 - 2 m","District":"Al Qozaz"}},{"type":"Feature","id":1629,"geometry":{"type":"Point","coordinates":[409639.09200000018,2924172.2780000009]},"properties":{"OBJECTID":1629,"Zone":"Zone I","STRCTDPTH":1.7879999999999994,"ELEV_GND":4.0039999999999996,"ELEV_INV":2.2160000000000002,"LABEL":"I-MH-150-11","Inastallation_Status":1,"X":409639.09200000018,"Y":2924172.2780000009,"Depth_Class":"1 - 2 m","District":"Al Qozaz"}},{"type":"Feature","id":1630,"geometry":{"type":"Point","coordinates":[409638.69799999986,2924156.4079999998]},"properties":{"OBJECTID":1630,"Zone":"Zone I","STRCTDPTH":1.7650000000000001,"ELEV_GND":4.032,"ELEV_INV":2.2669999999999999,"LABEL":"I-MH-150-12","Inastallation_Status":1,"X":409638.69799999986,"Y":2924156.4079999998,"Depth_Class":"1 - 2 m","District":"Al Qozaz"}},{"type":"Feature","id":1631,"geometry":{"type":"Point","coordinates":[409524.91339999996,2924283.9765000008]},"properties":{"OBJECTID":1631,"Zone":"Zone I","STRCTDPTH":2.1659999999999999,"ELEV_GND":3.851,"ELEV_INV":1.6850000000000001,"LABEL":"I-MH-150-2","Inastallation_Status":1,"X":409524.91339999996,"Y":2924283.9765000008,"Depth_Class":"2 - 3 m","District":"Al Qozaz"}},{"type":"Feature","id":1632,"geometry":{"type":"Point","coordinates":[409524.24749999959,2924343.2366000004]},"properties":{"OBJECTID":1632,"Zone":"Zone I","STRCTDPTH":1.7649999999999997,"ELEV_GND":3.6389999999999998,"ELEV_INV":1.8740000000000001,"LABEL":"I-MH-150-3","Inastallation_Status":1,"X":409524.24749999959,"Y":2924343.2366000004,"Depth_Class":"1 - 2 m","District":"Al Qozaz"}},{"type":"Feature","id":1633,"geometry":{"type":"Point","coordinates":[409485.39279999956,2924284.3485000003]},"properties":{"OBJECTID":1633,"Zone":"Zone I","STRCTDPTH":1.7650000000000001,"ELEV_GND":3.8090000000000002,"ELEV_INV":2.044,"LABEL":"I-MH-150-4","Inastallation_Status":1,"X":409485.39279999956,"Y":2924284.3485000003,"Depth_Class":"1 - 2 m","District":"Al Qozaz"}},{"type":"Feature","id":1634,"geometry":{"type":"Point","coordinates":[409556.97599999979,2924284.4629999995]},"properties":{"OBJECTID":1634,"Zone":"Zone I","STRCTDPTH":1.7650000000000001,"ELEV_GND":3.8500000000000001,"ELEV_INV":2.085,"LABEL":"I-MH-150-5","Inastallation_Status":1,"X":409556.97599999979,"Y":2924284.4629999995,"Depth_Class":"1 - 2 m","District":"Al Qozaz"}},{"type":"Feature","id":1635,"geometry":{"type":"Point","coordinates":[409470.7695000004,2924231.1558999997]},"properties":{"OBJECTID":1635,"Zone":"Zone I","STRCTDPTH":1.7649999999999997,"ELEV_GND":3.9289999999999998,"ELEV_INV":2.1640000000000001,"LABEL":"I-MH-150-6","Inastallation_Status":1,"X":409470.7695000004,"Y":2924231.1558999997,"Depth_Class":"1 - 2 m","District":"Al Qozaz"}},{"type":"Feature","id":1636,"geometry":{"type":"Point","coordinates":[409524.57859999966,2924167.9801000003]},"properties":{"OBJECTID":1636,"Zone":"Zone I","STRCTDPTH":1.7649999999999997,"ELEV_GND":3.9569999999999999,"ELEV_INV":2.1920000000000002,"LABEL":"I-MH-150-7","Inastallation_Status":1,"X":409524.57859999966,"Y":2924167.9801000003,"Depth_Class":"1 - 2 m","District":"Al Qozaz"}},{"type":"Feature","id":1637,"geometry":{"type":"Point","coordinates":[409639.79899999965,2924226.2479999997]},"properties":{"OBJECTID":1637,"Zone":"Zone I","STRCTDPTH":2.1799999999999997,"ELEV_GND":4.149,"ELEV_INV":1.9690000000000001,"LABEL":"I-MH-150-8","Inastallation_Status":1,"X":409639.79899999965,"Y":2924226.2479999997,"Depth_Class":"2 - 3 m","District":"Al Qozaz"}},{"type":"Feature","id":1638,"geometry":{"type":"Point","coordinates":[409641.03199999966,2924283.4370000008]},"properties":{"OBJECTID":1638,"Zone":"Zone I","STRCTDPTH":1.7649999999999997,"ELEV_GND":3.9169999999999998,"ELEV_INV":2.1520000000000001,"LABEL":"I-MH-150-9","Inastallation_Status":1,"X":409641.03199999966,"Y":2924283.4370000008,"Depth_Class":"1 - 2 m","District":"Al Qozaz"}},{"type":"Feature","id":1639,"geometry":{"type":"Point","coordinates":[409585.41619999986,2924151.4929000009]},"properties":{"OBJECTID":1639,"Zone":"Zone I","STRCTDPTH":3.3560000000000003,"ELEV_GND":3.9380000000000002,"ELEV_INV":0.58199999999999996,"LABEL":"I-MH-151","Inastallation_Status":1,"X":409585.41619999986,"Y":2924151.4929000009,"Depth_Class":"3 - 4 m","District":"Al Qozaz"}},{"type":"Feature","id":1640,"geometry":{"type":"Point","coordinates":[409636.90180000011,2924150.1326000001]},"properties":{"OBJECTID":1640,"Zone":"Zone I","STRCTDPTH":3.2590000000000003,"ELEV_GND":4.0060000000000002,"ELEV_INV":0.747,"LABEL":"I-MH-152","Inastallation_Status":1,"X":409636.90180000011,"Y":2924150.1326000001,"Depth_Class":"3 - 4 m","District":"Al Qozaz"}},{"type":"Feature","id":1641,"geometry":{"type":"Point","coordinates":[409636.76900000032,2924077.068]},"properties":{"OBJECTID":1641,"Zone":"Zone I","STRCTDPTH":3.1840000000000002,"ELEV_GND":4.165,"ELEV_INV":0.98099999999999998,"LABEL":"I-MH-153","Inastallation_Status":1,"X":409636.76900000032,"Y":2924077.068,"Depth_Class":"3 - 4 m","District":"Al Qozaz"}},{"type":"Feature","id":1642,"geometry":{"type":"Point","coordinates":[409588.91750000045,2924076.9396000002]},"properties":{"OBJECTID":1642,"Zone":"Zone I","STRCTDPTH":1.7649999999999997,"ELEV_GND":4.0389999999999997,"ELEV_INV":2.274,"LABEL":"I-MH-153-1","Inastallation_Status":1,"X":409588.91750000045,"Y":2924076.9396000002,"Depth_Class":"1 - 2 m","District":"Al Qozaz"}},{"type":"Feature","id":1643,"geometry":{"type":"Point","coordinates":[409636.32100000046,2924023.9059999995]},"properties":{"OBJECTID":1643,"Zone":"Zone I","STRCTDPTH":1.8949999999999996,"ELEV_GND":4.1239999999999997,"ELEV_INV":2.2290000000000001,"LABEL":"I-MH-153-2","Inastallation_Status":1,"X":409636.32100000046,"Y":2924023.9059999995,"Depth_Class":"1 - 2 m","District":"Al Qozaz"}},{"type":"Feature","id":1644,"geometry":{"type":"Point","coordinates":[409595.79999999981,2924023.9560000002]},"properties":{"OBJECTID":1644,"Zone":"Zone I","STRCTDPTH":1.7649999999999997,"ELEV_GND":4.1239999999999997,"ELEV_INV":2.359,"LABEL":"I-MH-153-3","Inastallation_Status":1,"X":409595.79999999981,"Y":2924023.9560000002,"Depth_Class":"1 - 2 m","District":"Al Qozaz"}},{"type":"Feature","id":1645,"geometry":{"type":"Point","coordinates":[409673.55379999988,2924023.0753000006]},"properties":{"OBJECTID":1645,"Zone":"Zone I","STRCTDPTH":1.7650000000000001,"ELEV_GND":4.181,"ELEV_INV":2.4159999999999999,"LABEL":"I-MH-153-4","Inastallation_Status":1,"X":409673.55379999988,"Y":2924023.0753000006,"Depth_Class":"1 - 2 m","District":"Al Qozaz"}},{"type":"Feature","id":1646,"geometry":{"type":"Point","coordinates":[409636.12999999989,2923969.8080000002]},"properties":{"OBJECTID":1646,"Zone":"Zone I","STRCTDPTH":1.7650000000000001,"ELEV_GND":4.2590000000000003,"ELEV_INV":2.4940000000000002,"LABEL":"I-MH-153-5","Inastallation_Status":1,"X":409636.12999999989,"Y":2923969.8080000002,"Depth_Class":"1 - 2 m","District":"Al Qozaz"}},{"type":"Feature","id":1647,"geometry":{"type":"Point","coordinates":[409674.69600000046,2924076.0889999997]},"properties":{"OBJECTID":1647,"Zone":"Zone I","STRCTDPTH":3.2540000000000004,"ELEV_GND":4.3570000000000002,"ELEV_INV":1.103,"LABEL":"I-MH-154","Inastallation_Status":1,"X":409674.69600000046,"Y":2924076.0889999997,"Depth_Class":"3 - 4 m","District":"Al Qozaz"}},{"type":"Feature","id":1648,"geometry":{"type":"Point","coordinates":[409692.82830000017,2924076.2851999998]},"properties":{"OBJECTID":1648,"Zone":"Zone I","STRCTDPTH":3.1999999999999997,"ELEV_GND":4.3609999999999998,"ELEV_INV":1.161,"LABEL":"I-MH-155","Inastallation_Status":1,"X":409692.82830000017,"Y":2924076.2851999998,"Depth_Class":"3 - 4 m","District":"Al Qozaz"}},{"type":"Feature","id":1649,"geometry":{"type":"Point","coordinates":[409694.70299999975,2924131.4059999995]},"properties":{"OBJECTID":1649,"Zone":"Zone I","STRCTDPTH":2.8790000000000004,"ELEV_GND":4.2160000000000002,"ELEV_INV":1.337,"LABEL":"I-MH-155-1","Inastallation_Status":1,"X":409694.70299999975,"Y":2924131.4059999995,"Depth_Class":"2 - 3 m","District":"Al Qozaz"}},{"type":"Feature","id":1650,"geometry":{"type":"Point","coordinates":[409694.04899999965,2924155.1400000006]},"properties":{"OBJECTID":1650,"Zone":"Zone I","STRCTDPTH":2.7000000000000002,"ELEV_GND":4.1130000000000004,"ELEV_INV":1.413,"LABEL":"I-MH-155-2","Inastallation_Status":1,"X":409694.04899999965,"Y":2924155.1400000006,"Depth_Class":"2 - 3 m","District":"Al Qozaz"}},{"type":"Feature","id":1651,"geometry":{"type":"Point","coordinates":[409692.54899999965,2924002.9059999995]},"properties":{"OBJECTID":1651,"Zone":"Zone I","STRCTDPTH":2.0680000000000001,"ELEV_GND":4.0880000000000001,"ELEV_INV":2.02,"LABEL":"I-MH-155-3","Inastallation_Status":1,"X":409692.54899999965,"Y":2924002.9059999995,"Depth_Class":"2 - 3 m","District":"Al Qozaz"}},{"type":"Feature","id":1652,"geometry":{"type":"Point","coordinates":[409692.64499999955,2923962.8450000007]},"properties":{"OBJECTID":1652,"Zone":"Zone I","STRCTDPTH":1.7119999999999997,"ELEV_GND":3.8599999999999999,"ELEV_INV":2.1480000000000001,"LABEL":"I-MH-155-4","Inastallation_Status":1,"X":409692.64499999955,"Y":2923962.8450000007,"Depth_Class":"1 - 2 m","District":"Al Qozaz"}},{"type":"Feature","id":1653,"geometry":{"type":"Point","coordinates":[409691.63800000027,2923949.5179999992]},"properties":{"OBJECTID":1653,"Zone":"Zone I","STRCTDPTH":1.7170000000000001,"ELEV_GND":3.9079999999999999,"ELEV_INV":2.1909999999999998,"LABEL":"I-MH-155-5","Inastallation_Status":1,"X":409691.63800000027,"Y":2923949.5179999992,"Depth_Class":"1 - 2 m","District":"Al Qozaz"}},{"type":"Feature","id":1654,"geometry":{"type":"Point","coordinates":[409749.64800000004,2924075.9890000001]},"properties":{"OBJECTID":1654,"Zone":"Zone I","STRCTDPTH":2.431,"ELEV_GND":4.3479999999999999,"ELEV_INV":1.917,"LABEL":"I-MH-156","Inastallation_Status":1,"X":409749.64800000004,"Y":2924075.9890000001,"Depth_Class":"2 - 3 m","District":"Al Qozaz"}},{"type":"Feature","id":1655,"geometry":{"type":"Point","coordinates":[409747.90649999958,2924145.4363000002]},"properties":{"OBJECTID":1655,"Zone":"Zone I","STRCTDPTH":1.7119999999999997,"ELEV_GND":4.1289999999999996,"ELEV_INV":2.4169999999999998,"LABEL":"I-MH-156-1","Inastallation_Status":1,"X":409747.90649999958,"Y":2924145.4363000002,"Depth_Class":"1 - 2 m","District":"Al Qozaz"}},{"type":"Feature","id":1656,"geometry":{"type":"Point","coordinates":[409749.50100000016,2924023.0510000009]},"properties":{"OBJECTID":1656,"Zone":"Zone I","STRCTDPTH":2.2170000000000001,"ELEV_GND":4.3029999999999999,"ELEV_INV":2.0859999999999999,"LABEL":"I-MH-157","Inastallation_Status":1,"X":409749.50100000016,"Y":2924023.0510000009,"Depth_Class":"2 - 3 m","District":"Al Qozaz"}},{"type":"Feature","id":1657,"geometry":{"type":"Point","coordinates":[409711.9040000001,2924022.8870000001]},"properties":{"OBJECTID":1657,"Zone":"Zone I","STRCTDPTH":1.7650000000000001,"ELEV_GND":4.258,"ELEV_INV":2.4929999999999999,"LABEL":"I-MH-157-1","Inastallation_Status":1,"X":409711.9040000001,"Y":2924022.8870000001,"Depth_Class":"1 - 2 m","District":"Al Qozaz"}},{"type":"Feature","id":1658,"geometry":{"type":"Point","coordinates":[409772.61199999973,2924022.3920000009]},"properties":{"OBJECTID":1658,"Zone":"Zone I","STRCTDPTH":1.7120000000000002,"ELEV_GND":4.266,"ELEV_INV":2.5539999999999998,"LABEL":"I-MH-157-2","Inastallation_Status":1,"X":409772.61199999973,"Y":2924022.3920000009,"Depth_Class":"1 - 2 m","District":"Al Qozaz"}},{"type":"Feature","id":1659,"geometry":{"type":"Point","coordinates":[409749.2993999999,2923956.2499000002]},"properties":{"OBJECTID":1659,"Zone":"Zone I","STRCTDPTH":1.7119999999999997,"ELEV_GND":4.0119999999999996,"ELEV_INV":2.2999999999999998,"LABEL":"I-MH-158","Inastallation_Status":1,"X":409749.2993999999,"Y":2923956.2499000002,"Depth_Class":"1 - 2 m","District":"Al Qozaz"}},{"type":"Feature","id":1660,"geometry":{"type":"Point","coordinates":[409466.85900000017,2924431.5889999997]},"properties":{"OBJECTID":1660,"Zone":"Zone I","STRCTDPTH":3.5459999999999998,"ELEV_GND":3.8199999999999998,"ELEV_INV":0.27400000000000002,"LABEL":"I-MH-159","Inastallation_Status":1,"X":409466.85900000017,"Y":2924431.5889999997,"Depth_Class":"3 - 4 m","District":"Al Qozaz"}},{"type":"Feature","id":1661,"geometry":{"type":"Point","coordinates":[409467.31300000008,2924386.8330000006]},"properties":{"OBJECTID":1661,"Zone":"Zone I","STRCTDPTH":3.331,"ELEV_GND":3.7149999999999999,"ELEV_INV":0.38400000000000001,"LABEL":"I-MH-160","Inastallation_Status":1,"X":409467.31300000008,"Y":2924386.8330000006,"Depth_Class":"3 - 4 m","District":"Al Qozaz"}},{"type":"Feature","id":1662,"geometry":{"type":"Point","coordinates":[409466.87200000044,2924327.8010000009]},"properties":{"OBJECTID":1662,"Zone":"Zone I","STRCTDPTH":3.1379999999999999,"ELEV_GND":3.6680000000000001,"ELEV_INV":0.53000000000000003,"LABEL":"I-MH-161","Inastallation_Status":1,"X":409466.87200000044,"Y":2924327.8010000009,"Depth_Class":"3 - 4 m","District":"Al Qozaz"}},{"type":"Feature","id":1663,"geometry":{"type":"Point","coordinates":[409466.6370000001,2924280.6950000003]},"properties":{"OBJECTID":1663,"Zone":"Zone I","STRCTDPTH":3.1539999999999999,"ELEV_GND":3.8010000000000002,"ELEV_INV":0.64700000000000002,"LABEL":"I-MH-162","Inastallation_Status":1,"X":409466.6370000001,"Y":2924280.6950000003,"Depth_Class":"3 - 4 m","District":"Al Qozaz"}},{"type":"Feature","id":1664,"geometry":{"type":"Point","coordinates":[409468.14250000007,2924219.3605000004]},"properties":{"OBJECTID":1664,"Zone":"Zone I","STRCTDPTH":3.0609999999999999,"ELEV_GND":3.9529999999999998,"ELEV_INV":0.89200000000000002,"LABEL":"I-MH-163","Inastallation_Status":1,"X":409468.14250000007,"Y":2924219.3605000004,"Depth_Class":"3 - 4 m","District":"Al Qozaz"}},{"type":"Feature","id":1665,"geometry":{"type":"Point","coordinates":[409465.53500000015,2924149.3460000008]},"properties":{"OBJECTID":1665,"Zone":"Zone I","STRCTDPTH":2.7969999999999997,"ELEV_GND":3.9129999999999998,"ELEV_INV":1.1160000000000001,"LABEL":"I-MH-164","Inastallation_Status":1,"X":409465.53500000015,"Y":2924149.3460000008,"Depth_Class":"2 - 3 m","District":"Al Qozaz"}},{"type":"Feature","id":1666,"geometry":{"type":"Point","coordinates":[409408.03600000031,2924149.7860000003]},"properties":{"OBJECTID":1666,"Zone":"Zone I","STRCTDPTH":2.4619999999999997,"ELEV_GND":3.762,"ELEV_INV":1.3,"LABEL":"I-MH-164-1","Inastallation_Status":1,"X":409408.03600000031,"Y":2924149.7860000003,"Depth_Class":"2 - 3 m","District":"Al Qozaz"}},{"type":"Feature","id":1667,"geometry":{"type":"Point","coordinates":[409357.67599999998,2924150.1400000006]},"properties":{"OBJECTID":1667,"Zone":"Zone I","STRCTDPTH":2.0890000000000004,"ELEV_GND":3.8690000000000002,"ELEV_INV":1.78,"LABEL":"I-MH-164-1-1","Inastallation_Status":1,"X":409357.67599999998,"Y":2924150.1400000006,"Depth_Class":"2 - 3 m","District":"Al Qozaz"}},{"type":"Feature","id":1668,"geometry":{"type":"Point","coordinates":[409317.5120000001,2924150.2400000002]},"properties":{"OBJECTID":1668,"Zone":"Zone I","STRCTDPTH":1.9029999999999998,"ELEV_GND":3.8119999999999998,"ELEV_INV":1.909,"LABEL":"I-MH-164-1-2","Inastallation_Status":1,"X":409317.5120000001,"Y":2924150.2400000002,"Depth_Class":"1 - 2 m","District":"Al Qozaz"}},{"type":"Feature","id":1669,"geometry":{"type":"Point","coordinates":[409279.55099999998,2924150.227]},"properties":{"OBJECTID":1669,"Zone":"Zone I","STRCTDPTH":1.7650000000000001,"ELEV_GND":3.7949999999999999,"ELEV_INV":2.0299999999999998,"LABEL":"I-MH-164-1-3","Inastallation_Status":1,"X":409279.55099999998,"Y":2924150.227,"Depth_Class":"1 - 2 m","District":"Al Qozaz"}},{"type":"Feature","id":1670,"geometry":{"type":"Point","coordinates":[409408.43300000019,2924202.9199999999]},"properties":{"OBJECTID":1670,"Zone":"Zone I","STRCTDPTH":2.3740000000000001,"ELEV_GND":3.8450000000000002,"ELEV_INV":1.4710000000000001,"LABEL":"I-MH-164-2","Inastallation_Status":1,"X":409408.43300000019,"Y":2924202.9199999999,"Depth_Class":"2 - 3 m","District":"Al Qozaz"}},{"type":"Feature","id":1671,"geometry":{"type":"Point","coordinates":[409358.76599999983,2924203.2109999992]},"properties":{"OBJECTID":1671,"Zone":"Zone I","STRCTDPTH":2.109,"ELEV_GND":3.738,"ELEV_INV":1.629,"LABEL":"I-MH-164-2-1","Inastallation_Status":1,"X":409358.76599999983,"Y":2924203.2109999992,"Depth_Class":"2 - 3 m","District":"Al Qozaz"}},{"type":"Feature","id":1672,"geometry":{"type":"Point","coordinates":[409290.14599999972,2924203.6400000006]},"properties":{"OBJECTID":1672,"Zone":"Zone I","STRCTDPTH":1.7649999999999999,"ELEV_GND":3.6139999999999999,"ELEV_INV":1.849,"LABEL":"I-MH-164-2-2","Inastallation_Status":1,"X":409290.14599999972,"Y":2924203.6400000006,"Depth_Class":"1 - 2 m","District":"Al Qozaz"}},{"type":"Feature","id":1673,"geometry":{"type":"Point","coordinates":[409408.95500000007,2924278.7259999998]},"properties":{"OBJECTID":1673,"Zone":"Zone I","STRCTDPTH":2.0360000000000005,"ELEV_GND":3.9180000000000001,"ELEV_INV":1.8819999999999999,"LABEL":"I-MH-164-3","Inastallation_Status":1,"X":409408.95500000007,"Y":2924278.7259999998,"Depth_Class":"2 - 3 m","District":"Al Qozaz"}},{"type":"Feature","id":1674,"geometry":{"type":"Point","coordinates":[409409.34800000023,2924323.7029999997]},"properties":{"OBJECTID":1674,"Zone":"Zone I","STRCTDPTH":1.9670000000000001,"ELEV_GND":3.9929999999999999,"ELEV_INV":2.0259999999999998,"LABEL":"I-MH-164-4","Inastallation_Status":1,"X":409409.34800000023,"Y":2924323.7029999997,"Depth_Class":"1 - 2 m","District":"Al Qozaz"}},{"type":"Feature","id":1675,"geometry":{"type":"Point","coordinates":[409409.63200000022,2924368.852]},"properties":{"OBJECTID":1675,"Zone":"Zone I","STRCTDPTH":1.7650000000000001,"ELEV_GND":3.9350000000000001,"ELEV_INV":2.1699999999999999,"LABEL":"I-MH-164-5","Inastallation_Status":1,"X":409409.63200000022,"Y":2924368.852,"Depth_Class":"1 - 2 m","District":"Al Qozaz"}},{"type":"Feature","id":1676,"geometry":{"type":"Point","coordinates":[409464.87299999967,2924092.557]},"properties":{"OBJECTID":1676,"Zone":"Zone I","STRCTDPTH":1.9560000000000002,"ELEV_GND":3.7850000000000001,"ELEV_INV":1.829,"LABEL":"I-MH-165","Inastallation_Status":1,"X":409464.87299999967,"Y":2924092.557,"Depth_Class":"1 - 2 m","District":"Al Qozaz"}},{"type":"Feature","id":1677,"geometry":{"type":"Point","coordinates":[409414.74799999967,2924091.7949999999]},"properties":{"OBJECTID":1677,"Zone":"Zone I","STRCTDPTH":1.7649999999999999,"ELEV_GND":3.754,"ELEV_INV":1.9890000000000001,"LABEL":"I-MH-166","Inastallation_Status":1,"X":409414.74799999967,"Y":2924091.7949999999,"Depth_Class":"1 - 2 m","District":"Al Qozaz"}},{"type":"Feature","id":1678,"geometry":{"type":"Point","coordinates":[409374.67700000014,2924091.4580000006]},"properties":{"OBJECTID":1678,"Zone":"Zone I","STRCTDPTH":1.794,"ELEV_GND":3.911,"ELEV_INV":2.117,"LABEL":"I-MH-167","Inastallation_Status":1,"X":409374.67700000014,"Y":2924091.4580000006,"Depth_Class":"1 - 2 m","District":"Al Qozaz"}},{"type":"Feature","id":1679,"geometry":{"type":"Point","coordinates":[409339.74100000039,2924091.2060000002]},"properties":{"OBJECTID":1679,"Zone":"Zone I","STRCTDPTH":1.7650000000000001,"ELEV_GND":4.008,"ELEV_INV":2.2429999999999999,"LABEL":"I-MH-168","Inastallation_Status":1,"X":409339.74100000039,"Y":2924091.2060000002,"Depth_Class":"1 - 2 m","District":"Al Qozaz"}},{"type":"Feature","id":1680,"geometry":{"type":"Point","coordinates":[409289.70500000007,2924091.5869999994]},"properties":{"OBJECTID":1680,"Zone":"Zone I","STRCTDPTH":1.8030000000000004,"ELEV_GND":4.2060000000000004,"ELEV_INV":2.403,"LABEL":"I-MH-169","Inastallation_Status":1,"X":409289.70500000007,"Y":2924091.5869999994,"Depth_Class":"1 - 2 m","District":"Al Qozaz"}},{"type":"Feature","id":1681,"geometry":{"type":"Point","coordinates":[409517.47279999964,2923738.3497000001]},"properties":{"OBJECTID":1681,"Zone":"Zone I","STRCTDPTH":3.4629999999999996,"ELEV_GND":3.9089999999999998,"ELEV_INV":0.44600000000000001,"LABEL":"I-MH-170","Inastallation_Status":1,"X":409517.47279999964,"Y":2923738.3497000001,"Depth_Class":"3 - 4 m","District":"Al Badia"}},{"type":"Feature","id":1682,"geometry":{"type":"Point","coordinates":[409519.73350000009,2923669.8403999992]},"properties":{"OBJECTID":1682,"Zone":"Zone I","STRCTDPTH":2.1609999999999996,"ELEV_GND":4.2859999999999996,"ELEV_INV":2.125,"LABEL":"I-MH-170-1","Inastallation_Status":1,"X":409519.73350000009,"Y":2923669.8403999992,"Depth_Class":"2 - 3 m","District":"Al Badia"}},{"type":"Feature","id":1683,"geometry":{"type":"Point","coordinates":[409520.09549999982,2923639.2501999997]},"properties":{"OBJECTID":1683,"Zone":"Zone I","STRCTDPTH":2.2999999999999998,"ELEV_GND":4.5229999999999997,"ELEV_INV":2.2229999999999999,"LABEL":"I-MH-170-2","Inastallation_Status":1,"X":409520.09549999982,"Y":2923639.2501999997,"Depth_Class":"2 - 3 m","District":"Al Badia"}},{"type":"Feature","id":1684,"geometry":{"type":"Point","coordinates":[409460.54409999959,2923747.3114999998]},"properties":{"OBJECTID":1684,"Zone":"Zone I","STRCTDPTH":3.274,"ELEV_GND":3.786,"ELEV_INV":0.51200000000000001,"LABEL":"I-MH-171","Inastallation_Status":1,"X":409460.54409999959,"Y":2923747.3114999998,"Depth_Class":"3 - 4 m","District":"Al Badia"}},{"type":"Feature","id":1685,"geometry":{"type":"Point","coordinates":[409462.53519999981,2923650.4726]},"properties":{"OBJECTID":1685,"Zone":"Zone I","STRCTDPTH":1.7650000000000001,"ELEV_GND":4.0540000000000003,"ELEV_INV":2.2890000000000001,"LABEL":"I-MH-171-1","Inastallation_Status":1,"X":409462.53519999981,"Y":2923650.4726,"Depth_Class":"1 - 2 m","District":"Al Badia"}},{"type":"Feature","id":1686,"geometry":{"type":"Point","coordinates":[409293.9682,2923737.0331999995]},"properties":{"OBJECTID":1686,"Zone":"Zone I","STRCTDPTH":3.5499999999999998,"ELEV_GND":4.2549999999999999,"ELEV_INV":0.70499999999999996,"LABEL":"I-MH-174","Inastallation_Status":1,"X":409293.9682,"Y":2923737.0331999995,"Depth_Class":"3 - 4 m","District":"Al Badia"}},{"type":"Feature","id":1687,"geometry":{"type":"Point","coordinates":[409293.50600000005,2923706.8929999992]},"properties":{"OBJECTID":1687,"Zone":"Zone I","STRCTDPTH":1.9350000000000005,"ELEV_GND":4.4850000000000003,"ELEV_INV":2.5499999999999998,"LABEL":"I-MH-174-1","Inastallation_Status":1,"X":409293.50600000005,"Y":2923706.8929999992,"Depth_Class":"1 - 2 m","District":"Al Badia"}},{"type":"Feature","id":1688,"geometry":{"type":"Point","coordinates":[409253.53550000023,2923814.5698000006]},"properties":{"OBJECTID":1688,"Zone":"Zone I","STRCTDPTH":1.7650000000000001,"ELEV_GND":4.2560000000000002,"ELEV_INV":2.4910000000000001,"LABEL":"I-MH-174-10","Inastallation_Status":1,"X":409253.53550000023,"Y":2923814.5698000006,"Depth_Class":"1 - 2 m","District":"Al Badia"}},{"type":"Feature","id":1689,"geometry":{"type":"Point","coordinates":[409333.52170000039,2923866.2901000008]},"properties":{"OBJECTID":1689,"Zone":"Zone I","STRCTDPTH":1.7650000000000001,"ELEV_GND":4.3490000000000002,"ELEV_INV":2.5840000000000001,"LABEL":"I-MH-174-11","Inastallation_Status":1,"X":409333.52170000039,"Y":2923866.2901000008,"Depth_Class":"1 - 2 m","District":"Al Badia"}},{"type":"Feature","id":1690,"geometry":{"type":"Point","coordinates":[409294.73300000001,2923652.148]},"properties":{"OBJECTID":1690,"Zone":"Zone I","STRCTDPTH":1.7650000000000001,"ELEV_GND":4.4900000000000002,"ELEV_INV":2.7250000000000001,"LABEL":"I-MH-174-2","Inastallation_Status":1,"X":409294.73300000001,"Y":2923652.148,"Depth_Class":"1 - 2 m","District":"Al Badia"}},{"type":"Feature","id":1691,"geometry":{"type":"Point","coordinates":[409296.00899999961,2923764.5549999997]},"properties":{"OBJECTID":1691,"Zone":"Zone I","STRCTDPTH":3.0800000000000001,"ELEV_GND":4.29,"ELEV_INV":1.21,"LABEL":"I-MH-174-3","Inastallation_Status":1,"X":409296.00899999961,"Y":2923764.5549999997,"Depth_Class":"3 - 4 m","District":"Al Badia"}},{"type":"Feature","id":1692,"geometry":{"type":"Point","coordinates":[409295.01099999994,2923813.0480000004]},"properties":{"OBJECTID":1692,"Zone":"Zone I","STRCTDPTH":3.0750000000000002,"ELEV_GND":4.4400000000000004,"ELEV_INV":1.365,"LABEL":"I-MH-174-4","Inastallation_Status":1,"X":409295.01099999994,"Y":2923813.0480000004,"Depth_Class":"3 - 4 m","District":"Al Badia"}},{"type":"Feature","id":1693,"geometry":{"type":"Point","coordinates":[409340.39410000015,2923813.4612000007]},"properties":{"OBJECTID":1693,"Zone":"Zone I","STRCTDPTH":2.3999999999999999,"ELEV_GND":3.9089999999999998,"ELEV_INV":1.5089999999999999,"LABEL":"I-MH-174-5","Inastallation_Status":1,"X":409340.39410000015,"Y":2923813.4612000007,"Depth_Class":"2 - 3 m","District":"Al Badia"}},{"type":"Feature","id":1694,"geometry":{"type":"Point","coordinates":[409297.29000000004,2923834.2060000002]},"properties":{"OBJECTID":1694,"Zone":"Zone I","STRCTDPTH":2.4630000000000001,"ELEV_GND":4.4279999999999999,"ELEV_INV":1.9650000000000001,"LABEL":"I-MH-174-6","Inastallation_Status":1,"X":409297.29000000004,"Y":2923834.2060000002,"Depth_Class":"2 - 3 m","District":"Al Badia"}},{"type":"Feature","id":1695,"geometry":{"type":"Point","coordinates":[409296.62200000044,2923866.5969999991]},"properties":{"OBJECTID":1695,"Zone":"Zone I","STRCTDPTH":2.286,"ELEV_GND":4.3540000000000001,"ELEV_INV":2.0680000000000001,"LABEL":"I-MH-174-7","Inastallation_Status":1,"X":409296.62200000044,"Y":2923866.5969999991,"Depth_Class":"2 - 3 m","District":"Al Badia"}},{"type":"Feature","id":1696,"geometry":{"type":"Point","coordinates":[409257.70500000007,2923867.5779999997]},"properties":{"OBJECTID":1696,"Zone":"Zone I","STRCTDPTH":1.7650000000000001,"ELEV_GND":3.9580000000000002,"ELEV_INV":2.1930000000000001,"LABEL":"I-MH-174-8","Inastallation_Status":1,"X":409257.70500000007,"Y":2923867.5779999997,"Depth_Class":"1 - 2 m","District":"Al Badia"}},{"type":"Feature","id":1697,"geometry":{"type":"Point","coordinates":[409297.60500000045,2923914.9179999996]},"properties":{"OBJECTID":1697,"Zone":"Zone I","STRCTDPTH":1.7650000000000006,"ELEV_GND":4.1130000000000004,"ELEV_INV":2.3479999999999999,"LABEL":"I-MH-174-9","Inastallation_Status":1,"X":409297.60500000045,"Y":2923914.9179999996,"Depth_Class":"1 - 2 m","District":"Al Badia"}},{"type":"Feature","id":1698,"geometry":{"type":"Point","coordinates":[409230.16199999955,2923739.1899999995]},"properties":{"OBJECTID":1698,"Zone":"Zone I","STRCTDPTH":3.4979999999999998,"ELEV_GND":4.2759999999999998,"ELEV_INV":0.77800000000000002,"LABEL":"I-MH-175","Inastallation_Status":1,"X":409230.16199999955,"Y":2923739.1899999995,"Depth_Class":"3 - 4 m","District":"Al Badia"}},{"type":"Feature","id":1699,"geometry":{"type":"Point","coordinates":[409229.6679999996,2923681.9360000007]},"properties":{"OBJECTID":1699,"Zone":"Zone I","STRCTDPTH":2.262,"ELEV_GND":4.4550000000000001,"ELEV_INV":2.1930000000000001,"LABEL":"I-MH-175-1","Inastallation_Status":1,"X":409229.6679999996,"Y":2923681.9360000007,"Depth_Class":"2 - 3 m","District":"Al Badia"}},{"type":"Feature","id":1700,"geometry":{"type":"Point","coordinates":[408893.39900000021,2923511.8149999995]},"properties":{"OBJECTID":1700,"Zone":"Zone I","STRCTDPTH":2.0810000000000004,"ELEV_GND":6.1970000000000001,"ELEV_INV":4.1159999999999997,"LABEL":"I-MH-175-10","Inastallation_Status":1,"X":408893.39900000021,"Y":2923511.8149999995,"Depth_Class":"2 - 3 m","District":"Al Badia"}},{"type":"Feature","id":1701,"geometry":{"type":"Point","coordinates":[408865.75810000021,2923512.3804000001]},"properties":{"OBJECTID":1701,"Zone":"Zone I","STRCTDPTH":1.9799999999999995,"ELEV_GND":6.2199999999999998,"ELEV_INV":4.2400000000000002,"LABEL":"I-MH-175-11","Inastallation_Status":1,"X":408865.75810000021,"Y":2923512.3804000001,"Depth_Class":"1 - 2 m","District":"Al Badia"}},{"type":"Feature","id":1702,"geometry":{"type":"Point","coordinates":[408893.07270000037,2923563.6275999993]},"properties":{"OBJECTID":1702,"Zone":"Zone I","STRCTDPTH":2.2759999999999998,"ELEV_GND":6.8739999999999997,"ELEV_INV":4.5979999999999999,"LABEL":"I-MH-175-12","Inastallation_Status":1,"X":408893.07270000037,"Y":2923563.6275999993,"Depth_Class":"2 - 3 m","District":"Al Badia"}},{"type":"Feature","id":1703,"geometry":{"type":"Point","coordinates":[408892.90359999985,2923616.5989999995]},"properties":{"OBJECTID":1703,"Zone":"Zone I","STRCTDPTH":2.2880000000000003,"ELEV_GND":7.5659999999999998,"ELEV_INV":5.2779999999999996,"LABEL":"I-MH-175-13","Inastallation_Status":1,"X":408892.90359999985,"Y":2923616.5989999995,"Depth_Class":"2 - 3 m","District":"Al Badia"}},{"type":"Feature","id":1704,"geometry":{"type":"Point","coordinates":[409175.23900000006,2923737.6129999999]},"properties":{"OBJECTID":1704,"Zone":"Zone I","STRCTDPTH":2.6619999999999999,"ELEV_GND":4.3330000000000002,"ELEV_INV":1.671,"LABEL":"I-MH-175-14","Inastallation_Status":1,"X":409175.23900000006,"Y":2923737.6129999999,"Depth_Class":"2 - 3 m","District":"Al Badia"}},{"type":"Feature","id":1705,"geometry":{"type":"Point","coordinates":[409174.65600000042,2923792.5189999994]},"properties":{"OBJECTID":1705,"Zone":"Zone I","STRCTDPTH":1.7650000000000001,"ELEV_GND":4.3140000000000001,"ELEV_INV":2.5489999999999999,"LABEL":"I-MH-175-14-1","Inastallation_Status":1,"X":409174.65600000042,"Y":2923792.5189999994,"Depth_Class":"1 - 2 m","District":"Al Badia"}},{"type":"Feature","id":1706,"geometry":{"type":"Point","coordinates":[409174.45590000041,2923648.6963999998]},"properties":{"OBJECTID":1706,"Zone":"Zone I","STRCTDPTH":1.7650000000000001,"ELEV_GND":4.4930000000000003,"ELEV_INV":2.7280000000000002,"LABEL":"I-MH-175-14-2","Inastallation_Status":1,"X":409174.45590000041,"Y":2923648.6963999998,"Depth_Class":"1 - 2 m","District":"Al Badia"}},{"type":"Feature","id":1707,"geometry":{"type":"Point","coordinates":[409117.43800000008,2923738.5419999994]},"properties":{"OBJECTID":1707,"Zone":"Zone I","STRCTDPTH":2.2679999999999998,"ELEV_GND":4.173,"ELEV_INV":1.905,"LABEL":"I-MH-175-15","Inastallation_Status":1,"X":409117.43800000008,"Y":2923738.5419999994,"Depth_Class":"2 - 3 m","District":"Al Badia"}},{"type":"Feature","id":1708,"geometry":{"type":"Point","coordinates":[409118.98859999981,2923829.5775000006]},"properties":{"OBJECTID":1708,"Zone":"Zone I","STRCTDPTH":1.7650000000000001,"ELEV_GND":4.016,"ELEV_INV":2.2509999999999999,"LABEL":"I-MH-175-15-1","Inastallation_Status":1,"X":409118.98859999981,"Y":2923829.5775000006,"Depth_Class":"1 - 2 m","District":"Al Badia"}},{"type":"Feature","id":1709,"geometry":{"type":"Point","coordinates":[409117.63800000027,2923679.1370000001]},"properties":{"OBJECTID":1709,"Zone":"Zone I","STRCTDPTH":1.8260000000000005,"ELEV_GND":4.4240000000000004,"ELEV_INV":2.5979999999999999,"LABEL":"I-MH-175-15-2","Inastallation_Status":1,"X":409117.63800000027,"Y":2923679.1370000001,"Depth_Class":"1 - 2 m","District":"Al Badia"}},{"type":"Feature","id":1710,"geometry":{"type":"Point","coordinates":[409117.56300000008,2923653.716]},"properties":{"OBJECTID":1710,"Zone":"Zone I","STRCTDPTH":1.843,"ELEV_GND":4.5830000000000002,"ELEV_INV":2.7400000000000002,"LABEL":"I-MH-175-15-3","Inastallation_Status":1,"X":409117.56300000008,"Y":2923653.716,"Depth_Class":"1 - 2 m","District":"Al Badia"}},{"type":"Feature","id":1711,"geometry":{"type":"Point","coordinates":[409062.11500000022,2923738.9240000006]},"properties":{"OBJECTID":1711,"Zone":"Zone I","STRCTDPTH":2.1619999999999999,"ELEV_GND":4.2439999999999998,"ELEV_INV":2.0819999999999999,"LABEL":"I-MH-175-16","Inastallation_Status":1,"X":409062.11500000022,"Y":2923738.9240000006,"Depth_Class":"2 - 3 m","District":"Al Badia"}},{"type":"Feature","id":1712,"geometry":{"type":"Point","coordinates":[409061.44400000013,2923648.2550000008]},"properties":{"OBJECTID":1712,"Zone":"Zone I","STRCTDPTH":2.3970000000000002,"ELEV_GND":5.3970000000000002,"ELEV_INV":3,"LABEL":"I-MH-175-16-1","Inastallation_Status":1,"X":409061.44400000013,"Y":2923648.2550000008,"Depth_Class":"2 - 3 m","District":"Al Badia"}},{"type":"Feature","id":1713,"geometry":{"type":"Point","coordinates":[409063.56799999997,2923811.9014999997]},"properties":{"OBJECTID":1713,"Zone":"Zone I","STRCTDPTH":2.0610000000000004,"ELEV_GND":4.3760000000000003,"ELEV_INV":2.3149999999999999,"LABEL":"I-MH-175-16-2","Inastallation_Status":1,"X":409063.56799999997,"Y":2923811.9014999997,"Depth_Class":"2 - 3 m","District":"Al Badia"}},{"type":"Feature","id":1714,"geometry":{"type":"Point","coordinates":[409095.19770000037,2923813.0463999994]},"properties":{"OBJECTID":1714,"Zone":"Zone I","STRCTDPTH":1.7650000000000006,"ELEV_GND":4.1820000000000004,"ELEV_INV":2.4169999999999998,"LABEL":"I-MH-175-16-3","Inastallation_Status":1,"X":409095.19770000037,"Y":2923813.0463999994,"Depth_Class":"1 - 2 m","District":"Al Badia"}},{"type":"Feature","id":1715,"geometry":{"type":"Point","coordinates":[409045.63300000038,2923814.0789999999]},"properties":{"OBJECTID":1715,"Zone":"Zone I","STRCTDPTH":1.8139999999999996,"ELEV_GND":4.4829999999999997,"ELEV_INV":2.669,"LABEL":"I-MH-175-16-4","Inastallation_Status":1,"X":409045.63300000038,"Y":2923814.0789999999,"Depth_Class":"1 - 2 m","District":"Al Badia"}},{"type":"Feature","id":1716,"geometry":{"type":"Point","coordinates":[409003.61050000042,2923737.4952000007]},"properties":{"OBJECTID":1716,"Zone":"Zone I","STRCTDPTH":1.9260000000000002,"ELEV_GND":4.3620000000000001,"ELEV_INV":2.4359999999999999,"LABEL":"I-MH-175-17","Inastallation_Status":1,"X":409003.61050000042,"Y":2923737.4952000007,"Depth_Class":"1 - 2 m","District":"Al Badia"}},{"type":"Feature","id":1717,"geometry":{"type":"Point","coordinates":[409003.43890000042,2923800.1368000004]},"properties":{"OBJECTID":1717,"Zone":"Zone I","STRCTDPTH":1.7650000000000001,"ELEV_GND":4.4020000000000001,"ELEV_INV":2.637,"LABEL":"I-MH-175-17-1","Inastallation_Status":1,"X":409003.43890000042,"Y":2923800.1368000004,"Depth_Class":"1 - 2 m","District":"Al Badia"}},{"type":"Feature","id":1718,"geometry":{"type":"Point","coordinates":[409004.47699999996,2923682.1070000008]},"properties":{"OBJECTID":1718,"Zone":"Zone I","STRCTDPTH":2.7539999999999996,"ELEV_GND":5.5279999999999996,"ELEV_INV":2.774,"LABEL":"I-MH-175-17-2","Inastallation_Status":1,"X":409004.47699999996,"Y":2923682.1070000008,"Depth_Class":"2 - 3 m","District":"Al Badia"}},{"type":"Feature","id":1719,"geometry":{"type":"Point","coordinates":[409004.57400000002,2923653.0500000007]},"properties":{"OBJECTID":1719,"Zone":"Zone I","STRCTDPTH":2.0040000000000004,"ELEV_GND":5.8600000000000003,"ELEV_INV":3.8559999999999999,"LABEL":"I-MH-175-17-3","Inastallation_Status":1,"X":409004.57400000002,"Y":2923653.0500000007,"Depth_Class":"2 - 3 m","District":"Al Badia"}},{"type":"Feature","id":1720,"geometry":{"type":"Point","coordinates":[408947.9589999998,2923739.4289999995]},"properties":{"OBJECTID":1720,"Zone":"Zone I","STRCTDPTH":2.6000000000000001,"ELEV_GND":5.3250000000000002,"ELEV_INV":2.7250000000000001,"LABEL":"I-MH-175-18","Inastallation_Status":1,"X":408947.9589999998,"Y":2923739.4289999995,"Depth_Class":"2 - 3 m","District":"Al Badia"}},{"type":"Feature","id":1721,"geometry":{"type":"Point","coordinates":[408949.19600000046,2923814.7679999992]},"properties":{"OBJECTID":1721,"Zone":"Zone I","STRCTDPTH":2,"ELEV_GND":5.093,"ELEV_INV":3.093,"LABEL":"I-MH-175-18-1","Inastallation_Status":1,"X":408949.19600000046,"Y":2923814.7679999992,"Depth_Class":"2 - 3 m","District":"Al Badia"}},{"type":"Feature","id":1722,"geometry":{"type":"Point","coordinates":[408964.63999999966,2923814.5150000006]},"properties":{"OBJECTID":1722,"Zone":"Zone I","STRCTDPTH":1.8910000000000005,"ELEV_GND":5.0330000000000004,"ELEV_INV":3.1419999999999999,"LABEL":"I-MH-175-18-2","Inastallation_Status":1,"X":408964.63999999966,"Y":2923814.5150000006,"Depth_Class":"1 - 2 m","District":"Al Badia"}},{"type":"Feature","id":1723,"geometry":{"type":"Point","coordinates":[408919.69710000046,2923816.0886000004]},"properties":{"OBJECTID":1723,"Zone":"Zone I","STRCTDPTH":2.512,"ELEV_GND":5.6989999999999998,"ELEV_INV":3.1869999999999998,"LABEL":"I-MH-175-18-3","Inastallation_Status":1,"X":408919.69710000046,"Y":2923816.0886000004,"Depth_Class":"2 - 3 m","District":"Al Badia"}},{"type":"Feature","id":1724,"geometry":{"type":"Point","coordinates":[408948.02560000028,2923661.1111999992]},"properties":{"OBJECTID":1724,"Zone":"Zone I","STRCTDPTH":2.6189999999999998,"ELEV_GND":6.4299999999999997,"ELEV_INV":3.8109999999999999,"LABEL":"I-MH-175-18-4","Inastallation_Status":1,"X":408948.02560000028,"Y":2923661.1111999992,"Depth_Class":"2 - 3 m","District":"Al Badia"}},{"type":"Feature","id":1725,"geometry":{"type":"Point","coordinates":[408948.34059999976,2923636.2266000006]},"properties":{"OBJECTID":1725,"Zone":"Zone I","STRCTDPTH":2.0359999999999996,"ELEV_GND":6.7809999999999997,"ELEV_INV":4.7450000000000001,"LABEL":"I-MH-175-18-5","Inastallation_Status":1,"X":408948.34059999976,"Y":2923636.2266000006,"Depth_Class":"2 - 3 m","District":"Al Badia"}},{"type":"Feature","id":1726,"geometry":{"type":"Point","coordinates":[408894.32500000019,2923739.7510000002]},"properties":{"OBJECTID":1726,"Zone":"Zone I","STRCTDPTH":3.5830000000000006,"ELEV_GND":6.4800000000000004,"ELEV_INV":2.8969999999999998,"LABEL":"I-MH-175-19","Inastallation_Status":1,"X":408894.32500000019,"Y":2923739.7510000002,"Depth_Class":"3 - 4 m","District":"Al Badia"}},{"type":"Feature","id":1727,"geometry":{"type":"Point","coordinates":[409229.06799999997,2923626.6515999995]},"properties":{"OBJECTID":1727,"Zone":"Zone I","STRCTDPTH":2.258,"ELEV_GND":4.5350000000000001,"ELEV_INV":2.2770000000000001,"LABEL":"I-MH-175-2","Inastallation_Status":1,"X":409229.06799999997,"Y":2923626.6515999995,"Depth_Class":"2 - 3 m","District":"Al Badia"}},{"type":"Feature","id":1728,"geometry":{"type":"Point","coordinates":[409223.0290000001,2923620.3739999998]},"properties":{"OBJECTID":1728,"Zone":"Zone I","STRCTDPTH":1.883,"ELEV_GND":4.5449999999999999,"ELEV_INV":2.6619999999999999,"LABEL":"I-MH-175-2-1","Inastallation_Status":1,"X":409223.0290000001,"Y":2923620.3739999998,"Depth_Class":"1 - 2 m","District":"Al Badia"}},{"type":"Feature","id":1729,"geometry":{"type":"Point","coordinates":[409223.70029999968,2923536.9997000005]},"properties":{"OBJECTID":1729,"Zone":"Zone I","STRCTDPTH":1.7649999999999997,"ELEV_GND":4.6929999999999996,"ELEV_INV":2.9279999999999999,"LABEL":"I-MH-175-2-2","Inastallation_Status":1,"X":409223.70029999968,"Y":2923536.9997000005,"Depth_Class":"1 - 2 m","District":"Al Badia"}},{"type":"Feature","id":1730,"geometry":{"type":"Point","coordinates":[409228.53199999966,2923512.0639999993]},"properties":{"OBJECTID":1730,"Zone":"Zone I","STRCTDPTH":1.9369999999999998,"ELEV_GND":4.7789999999999999,"ELEV_INV":2.8420000000000001,"LABEL":"I-MH-175-2-3","Inastallation_Status":1,"X":409228.53199999966,"Y":2923512.0639999993,"Depth_Class":"1 - 2 m","District":"Al Badia"}},{"type":"Feature","id":1731,"geometry":{"type":"Point","coordinates":[409223.57290000003,2923511.5712000001]},"properties":{"OBJECTID":1731,"Zone":"Zone I","STRCTDPTH":1.7900000000000005,"ELEV_GND":4.7460000000000004,"ELEV_INV":2.956,"LABEL":"I-MH-175-2-3-1","Inastallation_Status":1,"X":409223.57290000003,"Y":2923511.5712000001,"Depth_Class":"1 - 2 m","District":"Al Badia"}},{"type":"Feature","id":1732,"geometry":{"type":"Point","coordinates":[409224.50739999954,2923459.3947999999]},"properties":{"OBJECTID":1732,"Zone":"Zone I","STRCTDPTH":1.7649999999999997,"ELEV_GND":4.8879999999999999,"ELEV_INV":3.1230000000000002,"LABEL":"I-MH-175-2-3-2","Inastallation_Status":1,"X":409224.50739999954,"Y":2923459.3947999999,"Depth_Class":"1 - 2 m","District":"Al Badia"}},{"type":"Feature","id":1733,"geometry":{"type":"Point","coordinates":[409228.02720000036,2923446.0497999992]},"properties":{"OBJECTID":1733,"Zone":"Zone I","STRCTDPTH":1.8260000000000001,"ELEV_GND":4.9390000000000001,"ELEV_INV":3.113,"LABEL":"I-MH-175-2-4","Inastallation_Status":1,"X":409228.02720000036,"Y":2923446.0497999992,"Depth_Class":"1 - 2 m","District":"Al Badia"}},{"type":"Feature","id":1734,"geometry":{"type":"Point","coordinates":[408893.55599999987,2923669.2070000004]},"properties":{"OBJECTID":1734,"Zone":"Zone I","STRCTDPTH":2.7430000000000003,"ELEV_GND":7.4930000000000003,"ELEV_INV":4.75,"LABEL":"I-MH-175-20","Inastallation_Status":1,"X":408893.55599999987,"Y":2923669.2070000004,"Depth_Class":"2 - 3 m","District":"Al Badia"}},{"type":"Feature","id":1735,"geometry":{"type":"Point","coordinates":[408893.56500000041,2923640.1850000005]},"properties":{"OBJECTID":1735,"Zone":"Zone I","STRCTDPTH":2.7999999999999998,"ELEV_GND":7.6429999999999998,"ELEV_INV":4.843,"LABEL":"I-MH-175-21","Inastallation_Status":1,"X":408893.56500000041,"Y":2923640.1850000005,"Depth_Class":"2 - 3 m","District":"Al Badia"}},{"type":"Feature","id":1736,"geometry":{"type":"Point","coordinates":[409172.87399999984,2923626.4810000006]},"properties":{"OBJECTID":1736,"Zone":"Zone I","STRCTDPTH":2.073,"ELEV_GND":4.6829999999999998,"ELEV_INV":2.6099999999999999,"LABEL":"I-MH-175-3","Inastallation_Status":1,"X":409172.87399999984,"Y":2923626.4810000006,"Depth_Class":"2 - 3 m","District":"Al Badia"}},{"type":"Feature","id":1737,"geometry":{"type":"Point","coordinates":[409171.42370000016,2923534.6782000009]},"properties":{"OBJECTID":1737,"Zone":"Zone I","STRCTDPTH":1.7650000000000006,"ELEV_GND":4.7990000000000004,"ELEV_INV":3.0339999999999998,"LABEL":"I-MH-175-3-1","Inastallation_Status":1,"X":409171.42370000016,"Y":2923534.6782000009,"Depth_Class":"1 - 2 m","District":"Al Badia"}},{"type":"Feature","id":1738,"geometry":{"type":"Point","coordinates":[409116.68800000008,2923626.0089999996]},"properties":{"OBJECTID":1738,"Zone":"Zone I","STRCTDPTH":2.109,"ELEV_GND":4.899,"ELEV_INV":2.79,"LABEL":"I-MH-175-4","Inastallation_Status":1,"X":409116.68800000008,"Y":2923626.0089999996,"Depth_Class":"2 - 3 m","District":"Al Badia"}},{"type":"Feature","id":1739,"geometry":{"type":"Point","coordinates":[409116.04220000003,2923539.5031000003]},"properties":{"OBJECTID":1739,"Zone":"Zone I","STRCTDPTH":1.7649999999999997,"ELEV_GND":4.8449999999999998,"ELEV_INV":3.0800000000000001,"LABEL":"I-MH-175-4-1","Inastallation_Status":1,"X":409116.04220000003,"Y":2923539.5031000003,"Depth_Class":"1 - 2 m","District":"Al Badia"}},{"type":"Feature","id":1740,"geometry":{"type":"Point","coordinates":[409060.5429999996,2923626.3350000009]},"properties":{"OBJECTID":1740,"Zone":"Zone I","STRCTDPTH":2.3729999999999998,"ELEV_GND":5.3419999999999996,"ELEV_INV":2.9689999999999999,"LABEL":"I-MH-175-5","Inastallation_Status":1,"X":409060.5429999996,"Y":2923626.3350000009,"Depth_Class":"2 - 3 m","District":"Al Badia"}},{"type":"Feature","id":1741,"geometry":{"type":"Point","coordinates":[409060.64910000004,2923558.0341999996]},"properties":{"OBJECTID":1741,"Zone":"Zone I","STRCTDPTH":2.0879999999999996,"ELEV_GND":5.2759999999999998,"ELEV_INV":3.1880000000000002,"LABEL":"I-MH-175-6","Inastallation_Status":1,"X":409060.64910000004,"Y":2923558.0341999996,"Depth_Class":"2 - 3 m","District":"Al Badia"}},{"type":"Feature","id":1742,"geometry":{"type":"Point","coordinates":[409082.88389999978,2923557.5671999995]},"properties":{"OBJECTID":1742,"Zone":"Zone I","STRCTDPTH":1.7650000000000001,"ELEV_GND":5.1200000000000001,"ELEV_INV":3.355,"LABEL":"I-MH-175-6-1","Inastallation_Status":1,"X":409082.88389999978,"Y":2923557.5671999995,"Depth_Class":"1 - 2 m","District":"Al Badia"}},{"type":"Feature","id":1743,"geometry":{"type":"Point","coordinates":[409060.72200000007,2923511.443]},"properties":{"OBJECTID":1743,"Zone":"Zone I","STRCTDPTH":1.7650000000000001,"ELEV_GND":5.1020000000000003,"ELEV_INV":3.3370000000000002,"LABEL":"I-MH-175-7","Inastallation_Status":1,"X":409060.72200000007,"Y":2923511.443,"Depth_Class":"1 - 2 m","District":"Al Badia"}},{"type":"Feature","id":1744,"geometry":{"type":"Point","coordinates":[409003.63999999966,2923512.0739999991]},"properties":{"OBJECTID":1744,"Zone":"Zone I","STRCTDPTH":1.8009999999999997,"ELEV_GND":5.3209999999999997,"ELEV_INV":3.52,"LABEL":"I-MH-175-8","Inastallation_Status":1,"X":409003.63999999966,"Y":2923512.0739999991,"Depth_Class":"1 - 2 m","District":"Al Badia"}},{"type":"Feature","id":1745,"geometry":{"type":"Point","coordinates":[409005.53809999954,2923563.6275999993]},"properties":{"OBJECTID":1745,"Zone":"Zone I","STRCTDPTH":1.8719999999999999,"ELEV_GND":5.593,"ELEV_INV":3.7210000000000001,"LABEL":"I-MH-175-8-1","Inastallation_Status":1,"X":409005.53809999954,"Y":2923563.6275999993,"Depth_Class":"1 - 2 m","District":"Al Badia"}},{"type":"Feature","id":1746,"geometry":{"type":"Point","coordinates":[409005.27670000028,2923614.2390000001]},"properties":{"OBJECTID":1746,"Zone":"Zone I","STRCTDPTH":1.8700000000000001,"ELEV_GND":5.8600000000000003,"ELEV_INV":3.9900000000000002,"LABEL":"I-MH-175-8-2","Inastallation_Status":1,"X":409005.27670000028,"Y":2923614.2390000001,"Depth_Class":"1 - 2 m","District":"Al Badia"}},{"type":"Feature","id":1747,"geometry":{"type":"Point","coordinates":[408946.95100000035,2923510.9639999997]},"properties":{"OBJECTID":1747,"Zone":"Zone I","STRCTDPTH":1.9729999999999999,"ELEV_GND":5.71,"ELEV_INV":3.7370000000000001,"LABEL":"I-MH-175-9","Inastallation_Status":1,"X":408946.95100000035,"Y":2923510.9639999997,"Depth_Class":"1 - 2 m","District":"Al Badia"}},{"type":"Feature","id":1748,"geometry":{"type":"Point","coordinates":[408947.57519999985,2923563.1951000001]},"properties":{"OBJECTID":1748,"Zone":"Zone I","STRCTDPTH":2.133,"ELEV_GND":6.2450000000000001,"ELEV_INV":4.1120000000000001,"LABEL":"I-MH-175-9-1","Inastallation_Status":1,"X":408947.57519999985,"Y":2923563.1951000001,"Depth_Class":"2 - 3 m","District":"Al Badia"}},{"type":"Feature","id":1749,"geometry":{"type":"Point","coordinates":[408947.06319999974,2923614.5011999998]},"properties":{"OBJECTID":1749,"Zone":"Zone I","STRCTDPTH":2.1269999999999998,"ELEV_GND":6.7709999999999999,"ELEV_INV":4.6440000000000001,"LABEL":"I-MH-175-9-2","Inastallation_Status":1,"X":408947.06319999974,"Y":2923614.5011999998,"Depth_Class":"2 - 3 m","District":"Al Badia"}},{"type":"Feature","id":1750,"geometry":{"type":"Point","coordinates":[409230.96600000001,2923806.7770000007]},"properties":{"OBJECTID":1750,"Zone":"Zone I","STRCTDPTH":3.032,"ELEV_GND":4.1639999999999997,"ELEV_INV":1.1319999999999999,"LABEL":"I-MH-176","Inastallation_Status":1,"X":409230.96600000001,"Y":2923806.7770000007,"Depth_Class":"3 - 4 m","District":"Al Badia"}},{"type":"Feature","id":1751,"geometry":{"type":"Point","coordinates":[409229.21219999995,2923864.7174999993]},"properties":{"OBJECTID":1751,"Zone":"Zone I","STRCTDPTH":2.5800000000000001,"ELEV_GND":3.9460000000000002,"ELEV_INV":1.3660000000000001,"LABEL":"I-MH-177","Inastallation_Status":1,"X":409229.21219999995,"Y":2923864.7174999993,"Depth_Class":"2 - 3 m","District":"Al Badia"}},{"type":"Feature","id":1752,"geometry":{"type":"Point","coordinates":[409229.04849999957,2923901.0822999999]},"properties":{"OBJECTID":1752,"Zone":"Zone I","STRCTDPTH":1.7650000000000001,"ELEV_GND":3.645,"ELEV_INV":1.8799999999999999,"LABEL":"I-MH-177-1","Inastallation_Status":1,"X":409229.04849999957,"Y":2923901.0822999999,"Depth_Class":"1 - 2 m","District":"Al Badia"}},{"type":"Feature","id":1753,"geometry":{"type":"Point","coordinates":[409174.99000000022,2923866.6769999992]},"properties":{"OBJECTID":1753,"Zone":"Zone I","STRCTDPTH":2.758,"ELEV_GND":4.298,"ELEV_INV":1.54,"LABEL":"I-MH-178","Inastallation_Status":1,"X":409174.99000000022,"Y":2923866.6769999992,"Depth_Class":"2 - 3 m","District":"Al Badia"}},{"type":"Feature","id":1754,"geometry":{"type":"Point","coordinates":[409175.33800000045,2923918.3469999991]},"properties":{"OBJECTID":1754,"Zone":"Zone I","STRCTDPTH":1.7649999999999997,"ELEV_GND":3.9609999999999999,"ELEV_INV":2.1960000000000002,"LABEL":"I-MH-178-1","Inastallation_Status":1,"X":409175.33800000045,"Y":2923918.3469999991,"Depth_Class":"1 - 2 m","District":"Al Badia"}},{"type":"Feature","id":1755,"geometry":{"type":"Point","coordinates":[409174.46700000018,2923813.2520000003]},"properties":{"OBJECTID":1755,"Zone":"Zone I","STRCTDPTH":1.9140000000000001,"ELEV_GND":4.1790000000000003,"ELEV_INV":2.2650000000000001,"LABEL":"I-MH-178-2","Inastallation_Status":1,"X":409174.46700000018,"Y":2923813.2520000003,"Depth_Class":"1 - 2 m","District":"Al Badia"}},{"type":"Feature","id":1756,"geometry":{"type":"Point","coordinates":[409211.23199999984,2923813.4149999991]},"properties":{"OBJECTID":1756,"Zone":"Zone I","STRCTDPTH":1.7649999999999997,"ELEV_GND":4.1479999999999997,"ELEV_INV":2.383,"LABEL":"I-MH-178-3","Inastallation_Status":1,"X":409211.23199999984,"Y":2923813.4149999991,"Depth_Class":"1 - 2 m","District":"Al Badia"}},{"type":"Feature","id":1757,"geometry":{"type":"Point","coordinates":[409139.67899999954,2923813.3149999995]},"properties":{"OBJECTID":1757,"Zone":"Zone I","STRCTDPTH":1.7650000000000001,"ELEV_GND":4.2530000000000001,"ELEV_INV":2.488,"LABEL":"I-MH-178-4","Inastallation_Status":1,"X":409139.67899999954,"Y":2923813.3149999995,"Depth_Class":"1 - 2 m","District":"Al Badia"}},{"type":"Feature","id":1758,"geometry":{"type":"Point","coordinates":[409118.42599999998,2923867.2770000007]},"properties":{"OBJECTID":1758,"Zone":"Zone I","STRCTDPTH":2.1699999999999999,"ELEV_GND":3.891,"ELEV_INV":1.7210000000000001,"LABEL":"I-MH-179","Inastallation_Status":1,"X":409118.42599999998,"Y":2923867.2770000007,"Depth_Class":"2 - 3 m","District":"Al Badia"}},{"type":"Feature","id":1759,"geometry":{"type":"Point","coordinates":[409117.44649999961,2923899.1942999996]},"properties":{"OBJECTID":1759,"Zone":"Zone I","STRCTDPTH":1.7649999999999997,"ELEV_GND":3.8439999999999999,"ELEV_INV":2.0790000000000002,"LABEL":"I-MH-179-1","Inastallation_Status":1,"X":409117.44649999961,"Y":2923899.1942999996,"Depth_Class":"1 - 2 m","District":"Al Badia"}},{"type":"Feature","id":1760,"geometry":{"type":"Point","coordinates":[409118.49540000036,2923837.3096999992]},"properties":{"OBJECTID":1760,"Zone":"Zone I","STRCTDPTH":1.7650000000000001,"ELEV_GND":3.9870000000000001,"ELEV_INV":2.222,"LABEL":"I-MH-179-2","Inastallation_Status":1,"X":409118.49540000036,"Y":2923837.3096999992,"Depth_Class":"1 - 2 m","District":"Al Badia"}},{"type":"Feature","id":1761,"geometry":{"type":"Point","coordinates":[409062.79000000004,2923867.6119999997]},"properties":{"OBJECTID":1761,"Zone":"Zone I","STRCTDPTH":2.4649999999999999,"ELEV_GND":4.3639999999999999,"ELEV_INV":1.899,"LABEL":"I-MH-180","Inastallation_Status":1,"X":409062.79000000004,"Y":2923867.6119999997,"Depth_Class":"2 - 3 m","District":"Al Badia"}},{"type":"Feature","id":1762,"geometry":{"type":"Point","coordinates":[409061.6453999998,2923924.3676999994]},"properties":{"OBJECTID":1762,"Zone":"Zone I","STRCTDPTH":1.7649999999999997,"ELEV_GND":3.9569999999999999,"ELEV_INV":2.1920000000000002,"LABEL":"I-MH-180-1","Inastallation_Status":1,"X":409061.6453999998,"Y":2923924.3676999994,"Depth_Class":"1 - 2 m","District":"Al Badia"}},{"type":"Feature","id":1763,"geometry":{"type":"Point","coordinates":[409060.80630000029,2923833.5337000005]},"properties":{"OBJECTID":1763,"Zone":"Zone I","STRCTDPTH":1.7650000000000001,"ELEV_GND":4.3840000000000003,"ELEV_INV":2.6190000000000002,"LABEL":"I-MH-180-2","Inastallation_Status":1,"X":409060.80630000029,"Y":2923833.5337000005,"Depth_Class":"1 - 2 m","District":"Al Badia"}},{"type":"Feature","id":1764,"geometry":{"type":"Point","coordinates":[409031.78809999954,2923864.7003000006]},"properties":{"OBJECTID":1764,"Zone":"Zone I","STRCTDPTH":1.7650000000000001,"ELEV_GND":4.4100000000000001,"ELEV_INV":2.645,"LABEL":"I-MH-180-3","Inastallation_Status":1,"X":409031.78809999954,"Y":2923864.7003000006,"Depth_Class":"1 - 2 m","District":"Al Badia"}},{"type":"Feature","id":1765,"geometry":{"type":"Point","coordinates":[409005.38999999966,2923868.0059999991]},"properties":{"OBJECTID":1765,"Zone":"Zone I","STRCTDPTH":2.2029999999999994,"ELEV_GND":4.2859999999999996,"ELEV_INV":2.0830000000000002,"LABEL":"I-MH-181","Inastallation_Status":1,"X":409005.38999999966,"Y":2923868.0059999991,"Depth_Class":"2 - 3 m","District":"Al Badia"}},{"type":"Feature","id":1766,"geometry":{"type":"Point","coordinates":[409004.79860000033,2923914.6712999996]},"properties":{"OBJECTID":1766,"Zone":"Zone I","STRCTDPTH":1.7649999999999997,"ELEV_GND":3.9969999999999999,"ELEV_INV":2.2320000000000002,"LABEL":"I-MH-181-1","Inastallation_Status":1,"X":409004.79860000033,"Y":2923914.6712999996,"Depth_Class":"1 - 2 m","District":"Al Badia"}},{"type":"Feature","id":1767,"geometry":{"type":"Point","coordinates":[409005.2293999996,2923834.4853000008]},"properties":{"OBJECTID":1767,"Zone":"Zone I","STRCTDPTH":1.8339999999999996,"ELEV_GND":4.4619999999999997,"ELEV_INV":2.6280000000000001,"LABEL":"I-MH-181-2","Inastallation_Status":1,"X":409005.2293999996,"Y":2923834.4853000008,"Depth_Class":"1 - 2 m","District":"Al Badia"}},{"type":"Feature","id":1768,"geometry":{"type":"Point","coordinates":[408949.52199999988,2923868.3599999994]},"properties":{"OBJECTID":1768,"Zone":"Zone I","STRCTDPTH":2.181,"ELEV_GND":4.8810000000000002,"ELEV_INV":2.7000000000000002,"LABEL":"I-MH-182","Inastallation_Status":1,"X":408949.52199999988,"Y":2923868.3599999994,"Depth_Class":"2 - 3 m","District":"Al Badia"}},{"type":"Feature","id":1769,"geometry":{"type":"Point","coordinates":[408948.83110000007,2923905.9744000006]},"properties":{"OBJECTID":1769,"Zone":"Zone I","STRCTDPTH":1.7649999999999997,"ELEV_GND":4.7169999999999996,"ELEV_INV":2.952,"LABEL":"I-MH-182-1","Inastallation_Status":1,"X":408948.83110000007,"Y":2923905.9744000006,"Depth_Class":"1 - 2 m","District":"Al Badia"}},{"type":"Feature","id":1770,"geometry":{"type":"Point","coordinates":[408948.52209999971,2923838.1941999998]},"properties":{"OBJECTID":1770,"Zone":"Zone I","STRCTDPTH":1.7960000000000003,"ELEV_GND":5.0090000000000003,"ELEV_INV":3.2130000000000001,"LABEL":"I-MH-182-2","Inastallation_Status":1,"X":408948.52209999971,"Y":2923838.1941999998,"Depth_Class":"1 - 2 m","District":"Al Badia"}},{"type":"Feature","id":1771,"geometry":{"type":"Point","coordinates":[408894.77550000045,2923867.1609000005]},"properties":{"OBJECTID":1771,"Zone":"Zone I","STRCTDPTH":2.4200000000000004,"ELEV_GND":5.7110000000000003,"ELEV_INV":3.2909999999999999,"LABEL":"I-MH-183","Inastallation_Status":1,"X":408894.77550000045,"Y":2923867.1609000005,"Depth_Class":"2 - 3 m","District":"Al Badia"}},{"type":"Feature","id":1772,"geometry":{"type":"Point","coordinates":[408889.7929999996,2923868.3077000007]},"properties":{"OBJECTID":1772,"Zone":"Zone I","STRCTDPTH":2.0009999999999999,"ELEV_GND":5.7450000000000001,"ELEV_INV":3.7440000000000002,"LABEL":"I-MH-183-1","Inastallation_Status":1,"X":408889.7929999996,"Y":2923868.3077000007,"Depth_Class":"2 - 3 m","District":"Al Badia"}},{"type":"Feature","id":1773,"geometry":{"type":"Point","coordinates":[408890.5064000003,2923907.8624000009]},"properties":{"OBJECTID":1773,"Zone":"Zone I","STRCTDPTH":1.7649999999999997,"ELEV_GND":5.6349999999999998,"ELEV_INV":3.8700000000000001,"LABEL":"I-MH-183-2","Inastallation_Status":1,"X":408890.5064000003,"Y":2923907.8624000009,"Depth_Class":"1 - 2 m","District":"Al Badia"}},{"type":"Feature","id":1774,"geometry":{"type":"Point","coordinates":[408894.24600000028,2923815.0600000005]},"properties":{"OBJECTID":1774,"Zone":"Zone I","STRCTDPTH":2.0249999999999995,"ELEV_GND":6.1369999999999996,"ELEV_INV":4.1120000000000001,"LABEL":"I-MH-183-3","Inastallation_Status":1,"X":408894.24600000028,"Y":2923815.0600000005,"Depth_Class":"2 - 3 m","District":"Al Badia"}},{"type":"Feature","id":1775,"geometry":{"type":"Point","coordinates":[408909.35919999983,2923815.0145999994]},"properties":{"OBJECTID":1775,"Zone":"Zone I","STRCTDPTH":1.7649999999999997,"ELEV_GND":5.9269999999999996,"ELEV_INV":4.1619999999999999,"LABEL":"I-MH-183-4","Inastallation_Status":1,"X":408909.35919999983,"Y":2923815.0145999994,"Depth_Class":"1 - 2 m","District":"Al Badia"}},{"type":"Feature","id":1776,"geometry":{"type":"Point","coordinates":[408894.60800000001,2923758.9800000004]},"properties":{"OBJECTID":1776,"Zone":"Zone I","STRCTDPTH":1.8790000000000004,"ELEV_GND":6.431,"ELEV_INV":4.5519999999999996,"LABEL":"I-MH-183-5","Inastallation_Status":2,"X":408894.60800000001,"Y":2923758.9800000004,"Depth_Class":"1 - 2 m","District":"Al Badia"}},{"type":"Feature","id":1777,"geometry":{"type":"Point","coordinates":[408894.19849999994,2923905.3451000005]},"properties":{"OBJECTID":1777,"Zone":"Zone I","STRCTDPTH":1.9910000000000001,"ELEV_GND":5.5700000000000003,"ELEV_INV":3.5790000000000002,"LABEL":"I-MH-184","Inastallation_Status":1,"X":408894.19849999994,"Y":2923905.3451000005,"Depth_Class":"1 - 2 m","District":"Al Badia"}},{"type":"Feature","id":1778,"geometry":{"type":"Point","coordinates":[408894.36639999971,2923940.9234999996]},"properties":{"OBJECTID":1778,"Zone":"Zone I","STRCTDPTH":1.7650000000000001,"ELEV_GND":5.4580000000000002,"ELEV_INV":3.6930000000000001,"LABEL":"I-MH-185","Inastallation_Status":1,"X":408894.36639999971,"Y":2923940.9234999996,"Depth_Class":"1 - 2 m","District":"Al Badia"}},{"type":"Feature","id":1779,"geometry":{"type":"Point","coordinates":[408854.08889999986,2923940.7556999996]},"properties":{"OBJECTID":1779,"Zone":"Zone I","STRCTDPTH":2.4219999999999997,"ELEV_GND":6.2439999999999998,"ELEV_INV":3.8220000000000001,"LABEL":"I-MH-186","Inastallation_Status":1,"X":408854.08889999986,"Y":2923940.7556999996,"Depth_Class":"2 - 3 m","District":"Al Badia"}},{"type":"Feature","id":1780,"geometry":{"type":"Point","coordinates":[409526.08579999954,2923513.9371000007]},"properties":{"OBJECTID":1780,"Zone":"Zone I","STRCTDPTH":3.7320000000000002,"ELEV_GND":4.407,"ELEV_INV":0.67500000000000004,"LABEL":"I-MH-187","Inastallation_Status":1,"X":409526.08579999954,"Y":2923513.9371000007,"Depth_Class":"3 - 4 m","District":"Al Badia"}},{"type":"Feature","id":1781,"geometry":{"type":"Point","coordinates":[409463.83100000024,2923513.2919999994]},"properties":{"OBJECTID":1781,"Zone":"Zone I","STRCTDPTH":3.702,"ELEV_GND":4.5019999999999998,"ELEV_INV":0.80000000000000004,"LABEL":"I-MH-188","Inastallation_Status":1,"X":409463.83100000024,"Y":2923513.2919999994,"Depth_Class":"3 - 4 m","District":"Al Badia"}},{"type":"Feature","id":1782,"geometry":{"type":"Point","coordinates":[409407.50999999978,2923513.7929999996]},"properties":{"OBJECTID":1782,"Zone":"Zone I","STRCTDPTH":3.5410000000000004,"ELEV_GND":4.4530000000000003,"ELEV_INV":0.91200000000000003,"LABEL":"I-MH-189","Inastallation_Status":1,"X":409407.50999999978,"Y":2923513.7929999996,"Depth_Class":"3 - 4 m","District":"Al Badia"}},{"type":"Feature","id":1783,"geometry":{"type":"Point","coordinates":[409350.93499999959,2923514.1569999997]},"properties":{"OBJECTID":1783,"Zone":"Zone I","STRCTDPTH":3.4300000000000002,"ELEV_GND":4.4550000000000001,"ELEV_INV":1.0249999999999999,"LABEL":"I-MH-190","Inastallation_Status":1,"X":409350.93499999959,"Y":2923514.1569999997,"Depth_Class":"3 - 4 m","District":"Al Badia"}},{"type":"Feature","id":1784,"geometry":{"type":"Point","coordinates":[409296.0959999999,2923514.4949999992]},"properties":{"OBJECTID":1784,"Zone":"Zone I","STRCTDPTH":3.3200000000000003,"ELEV_GND":4.4550000000000001,"ELEV_INV":1.135,"LABEL":"I-MH-191","Inastallation_Status":1,"X":409296.0959999999,"Y":2923514.4949999992,"Depth_Class":"3 - 4 m","District":"Al Badia"}},{"type":"Feature","id":1785,"geometry":{"type":"Point","coordinates":[409293.54000000004,2923538.8469999991]},"properties":{"OBJECTID":1785,"Zone":"Zone I","STRCTDPTH":1.8159999999999998,"ELEV_GND":4.5759999999999996,"ELEV_INV":2.7599999999999998,"LABEL":"I-MH-192","Inastallation_Status":1,"X":409293.54000000004,"Y":2923538.8469999991,"Depth_Class":"1 - 2 m","District":"Al Badia"}},{"type":"Feature","id":1786,"geometry":{"type":"Point","coordinates":[409293.98599999957,2923565.2750000004]},"properties":{"OBJECTID":1786,"Zone":"Zone I","STRCTDPTH":1.911,"ELEV_GND":4.7549999999999999,"ELEV_INV":2.8439999999999999,"LABEL":"I-MH-193","Inastallation_Status":1,"X":409293.98599999957,"Y":2923565.2750000004,"Depth_Class":"1 - 2 m","District":"Al Badia"}},{"type":"Feature","id":1787,"geometry":{"type":"Point","coordinates":[409296.75100000016,2923599.7300000004]},"properties":{"OBJECTID":1787,"Zone":"Zone I","STRCTDPTH":1.7649999999999997,"ELEV_GND":4.7199999999999998,"ELEV_INV":2.9550000000000001,"LABEL":"I-MH-194","Inastallation_Status":1,"X":409296.75100000016,"Y":2923599.7300000004,"Depth_Class":"1 - 2 m","District":"Al Badia"}},{"type":"Feature","id":1788,"geometry":{"type":"Point","coordinates":[408904.4879999999,2925319.3450000007]},"properties":{"OBJECTID":1788,"Zone":"Zone I","STRCTDPTH":3.1640000000000001,"ELEV_GND":2.536,"ELEV_INV":-0.628,"LABEL":"I-MH-195","Inastallation_Status":4,"X":408904.4879999999,"Y":2925319.3450000007,"Depth_Class":"3 - 4 m","District":"Al Khaleej"}},{"type":"Feature","id":1789,"geometry":{"type":"Point","coordinates":[408905.54959999956,2925385.5208999999]},"properties":{"OBJECTID":1789,"Zone":"Zone I","STRCTDPTH":1.9909999999999999,"ELEV_GND":2.4889999999999999,"ELEV_INV":0.498,"LABEL":"I-MH-195-1","Inastallation_Status":4,"X":408905.54959999956,"Y":2925385.5208999999,"Depth_Class":"1 - 2 m","District":"Al Khaleej"}},{"type":"Feature","id":1790,"geometry":{"type":"Point","coordinates":[408904.23309999984,2925444.8245999999]},"properties":{"OBJECTID":1790,"Zone":"Zone I","STRCTDPTH":1.7649999999999999,"ELEV_GND":2.4529999999999998,"ELEV_INV":0.68799999999999994,"LABEL":"I-MH-195-2","Inastallation_Status":4,"X":408904.23309999984,"Y":2925444.8245999999,"Depth_Class":"1 - 2 m","District":"Al Khaleej"}},{"type":"Feature","id":1791,"geometry":{"type":"Point","coordinates":[408902.70639999956,2925260.6340999994]},"properties":{"OBJECTID":1791,"Zone":"Zone I","STRCTDPTH":1.7649999999999999,"ELEV_GND":2.4929999999999999,"ELEV_INV":0.72799999999999998,"LABEL":"I-MH-195-3","Inastallation_Status":4,"X":408902.70639999956,"Y":2925260.6340999994,"Depth_Class":"1 - 2 m","District":"Al Khaleej"}},{"type":"Feature","id":1792,"geometry":{"type":"Point","coordinates":[408960.3200000003,2925319.1150000002]},"properties":{"OBJECTID":1792,"Zone":"Zone I","STRCTDPTH":3.0679999999999996,"ELEV_GND":2.5779999999999998,"ELEV_INV":-0.48999999999999999,"LABEL":"I-MH-196","Inastallation_Status":4,"X":408960.3200000003,"Y":2925319.1150000002,"Depth_Class":"3 - 4 m","District":"Al Khaleej"}},{"type":"Feature","id":1793,"geometry":{"type":"Point","coordinates":[408959.59300000034,2925243.7640000004]},"properties":{"OBJECTID":1793,"Zone":"Zone I","STRCTDPTH":2.343,"ELEV_GND":2.6440000000000001,"ELEV_INV":0.30099999999999999,"LABEL":"I-MH-196-1","Inastallation_Status":4,"X":408959.59300000034,"Y":2925243.7640000004,"Depth_Class":"2 - 3 m","District":"Al Khaleej"}},{"type":"Feature","id":1794,"geometry":{"type":"Point","coordinates":[409040.38410000037,2925154.5280000009]},"properties":{"OBJECTID":1794,"Zone":"Zone I","STRCTDPTH":1.7649999999999999,"ELEV_GND":2.7949999999999999,"ELEV_INV":1.03,"LABEL":"I-MH-196-10","Inastallation_Status":4,"X":409040.38410000037,"Y":2925154.5280000009,"Depth_Class":"1 - 2 m","District":"Al Khaleej"}},{"type":"Feature","id":1795,"geometry":{"type":"Point","coordinates":[408958.64499999955,2925153.3450000007]},"properties":{"OBJECTID":1795,"Zone":"Zone I","STRCTDPTH":1.827,"ELEV_GND":2.8679999999999999,"ELEV_INV":1.0409999999999999,"LABEL":"I-MH-196-11","Inastallation_Status":4,"X":408958.64499999955,"Y":2925153.3450000007,"Depth_Class":"1 - 2 m","District":"Al Khaleej"}},{"type":"Feature","id":1796,"geometry":{"type":"Point","coordinates":[409103.84179999959,2925163.1989999991]},"properties":{"OBJECTID":1796,"Zone":"Zone I","STRCTDPTH":1.8270000000000002,"ELEV_GND":3.0950000000000002,"ELEV_INV":1.268,"LABEL":"I-MH-196-12","Inastallation_Status":4,"X":409103.84179999959,"Y":2925163.1989999991,"Depth_Class":"1 - 2 m","District":"Al Khaleej"}},{"type":"Feature","id":1797,"geometry":{"type":"Point","coordinates":[409013.7070000004,2925242.7530000005]},"properties":{"OBJECTID":1797,"Zone":"Zone I","STRCTDPTH":2.1120000000000001,"ELEV_GND":2.5859999999999999,"ELEV_INV":0.47399999999999998,"LABEL":"I-MH-196-2","Inastallation_Status":4,"X":409013.7070000004,"Y":2925242.7530000005,"Depth_Class":"2 - 3 m","District":"Al Khaleej"}},{"type":"Feature","id":1798,"geometry":{"type":"Point","coordinates":[408959.69089999981,2925186.1764000002]},"properties":{"OBJECTID":1798,"Zone":"Zone I","STRCTDPTH":2.1070000000000002,"ELEV_GND":2.7010000000000001,"ELEV_INV":0.59399999999999997,"LABEL":"I-MH-196-3","Inastallation_Status":4,"X":408959.69089999981,"Y":2925186.1764000002,"Depth_Class":"2 - 3 m","District":"Al Khaleej"}},{"type":"Feature","id":1799,"geometry":{"type":"Point","coordinates":[409072.51219999976,2925242.3583000004]},"properties":{"OBJECTID":1799,"Zone":"Zone I","STRCTDPTH":1.9900000000000002,"ELEV_GND":2.6520000000000001,"ELEV_INV":0.66200000000000003,"LABEL":"I-MH-196-4","Inastallation_Status":4,"X":409072.51219999976,"Y":2925242.3583000004,"Depth_Class":"1 - 2 m","District":"Al Khaleej"}},{"type":"Feature","id":1800,"geometry":{"type":"Point","coordinates":[408911.76300000027,2925243.0490000006]},"properties":{"OBJECTID":1800,"Zone":"Zone I","STRCTDPTH":1.7650000000000001,"ELEV_GND":2.4350000000000001,"ELEV_INV":0.67000000000000004,"LABEL":"I-MH-196-5","Inastallation_Status":4,"X":408911.76300000027,"Y":2925243.0490000006,"Depth_Class":"1 - 2 m","District":"Al Khaleej"}},{"type":"Feature","id":1801,"geometry":{"type":"Point","coordinates":[408918.32469999976,2925187.0955999997]},"properties":{"OBJECTID":1801,"Zone":"Zone I","STRCTDPTH":1.7650000000000001,"ELEV_GND":2.492,"ELEV_INV":0.72699999999999998,"LABEL":"I-MH-196-6","Inastallation_Status":4,"X":408918.32469999976,"Y":2925187.0955999997,"Depth_Class":"1 - 2 m","District":"Al Khaleej"}},{"type":"Feature","id":1802,"geometry":{"type":"Point","coordinates":[409072.08449999988,2925190.8041999992]},"properties":{"OBJECTID":1802,"Zone":"Zone I","STRCTDPTH":1.9969999999999999,"ELEV_GND":2.8239999999999998,"ELEV_INV":0.82699999999999996,"LABEL":"I-MH-196-7","Inastallation_Status":4,"X":409072.08449999988,"Y":2925190.8041999992,"Depth_Class":"1 - 2 m","District":"Al Khaleej"}},{"type":"Feature","id":1803,"geometry":{"type":"Point","coordinates":[409013.32500000019,2925190.4820000008]},"properties":{"OBJECTID":1803,"Zone":"Zone I","STRCTDPTH":1.7650000000000001,"ELEV_GND":2.613,"ELEV_INV":0.84799999999999998,"LABEL":"I-MH-196-8","Inastallation_Status":4,"X":409013.32500000019,"Y":2925190.4820000008,"Depth_Class":"1 - 2 m","District":"Al Khaleej"}},{"type":"Feature","id":1804,"geometry":{"type":"Point","coordinates":[409070.95920000039,2925158.4209000003]},"properties":{"OBJECTID":1804,"Zone":"Zone I","STRCTDPTH":1.996,"ELEV_GND":2.927,"ELEV_INV":0.93100000000000005,"LABEL":"I-MH-196-9","Inastallation_Status":4,"X":409070.95920000039,"Y":2925158.4209000003,"Depth_Class":"1 - 2 m","District":"Al Khaleej"}},{"type":"Feature","id":1805,"geometry":{"type":"Point","coordinates":[409022.16810000036,2925320.7270999998]},"properties":{"OBJECTID":1805,"Zone":"Zone I","STRCTDPTH":2.8329999999999997,"ELEV_GND":2.5899999999999999,"ELEV_INV":-0.24299999999999999,"LABEL":"I-MH-197","Inastallation_Status":4,"X":409022.16810000036,"Y":2925320.7270999998,"Depth_Class":"2 - 3 m","District":"Al Khaleej"}},{"type":"Feature","id":1806,"geometry":{"type":"Point","coordinates":[409022.39230000041,2925394.5095000006]},"properties":{"OBJECTID":1806,"Zone":"Zone I","STRCTDPTH":2.1229999999999998,"ELEV_GND":2.4449999999999998,"ELEV_INV":0.32200000000000001,"LABEL":"I-MH-197-1","Inastallation_Status":4,"X":409022.39230000041,"Y":2925394.5095000006,"Depth_Class":"2 - 3 m","District":"Al Khaleej"}},{"type":"Feature","id":1807,"geometry":{"type":"Point","coordinates":[409022.36000000034,2925465.1199999992]},"properties":{"OBJECTID":1807,"Zone":"Zone I","STRCTDPTH":1.7650000000000001,"ELEV_GND":2.3130000000000002,"ELEV_INV":0.54800000000000004,"LABEL":"I-MH-197-2","Inastallation_Status":4,"X":409022.36000000034,"Y":2925465.1199999992,"Depth_Class":"1 - 2 m","District":"Al Khaleej"}},{"type":"Feature","id":1808,"geometry":{"type":"Point","coordinates":[409073.75299999956,2925318.4619999994]},"properties":{"OBJECTID":1808,"Zone":"Zone I","STRCTDPTH":2.7869999999999999,"ELEV_GND":2.7090000000000001,"ELEV_INV":-0.078,"LABEL":"I-MH-198","Inastallation_Status":4,"X":409073.75299999956,"Y":2925318.4619999994,"Depth_Class":"2 - 3 m","District":"Al Khaleej"}},{"type":"Feature","id":1809,"geometry":{"type":"Point","coordinates":[409074.96520000044,2925259.8807999995]},"properties":{"OBJECTID":1809,"Zone":"Zone I","STRCTDPTH":1.7650000000000001,"ELEV_GND":2.657,"ELEV_INV":0.89200000000000002,"LABEL":"I-MH-198-1","Inastallation_Status":4,"X":409074.96520000044,"Y":2925259.8807999995,"Depth_Class":"1 - 2 m","District":"Al Khaleej"}},{"type":"Feature","id":1810,"geometry":{"type":"Point","coordinates":[409118.95260000043,2925318.3859000001]},"properties":{"OBJECTID":1810,"Zone":"Zone I","STRCTDPTH":1.7649999999999999,"ELEV_GND":2.6779999999999999,"ELEV_INV":0.91300000000000003,"LABEL":"I-MH-198-2","Inastallation_Status":4,"X":409118.95260000043,"Y":2925318.3859000001,"Depth_Class":"1 - 2 m","District":"Al Khaleej"}},{"type":"Feature","id":1811,"geometry":{"type":"Point","coordinates":[409071.86529999971,2925377.2206999995]},"properties":{"OBJECTID":1811,"Zone":"Zone I","STRCTDPTH":2.4380000000000002,"ELEV_GND":2.548,"ELEV_INV":0.11,"LABEL":"I-MH-199","Inastallation_Status":4,"X":409071.86529999971,"Y":2925377.2206999995,"Depth_Class":"2 - 3 m","District":"Al Khaleej"}},{"type":"Feature","id":1812,"geometry":{"type":"Point","coordinates":[409074.08100000024,2925393.1420000009]},"properties":{"OBJECTID":1812,"Zone":"Zone I","STRCTDPTH":2.2920000000000003,"ELEV_GND":2.4540000000000002,"ELEV_INV":0.16200000000000001,"LABEL":"I-MH-200","Inastallation_Status":4,"X":409074.08100000024,"Y":2925393.1420000009,"Depth_Class":"2 - 3 m","District":"Al Khaleej"}},{"type":"Feature","id":1813,"geometry":{"type":"Point","coordinates":[409045.29980000015,2925393.2356000002]},"properties":{"OBJECTID":1813,"Zone":"Zone I","STRCTDPTH":1.7649999999999999,"ELEV_GND":2.4399999999999999,"ELEV_INV":0.67500000000000004,"LABEL":"I-MH-200-1","Inastallation_Status":4,"X":409045.29980000015,"Y":2925393.2356000002,"Depth_Class":"1 - 2 m","District":"Al Khaleej"}},{"type":"Feature","id":1814,"geometry":{"type":"Point","coordinates":[409074.11500000022,2925447.0690000001]},"properties":{"OBJECTID":1814,"Zone":"Zone I","STRCTDPTH":2.3109999999999999,"ELEV_GND":2.645,"ELEV_INV":0.33400000000000002,"LABEL":"I-MH-201","Inastallation_Status":4,"X":409074.11500000022,"Y":2925447.0690000001,"Depth_Class":"2 - 3 m","District":"Al Khaleej"}},{"type":"Feature","id":1815,"geometry":{"type":"Point","coordinates":[409109.73900000006,2925446.3839999996]},"properties":{"OBJECTID":1815,"Zone":"Zone I","STRCTDPTH":1.7650000000000001,"ELEV_GND":2.4380000000000002,"ELEV_INV":0.67300000000000004,"LABEL":"I-MH-201-1","Inastallation_Status":4,"X":409109.73900000006,"Y":2925446.3839999996,"Depth_Class":"1 - 2 m","District":"Al Khaleej"}},{"type":"Feature","id":1816,"geometry":{"type":"Point","coordinates":[409040.15869999956,2925446.9840999991]},"properties":{"OBJECTID":1816,"Zone":"Zone I","STRCTDPTH":1.7650000000000001,"ELEV_GND":2.4390000000000001,"ELEV_INV":0.67400000000000004,"LABEL":"I-MH-201-2","Inastallation_Status":4,"X":409040.15869999956,"Y":2925446.9840999991,"Depth_Class":"1 - 2 m","District":"Al Khaleej"}},{"type":"Feature","id":1817,"geometry":{"type":"Point","coordinates":[409075.69890000019,2925502.8545999993]},"properties":{"OBJECTID":1817,"Zone":"Zone I","STRCTDPTH":1.7650000000000001,"ELEV_GND":2.278,"ELEV_INV":0.51300000000000001,"LABEL":"I-MH-202","Inastallation_Status":4,"X":409075.69890000019,"Y":2925502.8545999993,"Depth_Class":"1 - 2 m","District":"Al Khaleej"}},{"type":"Feature","id":1818,"geometry":{"type":"Point","coordinates":[409445.78780000005,2925078.7937000003]},"properties":{"OBJECTID":1818,"Zone":"Zone I","STRCTDPTH":1.9540000000000002,"ELEV_GND":3.4020000000000001,"ELEV_INV":1.448,"LABEL":"I-MH-203","Inastallation_Status":1,"X":409445.78780000005,"Y":2925078.7937000003,"Depth_Class":"1 - 2 m","District":"Al Nakheel"}},{"type":"Feature","id":1819,"geometry":{"type":"Point","coordinates":[409492.20050000027,2925082.9350000005]},"properties":{"OBJECTID":1819,"Zone":"Zone I","STRCTDPTH":1.7650000000000001,"ELEV_GND":3.3620000000000001,"ELEV_INV":1.597,"LABEL":"I-MH-204","Inastallation_Status":1,"X":409492.20050000027,"Y":2925082.9350000005,"Depth_Class":"1 - 2 m","District":"Al Khaleej"}},{"type":"Feature","id":1820,"geometry":{"type":"Point","coordinates":[408908.64140000008,2925232.1865999997]},"properties":{"OBJECTID":1820,"Zone":"Zone I","STRCTDPTH":1.8550000000000002,"ELEV_GND":2.4180000000000001,"ELEV_INV":0.56299999999999994,"LABEL":"I-MH-205","Inastallation_Status":4,"X":408908.64140000008,"Y":2925232.1865999997,"Depth_Class":"1 - 2 m","District":"Al Khaleej"}},{"type":"Feature","id":1821,"geometry":{"type":"Point","coordinates":[408907.89309999999,2925173.6745999996]},"properties":{"OBJECTID":1821,"Zone":"Zone I","STRCTDPTH":1.7650000000000001,"ELEV_GND":2.5150000000000001,"ELEV_INV":0.75,"LABEL":"I-MH-206","Inastallation_Status":4,"X":408907.89309999999,"Y":2925173.6745999996,"Depth_Class":"1 - 2 m","District":"Al Khaleej"}},{"type":"Feature","id":1822,"geometry":{"type":"Point","coordinates":[408849.07409999985,2925232.6278000008]},"properties":{"OBJECTID":1822,"Zone":"Zone I","STRCTDPTH":1.8610000000000002,"ELEV_GND":2.7050000000000001,"ELEV_INV":0.84399999999999997,"LABEL":"I-MH-207","Inastallation_Status":4,"X":408849.07409999985,"Y":2925232.6278000008,"Depth_Class":"1 - 2 m","District":"Al Khaleej"}},{"type":"Feature","id":1823,"geometry":{"type":"Point","coordinates":[412072.56460000016,2925196.1839000005]},"properties":{"OBJECTID":1823,"Zone":"ZONE J","STRCTDPTH":5.7990000000000004,"ELEV_GND":2.4900000000000002,"ELEV_INV":-3.3090000000000002,"LABEL":"J-MH-1","Inastallation_Status":1,"X":412072.56460000016,"Y":2925196.1839000005,"Depth_Class":"5 - 6 m","District":"Al Mazroueyyah"}},{"type":"Feature","id":1824,"geometry":{"type":"Point","coordinates":[412133.29440000001,2925190.3737000003]},"properties":{"OBJECTID":1824,"Zone":"ZONE J","STRCTDPTH":5.2040000000000006,"ELEV_GND":2.3820000000000001,"ELEV_INV":-2.8220000000000001,"LABEL":"J-MH-1-1","Inastallation_Status":1,"X":412133.29440000001,"Y":2925190.3737000003,"Depth_Class":"5 - 6 m","District":"Al Mazroueyyah"}},{"type":"Feature","id":1825,"geometry":{"type":"Point","coordinates":[412656.71949999966,2925166.8636000007]},"properties":{"OBJECTID":1825,"Zone":"ZONE J","STRCTDPTH":3.3009999999999997,"ELEV_GND":2.5859999999999999,"ELEV_INV":-0.71499999999999997,"LABEL":"J-MH-1-10","Inastallation_Status":1,"X":412656.71949999966,"Y":2925166.8636000007,"Depth_Class":"3 - 4 m","District":"Al Mazroueyyah"}},{"type":"Feature","id":1826,"geometry":{"type":"Point","coordinates":[412684.61799999978,2925152.9159999993]},"properties":{"OBJECTID":1826,"Zone":"ZONE J","STRCTDPTH":3.1999999999999997,"ELEV_GND":2.6099999999999999,"ELEV_INV":-0.58999999999999997,"LABEL":"J-MH-1-11","Inastallation_Status":1,"X":412684.61799999978,"Y":2925152.9159999993,"Depth_Class":"3 - 4 m","District":"Al Mazroueyyah"}},{"type":"Feature","id":1827,"geometry":{"type":"Point","coordinates":[412707.81500000041,2925189.0366999991]},"properties":{"OBJECTID":1827,"Zone":"ZONE J","STRCTDPTH":2.1499999999999999,"ELEV_GND":2.4399999999999999,"ELEV_INV":0.28999999999999998,"LABEL":"J-MH-1-12","Inastallation_Status":1,"X":412707.81500000041,"Y":2925189.0366999991,"Depth_Class":"2 - 3 m","District":"Al Mazroueyyah"}},{"type":"Feature","id":1828,"geometry":{"type":"Point","coordinates":[412216.33550000004,2925190.2693000007]},"properties":{"OBJECTID":1828,"Zone":"ZONE J","STRCTDPTH":4.8940000000000001,"ELEV_GND":2.4039999999999999,"ELEV_INV":-2.4900000000000002,"LABEL":"J-MH-1-2","Inastallation_Status":1,"X":412216.33550000004,"Y":2925190.2693000007,"Depth_Class":"4 - 5 m","District":"Al Mazroueyyah"}},{"type":"Feature","id":1829,"geometry":{"type":"Point","coordinates":[412301.84999999963,2925188.5020000003]},"properties":{"OBJECTID":1829,"Zone":"ZONE J","STRCTDPTH":4.6710000000000003,"ELEV_GND":2.5230000000000001,"ELEV_INV":-2.1480000000000001,"LABEL":"J-MH-1-3","Inastallation_Status":1,"X":412301.84999999963,"Y":2925188.5020000003,"Depth_Class":"4 - 5 m","District":"Al Mazroueyyah"}},{"type":"Feature","id":1830,"geometry":{"type":"Point","coordinates":[412384.77460000012,2925189.6883000005]},"properties":{"OBJECTID":1830,"Zone":"ZONE J","STRCTDPTH":4.2220000000000004,"ELEV_GND":2.4060000000000001,"ELEV_INV":-1.8160000000000001,"LABEL":"J-MH-1-4","Inastallation_Status":1,"X":412384.77460000012,"Y":2925189.6883000005,"Depth_Class":"4 - 5 m","District":"Al Mazroueyyah"}},{"type":"Feature","id":1831,"geometry":{"type":"Point","coordinates":[412443.75239999965,2925189.3202999998]},"properties":{"OBJECTID":1831,"Zone":"ZONE J","STRCTDPTH":3.8740000000000001,"ELEV_GND":2.294,"ELEV_INV":-1.5800000000000001,"LABEL":"J-MH-1-5","Inastallation_Status":1,"X":412443.75239999965,"Y":2925189.3202999998,"Depth_Class":"3 - 4 m","District":"Al Mazroueyyah"}},{"type":"Feature","id":1832,"geometry":{"type":"Point","coordinates":[412502.05159999989,2925188.5867999997]},"properties":{"OBJECTID":1832,"Zone":"ZONE J","STRCTDPTH":3.7279999999999998,"ELEV_GND":2.3809999999999998,"ELEV_INV":-1.347,"LABEL":"J-MH-1-6","Inastallation_Status":1,"X":412502.05159999989,"Y":2925188.5867999997,"Depth_Class":"3 - 4 m","District":"Al Mazroueyyah"}},{"type":"Feature","id":1833,"geometry":{"type":"Point","coordinates":[412552.93630000018,2925188.5675000008]},"properties":{"OBJECTID":1833,"Zone":"ZONE J","STRCTDPTH":3.6020000000000003,"ELEV_GND":2.4580000000000002,"ELEV_INV":-1.1439999999999999,"LABEL":"J-MH-1-7","Inastallation_Status":1,"X":412552.93630000018,"Y":2925188.5675000008,"Depth_Class":"3 - 4 m","District":"Al Mazroueyyah"}},{"type":"Feature","id":1834,"geometry":{"type":"Point","coordinates":[412590.13669999968,2925188.3126999997]},"properties":{"OBJECTID":1834,"Zone":"ZONE J","STRCTDPTH":3.456,"ELEV_GND":2.4609999999999999,"ELEV_INV":-0.995,"LABEL":"J-MH-1-8","Inastallation_Status":1,"X":412590.13669999968,"Y":2925188.3126999997,"Depth_Class":"3 - 4 m","District":"Al Mazroueyyah"}},{"type":"Feature","id":1835,"geometry":{"type":"Point","coordinates":[412622.06799999997,2925176.5449999999]},"properties":{"OBJECTID":1835,"Zone":"ZONE J","STRCTDPTH":3.4750000000000001,"ELEV_GND":2.6160000000000001,"ELEV_INV":-0.85899999999999999,"LABEL":"J-MH-1-9","Inastallation_Status":1,"X":412622.06799999997,"Y":2925176.5449999999,"Depth_Class":"3 - 4 m","District":"Al Mazroueyyah"}},{"type":"Feature","id":1836,"geometry":{"type":"Point","coordinates":[412073.30460000038,2925302.9669000003]},"properties":{"OBJECTID":1836,"Zone":"ZONE J","STRCTDPTH":5.4219999999999997,"ELEV_GND":2.3889999999999998,"ELEV_INV":-3.0329999999999999,"LABEL":"J-MH-2","Inastallation_Status":1,"X":412073.30460000038,"Y":2925302.9669000003,"Depth_Class":"5 - 6 m","District":"Al Mazroueyyah"}},{"type":"Feature","id":1837,"geometry":{"type":"Point","coordinates":[412071.46239999961,2925360.5173000004]},"properties":{"OBJECTID":1837,"Zone":"ZONE J","STRCTDPTH":5.3609999999999998,"ELEV_GND":2.4319999999999999,"ELEV_INV":-2.9289999999999998,"LABEL":"J-MH-3","Inastallation_Status":1,"X":412071.46239999961,"Y":2925360.5173000004,"Depth_Class":"5 - 6 m","District":"Al Mazroueyyah"}},{"type":"Feature","id":1838,"geometry":{"type":"Point","coordinates":[412071.67260000017,2925393.7138999999]},"properties":{"OBJECTID":1838,"Zone":"ZONE J","STRCTDPTH":5.3220000000000001,"ELEV_GND":2.452,"ELEV_INV":-2.8700000000000001,"LABEL":"J-MH-4","Inastallation_Status":1,"X":412071.67260000017,"Y":2925393.7138999999,"Depth_Class":"5 - 6 m","District":"Al Mazroueyyah"}},{"type":"Feature","id":1839,"geometry":{"type":"Point","coordinates":[412071.39690000005,2925410.2477000002]},"properties":{"OBJECTID":1839,"Zone":"ZONE J","STRCTDPTH":5.2859999999999996,"ELEV_GND":2.4460000000000002,"ELEV_INV":-2.8399999999999999,"LABEL":"J-MH-5","Inastallation_Status":1,"X":412071.39690000005,"Y":2925410.2477000002,"Depth_Class":"5 - 6 m","District":"Al Mazroueyyah"}},{"type":"Feature","id":1840,"geometry":{"type":"Point","coordinates":[412081.2706000004,2925452.6629000008]},"properties":{"OBJECTID":1840,"Zone":"ZONE J","STRCTDPTH":5.383,"ELEV_GND":2.6219999999999999,"ELEV_INV":-2.7610000000000001,"LABEL":"J-MH-6","Inastallation_Status":1,"X":412081.2706000004,"Y":2925452.6629000008,"Depth_Class":"5 - 6 m","District":"Al Mazroueyyah"}},{"type":"Feature","id":1841,"geometry":{"type":"Point","coordinates":[412095.29959999956,2925518.3948999997]},"properties":{"OBJECTID":1841,"Zone":"ZONE J","STRCTDPTH":5.5,"ELEV_GND":2.8599999999999999,"ELEV_INV":-2.6400000000000001,"LABEL":"J-MH-7","Inastallation_Status":1,"X":412095.29959999956,"Y":2925518.3948999997,"Depth_Class":"5 - 6 m","District":"Al Mazroueyyah"}},{"type":"Feature","id":1842,"geometry":{"type":"Point","coordinates":[412102.71339999977,2925552.6059000008]},"properties":{"OBJECTID":1842,"Zone":"ZONE J","STRCTDPTH":5.431,"ELEV_GND":2.8540000000000001,"ELEV_INV":-2.577,"LABEL":"J-MH-8","Inastallation_Status":1,"X":412102.71339999977,"Y":2925552.6059000008,"Depth_Class":"5 - 6 m","District":"Al Mazroueyyah"}},{"type":"Feature","id":1843,"geometry":{"type":"Point","coordinates":[412116.52560000028,2925616.9168999996]},"properties":{"OBJECTID":1843,"Zone":"ZONE J","STRCTDPTH":5.6240000000000006,"ELEV_GND":3.165,"ELEV_INV":-2.4590000000000001,"LABEL":"J-MH-9","Inastallation_Status":1,"X":412116.52560000028,"Y":2925616.9168999996,"Depth_Class":"5 - 6 m","District":"Al Mazroueyyah"}},{"type":"Feature","id":1844,"geometry":{"type":"Point","coordinates":[412058.85560000036,2925629.6318999995]},"properties":{"OBJECTID":1844,"Zone":"ZONE J","STRCTDPTH":5.516,"ELEV_GND":3.1629999999999998,"ELEV_INV":-2.3530000000000002,"LABEL":"J-MH-10","Inastallation_Status":1,"X":412058.85560000036,"Y":2925629.6318999995,"Depth_Class":"5 - 6 m","District":"Al Badeeh"}},{"type":"Feature","id":1845,"geometry":{"type":"Point","coordinates":[412002.51989999972,2925641.1302000005]},"properties":{"OBJECTID":1845,"Zone":"ZONE J","STRCTDPTH":5.0860000000000003,"ELEV_GND":2.8370000000000002,"ELEV_INV":-2.2490000000000001,"LABEL":"J-MH-11","Inastallation_Status":1,"X":412002.51989999972,"Y":2925641.1302000005,"Depth_Class":"5 - 6 m","District":"Al Badeeh"}},{"type":"Feature","id":1846,"geometry":{"type":"Point","coordinates":[412012.88800000027,2925686.3230000008]},"properties":{"OBJECTID":1846,"Zone":"ZONE J","STRCTDPTH":4.4779999999999998,"ELEV_GND":2.6779999999999999,"ELEV_INV":-1.8,"LABEL":"J-MH-11-1","Inastallation_Status":1,"X":412012.88800000027,"Y":2925686.3230000008,"Depth_Class":"4 - 5 m","District":"Al Badeeh"}},{"type":"Feature","id":1847,"geometry":{"type":"Point","coordinates":[412019.04200000037,2925712.9629999995]},"properties":{"OBJECTID":1847,"Zone":"ZONE J","STRCTDPTH":4.4639999999999995,"ELEV_GND":2.7999999999999998,"ELEV_INV":-1.6639999999999999,"LABEL":"J-MH-11-2","Inastallation_Status":1,"X":412019.04200000037,"Y":2925712.9629999995,"Depth_Class":"4 - 5 m","District":"Al Badeeh"}},{"type":"Feature","id":1848,"geometry":{"type":"Point","coordinates":[411974.94400000013,2925722.8560000006]},"properties":{"OBJECTID":1848,"Zone":"ZONE J","STRCTDPTH":4.0049999999999999,"ELEV_GND":2.4860000000000002,"ELEV_INV":-1.5189999999999999,"LABEL":"J-MH-11-3","Inastallation_Status":1,"X":411974.94400000013,"Y":2925722.8560000006,"Depth_Class":"4 - 5 m","District":"Al Badeeh"}},{"type":"Feature","id":1849,"geometry":{"type":"Point","coordinates":[411910.74330000021,2925736.8148999996]},"properties":{"OBJECTID":1849,"Zone":"ZONE J","STRCTDPTH":3.2999999999999998,"ELEV_GND":1.9910000000000001,"ELEV_INV":-1.3089999999999999,"LABEL":"J-MH-11-4","Inastallation_Status":1,"X":411910.74330000021,"Y":2925736.8148999996,"Depth_Class":"3 - 4 m","District":"Al Badeeh"}},{"type":"Feature","id":1850,"geometry":{"type":"Point","coordinates":[411947.89360000007,2925653.0098999999]},"properties":{"OBJECTID":1850,"Zone":"ZONE J","STRCTDPTH":4.7350000000000003,"ELEV_GND":2.5870000000000002,"ELEV_INV":-2.1480000000000001,"LABEL":"J-MH-12","Inastallation_Status":1,"X":411947.89360000007,"Y":2925653.0098999999,"Depth_Class":"4 - 5 m","District":"Al Badeeh"}},{"type":"Feature","id":1851,"geometry":{"type":"Point","coordinates":[411882.09759999998,2925667.4158999994]},"properties":{"OBJECTID":1851,"Zone":"ZONE J","STRCTDPTH":4.3420000000000005,"ELEV_GND":2.2949999999999999,"ELEV_INV":-2.0470000000000002,"LABEL":"J-MH-13","Inastallation_Status":1,"X":411882.09759999998,"Y":2925667.4158999994,"Depth_Class":"4 - 5 m","District":"Al Badeeh"}},{"type":"Feature","id":1852,"geometry":{"type":"Point","coordinates":[411830.59159999993,2925678.0628999993]},"properties":{"OBJECTID":1852,"Zone":"ZONE J","STRCTDPTH":4.1180000000000003,"ELEV_GND":2.1200000000000001,"ELEV_INV":-1.998,"LABEL":"J-MH-14","Inastallation_Status":1,"X":411830.59159999993,"Y":2925678.0628999993,"Depth_Class":"4 - 5 m","District":"Al Badeeh"}},{"type":"Feature","id":1853,"geometry":{"type":"Point","coordinates":[411840.21399999969,2925716.102]},"properties":{"OBJECTID":1853,"Zone":"ZONE J","STRCTDPTH":4.0519999999999996,"ELEV_GND":2.2410000000000001,"ELEV_INV":-1.8109999999999999,"LABEL":"J-MH-14-1","Inastallation_Status":1,"X":411840.21399999969,"Y":2925716.102,"Depth_Class":"4 - 5 m","District":"Al Badeeh"}},{"type":"Feature","id":1854,"geometry":{"type":"Point","coordinates":[411562.30800000019,2926025.4210000001]},"properties":{"OBJECTID":1854,"Zone":"ZONE J","STRCTDPTH":2.423,"ELEV_GND":2.738,"ELEV_INV":0.315,"LABEL":"J-MH-14-10","Inastallation_Status":1,"X":411562.30800000019,"Y":2926025.4210000001,"Depth_Class":"2 - 3 m","District":"Al Badeeh"}},{"type":"Feature","id":1855,"geometry":{"type":"Point","coordinates":[411530.82600000035,2926032.1370000001]},"properties":{"OBJECTID":1855,"Zone":"ZONE J","STRCTDPTH":2.379,"ELEV_GND":2.8540000000000001,"ELEV_INV":0.47499999999999998,"LABEL":"J-MH-14-11","Inastallation_Status":1,"X":411530.82600000035,"Y":2926032.1370000001,"Depth_Class":"2 - 3 m","District":"Al Badeeh"}},{"type":"Feature","id":1856,"geometry":{"type":"Point","coordinates":[411466.17619999964,2926047.0009000003]},"properties":{"OBJECTID":1856,"Zone":"ZONE J","STRCTDPTH":1.7610000000000001,"ELEV_GND":2.5680000000000001,"ELEV_INV":0.80700000000000005,"LABEL":"J-MH-14-12","Inastallation_Status":1,"X":411466.17619999964,"Y":2926047.0009000003,"Depth_Class":"1 - 2 m","District":"Al Badeeh"}},{"type":"Feature","id":1857,"geometry":{"type":"Point","coordinates":[411853.56699999981,2925774.8169999998]},"properties":{"OBJECTID":1857,"Zone":"ZONE J","STRCTDPTH":3.8330000000000002,"ELEV_GND":2.1000000000000001,"ELEV_INV":-1.7330000000000001,"LABEL":"J-MH-14-2","Inastallation_Status":1,"X":411853.56699999981,"Y":2925774.8169999998,"Depth_Class":"3 - 4 m","District":"Al Badeeh"}},{"type":"Feature","id":1858,"geometry":{"type":"Point","coordinates":[411863.0959999999,2925818.2809999995]},"properties":{"OBJECTID":1858,"Zone":"ZONE J","STRCTDPTH":3.6580000000000004,"ELEV_GND":1.9830000000000001,"ELEV_INV":-1.675,"LABEL":"J-MH-14-3","Inastallation_Status":1,"X":411863.0959999999,"Y":2925818.2809999995,"Depth_Class":"3 - 4 m","District":"Al Badeeh"}},{"type":"Feature","id":1859,"geometry":{"type":"Point","coordinates":[411878.16679999977,2925883.5199999996]},"properties":{"OBJECTID":1859,"Zone":"ZONE J","STRCTDPTH":3.4000000000000004,"ELEV_GND":1.8120000000000001,"ELEV_INV":-1.5880000000000001,"LABEL":"J-MH-14-4","Inastallation_Status":1,"X":411878.16679999977,"Y":2925883.5199999996,"Depth_Class":"3 - 4 m","District":"Al Badeeh"}},{"type":"Feature","id":1860,"geometry":{"type":"Point","coordinates":[411803.04700000025,2925899.0150000006]},"properties":{"OBJECTID":1860,"Zone":"ZONE J","STRCTDPTH":3.4779999999999998,"ELEV_GND":2.093,"ELEV_INV":-1.385,"LABEL":"J-MH-14-5","Inastallation_Status":1,"X":411803.04700000025,"Y":2925899.0150000006,"Depth_Class":"3 - 4 m","District":"Al Badeeh"}},{"type":"Feature","id":1861,"geometry":{"type":"Point","coordinates":[411760.17800000031,2925908.5549999997]},"properties":{"OBJECTID":1861,"Zone":"ZONE J","STRCTDPTH":2.8010000000000002,"ELEV_GND":2.0230000000000001,"ELEV_INV":-0.77800000000000002,"LABEL":"J-MH-14-5-1","Inastallation_Status":1,"X":411760.17800000031,"Y":2925908.5549999997,"Depth_Class":"2 - 3 m","District":"Al Badeeh"}},{"type":"Feature","id":1862,"geometry":{"type":"Point","coordinates":[411701.83000000007,2925921.2029999997]},"properties":{"OBJECTID":1862,"Zone":"ZONE J","STRCTDPTH":2.4340000000000002,"ELEV_GND":1.847,"ELEV_INV":-0.58699999999999997,"LABEL":"J-MH-14-5-2","Inastallation_Status":1,"X":411701.83000000007,"Y":2925921.2029999997,"Depth_Class":"2 - 3 m","District":"Al Badeeh"}},{"type":"Feature","id":1863,"geometry":{"type":"Point","coordinates":[411643.26999999955,2925933.8619999997]},"properties":{"OBJECTID":1863,"Zone":"ZONE J","STRCTDPTH":2.085,"ELEV_GND":1.6899999999999999,"ELEV_INV":-0.39500000000000002,"LABEL":"J-MH-14-5-3","Inastallation_Status":1,"X":411643.26999999955,"Y":2925933.8619999997,"Depth_Class":"2 - 3 m","District":"Al Badeeh"}},{"type":"Feature","id":1864,"geometry":{"type":"Point","coordinates":[411574.64599999972,2925949.0170000009]},"properties":{"OBJECTID":1864,"Zone":"ZONE J","STRCTDPTH":1.712,"ELEV_GND":1.542,"ELEV_INV":-0.17000000000000001,"LABEL":"J-MH-14-5-4","Inastallation_Status":1,"X":411574.64599999972,"Y":2925949.0170000009,"Depth_Class":"1 - 2 m","District":"Al Badeeh"}},{"type":"Feature","id":1865,"geometry":{"type":"Point","coordinates":[411815.87000000011,2925969.7119999994]},"properties":{"OBJECTID":1865,"Zone":"ZONE J","STRCTDPTH":4.4180000000000001,"ELEV_GND":3.3300000000000001,"ELEV_INV":-1.0880000000000001,"LABEL":"J-MH-14-6","Inastallation_Status":1,"X":411815.87000000011,"Y":2925969.7119999994,"Depth_Class":"4 - 5 m","District":"Al Badeeh"}},{"type":"Feature","id":1866,"geometry":{"type":"Point","coordinates":[411743.22200000007,2925985.8719999995]},"properties":{"OBJECTID":1866,"Zone":"ZONE J","STRCTDPTH":3.633,"ELEV_GND":3.0219999999999998,"ELEV_INV":-0.61099999999999999,"LABEL":"J-MH-14-7","Inastallation_Status":1,"X":411743.22200000007,"Y":2925985.8719999995,"Depth_Class":"3 - 4 m","District":"Al Badeeh"}},{"type":"Feature","id":1867,"geometry":{"type":"Point","coordinates":[411681.65799999982,2925999.2809999995]},"properties":{"OBJECTID":1867,"Zone":"ZONE J","STRCTDPTH":3.145,"ELEV_GND":2.8490000000000002,"ELEV_INV":-0.29599999999999999,"LABEL":"J-MH-14-8","Inastallation_Status":1,"X":411681.65799999982,"Y":2925999.2809999995,"Depth_Class":"3 - 4 m","District":"Al Badeeh"}},{"type":"Feature","id":1868,"geometry":{"type":"Point","coordinates":[411609.4040000001,2926015]},"properties":{"OBJECTID":1868,"Zone":"ZONE J","STRCTDPTH":2.5300000000000002,"ELEV_GND":2.6030000000000002,"ELEV_INV":0.072999999999999995,"LABEL":"J-MH-14-9","Inastallation_Status":1,"X":411609.4040000001,"Y":2926015,"Depth_Class":"2 - 3 m","District":"Al Badeeh"}},{"type":"Feature","id":1869,"geometry":{"type":"Point","coordinates":[411758.04260000028,2925694.0329]},"properties":{"OBJECTID":1869,"Zone":"ZONE J","STRCTDPTH":3.657,"ELEV_GND":1.9670000000000001,"ELEV_INV":-1.6899999999999999,"LABEL":"J-MH-15","Inastallation_Status":1,"X":411758.04260000028,"Y":2925694.0329,"Depth_Class":"3 - 4 m","District":"Al Badeeh"}},{"type":"Feature","id":1870,"geometry":{"type":"Point","coordinates":[411684.57160000037,2925710.4728999995]},"properties":{"OBJECTID":1870,"Zone":"ZONE J","STRCTDPTH":3.3559999999999999,"ELEV_GND":1.798,"ELEV_INV":-1.5580000000000001,"LABEL":"J-MH-16","Inastallation_Status":1,"X":411684.57160000037,"Y":2925710.4728999995,"Depth_Class":"3 - 4 m","District":"Al Badeeh"}},{"type":"Feature","id":1871,"geometry":{"type":"Point","coordinates":[411617.86959999986,2925724.3708999995]},"properties":{"OBJECTID":1871,"Zone":"ZONE J","STRCTDPTH":3.3479999999999999,"ELEV_GND":1.909,"ELEV_INV":-1.4390000000000001,"LABEL":"J-MH-17","Inastallation_Status":1,"X":411617.86959999986,"Y":2925724.3708999995,"Depth_Class":"3 - 4 m","District":"Al Badeeh"}},{"type":"Feature","id":1872,"geometry":{"type":"Point","coordinates":[411543.08260000031,2925741.1538999993]},"properties":{"OBJECTID":1872,"Zone":"ZONE J","STRCTDPTH":3.0499999999999998,"ELEV_GND":1.6990000000000001,"ELEV_INV":-1.351,"LABEL":"J-MH-18","Inastallation_Status":1,"X":411543.08260000031,"Y":2925741.1538999993,"Depth_Class":"3 - 4 m","District":"Al Badeeh"}},{"type":"Feature","id":1873,"geometry":{"type":"Point","coordinates":[411478.33059999999,2925754.9298999999]},"properties":{"OBJECTID":1873,"Zone":"ZONE J","STRCTDPTH":3.2080000000000002,"ELEV_GND":1.946,"ELEV_INV":-1.262,"LABEL":"J-MH-19","Inastallation_Status":1,"X":411478.33059999999,"Y":2925754.9298999999,"Depth_Class":"3 - 4 m","District":"Al Badeeh"}},{"type":"Feature","id":1874,"geometry":{"type":"Point","coordinates":[411467.19859999977,2925700.7151999995]},"properties":{"OBJECTID":1874,"Zone":"ZONE J","STRCTDPTH":3.052,"ELEV_GND":2.0760000000000001,"ELEV_INV":-0.97599999999999998,"LABEL":"J-MH-19-1","Inastallation_Status":1,"X":411467.19859999977,"Y":2925700.7151999995,"Depth_Class":"3 - 4 m","District":"Al Badeeh"}},{"type":"Feature","id":1875,"geometry":{"type":"Point","coordinates":[411460.57459999993,2925668.4699000008]},"properties":{"OBJECTID":1875,"Zone":"ZONE J","STRCTDPTH":3.0880000000000001,"ELEV_GND":2.1629999999999998,"ELEV_INV":-0.92500000000000004,"LABEL":"J-MH-19-2","Inastallation_Status":1,"X":411460.57459999993,"Y":2925668.4699000008,"Depth_Class":"3 - 4 m","District":"Al Badeeh"}},{"type":"Feature","id":1876,"geometry":{"type":"Point","coordinates":[411394.5549999997,2925681.4389999993]},"properties":{"OBJECTID":1876,"Zone":"ZONE J","STRCTDPTH":2.9529999999999998,"ELEV_GND":2.1299999999999999,"ELEV_INV":-0.82299999999999995,"LABEL":"J-MH-19-3","Inastallation_Status":1,"X":411394.5549999997,"Y":2925681.4389999993,"Depth_Class":"2 - 3 m","District":"Al Badeeh"}},{"type":"Feature","id":1877,"geometry":{"type":"Point","coordinates":[411334.06599999964,2925694.8849999998]},"properties":{"OBJECTID":1877,"Zone":"ZONE J","STRCTDPTH":2.6139999999999999,"ELEV_GND":2.0489999999999999,"ELEV_INV":-0.56499999999999995,"LABEL":"J-MH-19-4","Inastallation_Status":1,"X":411334.06599999964,"Y":2925694.8849999998,"Depth_Class":"2 - 3 m","District":"Al Badeeh"}},{"type":"Feature","id":1878,"geometry":{"type":"Point","coordinates":[411277.00800000038,2925707.2300000004]},"properties":{"OBJECTID":1878,"Zone":"ZONE J","STRCTDPTH":2.6699999999999999,"ELEV_GND":2.2490000000000001,"ELEV_INV":-0.42099999999999999,"LABEL":"J-MH-19-5","Inastallation_Status":1,"X":411277.00800000038,"Y":2925707.2300000004,"Depth_Class":"2 - 3 m","District":"Al Badeeh"}},{"type":"Feature","id":1879,"geometry":{"type":"Point","coordinates":[411486.86000000034,2925786.4230000004]},"properties":{"OBJECTID":1879,"Zone":"ZONE J","STRCTDPTH":3.0089999999999999,"ELEV_GND":1.879,"ELEV_INV":-1.1299999999999999,"LABEL":"J-MH-20","Inastallation_Status":1,"X":411486.86000000034,"Y":2925786.4230000004,"Depth_Class":"3 - 4 m","District":"Al Badeeh"}},{"type":"Feature","id":1880,"geometry":{"type":"Point","coordinates":[411500.65099999961,2925851.2709999997]},"properties":{"OBJECTID":1880,"Zone":"ZONE J","STRCTDPTH":2.7649999999999997,"ELEV_GND":1.736,"ELEV_INV":-1.0289999999999999,"LABEL":"J-MH-21","Inastallation_Status":1,"X":411500.65099999961,"Y":2925851.2709999997,"Depth_Class":"2 - 3 m","District":"Al Badeeh"}},{"type":"Feature","id":1881,"geometry":{"type":"Point","coordinates":[411511.47699999996,2925891.4000000004]},"properties":{"OBJECTID":1881,"Zone":"ZONE J","STRCTDPTH":2.601,"ELEV_GND":1.6359999999999999,"ELEV_INV":-0.96499999999999997,"LABEL":"J-MH-22","Inastallation_Status":1,"X":411511.47699999996,"Y":2925891.4000000004,"Depth_Class":"2 - 3 m","District":"Al Badeeh"}},{"type":"Feature","id":1882,"geometry":{"type":"Point","coordinates":[411525.21499999985,2925953.1789999995]},"properties":{"OBJECTID":1882,"Zone":"ZONE J","STRCTDPTH":2.278,"ELEV_GND":1.409,"ELEV_INV":-0.86899999999999999,"LABEL":"J-MH-23","Inastallation_Status":1,"X":411525.21499999985,"Y":2925953.1789999995,"Depth_Class":"2 - 3 m","District":"Al Badeeh"}},{"type":"Feature","id":1883,"geometry":{"type":"Point","coordinates":[411460.2070000004,2925973.5209999997]},"properties":{"OBJECTID":1883,"Zone":"ZONE J","STRCTDPTH":2.2919999999999998,"ELEV_GND":1.597,"ELEV_INV":-0.69499999999999995,"LABEL":"J-MH-24","Inastallation_Status":1,"X":411460.2070000004,"Y":2925973.5209999997,"Depth_Class":"2 - 3 m","District":"Al Badeeh"}},{"type":"Feature","id":1884,"geometry":{"type":"Point","coordinates":[411416.34800000023,2925983.3849999998]},"properties":{"OBJECTID":1884,"Zone":"ZONE J","STRCTDPTH":2.3029999999999999,"ELEV_GND":1.6870000000000001,"ELEV_INV":-0.61599999999999999,"LABEL":"J-MH-25","Inastallation_Status":1,"X":411416.34800000023,"Y":2925983.3849999998,"Depth_Class":"2 - 3 m","District":"Al Badeeh"}},{"type":"Feature","id":1885,"geometry":{"type":"Point","coordinates":[411400.37999999989,2925991.7339999992]},"properties":{"OBJECTID":1885,"Zone":"ZONE J","STRCTDPTH":1.7649999999999999,"ELEV_GND":1.698,"ELEV_INV":-0.067000000000000004,"LABEL":"J-MH-25-1","Inastallation_Status":1,"X":411400.37999999989,"Y":2925991.7339999992,"Depth_Class":"1 - 2 m","District":"Al Badeeh"}},{"type":"Feature","id":1886,"geometry":{"type":"Point","coordinates":[411414.12600000016,2926054.0490000006]},"properties":{"OBJECTID":1886,"Zone":"ZONE J","STRCTDPTH":2.1859999999999999,"ELEV_GND":2.323,"ELEV_INV":0.13700000000000001,"LABEL":"J-MH-25-2","Inastallation_Status":1,"X":411414.12600000016,"Y":2926054.0490000006,"Depth_Class":"2 - 3 m","District":"Al Badeeh"}},{"type":"Feature","id":1887,"geometry":{"type":"Point","coordinates":[411356.9299999997,2926066.943]},"properties":{"OBJECTID":1887,"Zone":"ZONE J","STRCTDPTH":1.7649999999999999,"ELEV_GND":2.4689999999999999,"ELEV_INV":0.70399999999999996,"LABEL":"J-MH-25-3","Inastallation_Status":1,"X":411356.9299999997,"Y":2926066.943,"Depth_Class":"1 - 2 m","District":"Al Badeeh"}},{"type":"Feature","id":1888,"geometry":{"type":"Point","coordinates":[411278.61099999957,2926083.9169999994]},"properties":{"OBJECTID":1888,"Zone":"ZONE J","STRCTDPTH":1.7709999999999999,"ELEV_GND":2.7309999999999999,"ELEV_INV":0.95999999999999996,"LABEL":"J-MH-25-4","Inastallation_Status":1,"X":411278.61099999957,"Y":2926083.9169999994,"Depth_Class":"1 - 2 m","District":"Al Badeeh"}},{"type":"Feature","id":1889,"geometry":{"type":"Point","coordinates":[411377.18300000019,2925991.7660000008]},"properties":{"OBJECTID":1889,"Zone":"ZONE J","STRCTDPTH":2.3079999999999998,"ELEV_GND":1.762,"ELEV_INV":-0.54600000000000004,"LABEL":"J-MH-26","Inastallation_Status":1,"X":411377.18300000019,"Y":2925991.7660000008,"Depth_Class":"2 - 3 m","District":"Al Badeeh"}},{"type":"Feature","id":1890,"geometry":{"type":"Point","coordinates":[411342.86500000022,2925999.0730000008]},"properties":{"OBJECTID":1890,"Zone":"ZONE J","STRCTDPTH":2.3130000000000002,"ELEV_GND":1.8280000000000001,"ELEV_INV":-0.48499999999999999,"LABEL":"J-MH-27","Inastallation_Status":1,"X":411342.86500000022,"Y":2925999.0730000008,"Depth_Class":"2 - 3 m","District":"Al Badeeh"}},{"type":"Feature","id":1891,"geometry":{"type":"Point","coordinates":[411312.16199999955,2926001.1769999992]},"properties":{"OBJECTID":1891,"Zone":"ZONE J","STRCTDPTH":2.3849999999999998,"ELEV_GND":1.954,"ELEV_INV":-0.43099999999999999,"LABEL":"J-MH-28","Inastallation_Status":1,"X":411312.16199999955,"Y":2926001.1769999992,"Depth_Class":"2 - 3 m","District":"Al Badeeh"}},{"type":"Feature","id":1892,"geometry":{"type":"Point","coordinates":[411272.22599999979,2926003.1180000007]},"properties":{"OBJECTID":1892,"Zone":"ZONE J","STRCTDPTH":2.4130000000000003,"ELEV_GND":2.052,"ELEV_INV":-0.36099999999999999,"LABEL":"J-MH-29","Inastallation_Status":1,"X":411272.22599999979,"Y":2926003.1180000007,"Depth_Class":"2 - 3 m","District":"Al Badeeh"}},{"type":"Feature","id":1893,"geometry":{"type":"Point","coordinates":[411222.2089999998,2926005.6040000003]},"properties":{"OBJECTID":1893,"Zone":"ZONE J","STRCTDPTH":2.4780000000000002,"ELEV_GND":2.2050000000000001,"ELEV_INV":-0.27300000000000002,"LABEL":"J-MH-30","Inastallation_Status":1,"X":411222.2089999998,"Y":2926005.6040000003,"Depth_Class":"2 - 3 m","District":"Al Badeeh"}},{"type":"Feature","id":1894,"geometry":{"type":"Point","coordinates":[411169.55719999969,2926002.8256999999]},"properties":{"OBJECTID":1894,"Zone":"ZONE J","STRCTDPTH":2.641,"ELEV_GND":2.46,"ELEV_INV":-0.18099999999999999,"LABEL":"J-MH-31","Inastallation_Status":1,"X":411169.55719999969,"Y":2926002.8256999999,"Depth_Class":"2 - 3 m","District":"Al Badeeh"}},{"type":"Feature","id":1895,"geometry":{"type":"Point","coordinates":[411127.75700000022,2926009.8680000007]},"properties":{"OBJECTID":1895,"Zone":"ZONE J","STRCTDPTH":3.0840000000000001,"ELEV_GND":2.9769999999999999,"ELEV_INV":-0.107,"LABEL":"J-MH-32","Inastallation_Status":1,"X":411127.75700000022,"Y":2926009.8680000007,"Depth_Class":"3 - 4 m","District":"Al Badeeh"}},{"type":"Feature","id":1896,"geometry":{"type":"Point","coordinates":[411130.98199999984,2926069.5419999994]},"properties":{"OBJECTID":1896,"Zone":"ZONE J","STRCTDPTH":3.1059999999999999,"ELEV_GND":3.1040000000000001,"ELEV_INV":-0.002,"LABEL":"J-MH-33","Inastallation_Status":1,"X":411130.98199999984,"Y":2926069.5419999994,"Depth_Class":"3 - 4 m","District":"Al Badeeh"}},{"type":"Feature","id":1897,"geometry":{"type":"Point","coordinates":[411131.92200000025,2926095.6079999991]},"properties":{"OBJECTID":1897,"Zone":"ZONE J","STRCTDPTH":3.0959999999999996,"ELEV_GND":3.1389999999999998,"ELEV_INV":0.042999999999999997,"LABEL":"J-MH-34","Inastallation_Status":1,"X":411131.92200000025,"Y":2926095.6079999991,"Depth_Class":"3 - 4 m","District":"Al Salam"}},{"type":"Feature","id":1898,"geometry":{"type":"Point","coordinates":[411188.03920000046,2926093.4225999992]},"properties":{"OBJECTID":1898,"Zone":"ZONE J","STRCTDPTH":2.101,"ELEV_GND":2.9780000000000002,"ELEV_INV":0.877,"LABEL":"J-MH-34-1","Inastallation_Status":1,"X":411188.03920000046,"Y":2926093.4225999992,"Depth_Class":"2 - 3 m","District":"Al Badeeh"}},{"type":"Feature","id":1899,"geometry":{"type":"Point","coordinates":[411243.41500000004,2926091.4890000001]},"properties":{"OBJECTID":1899,"Zone":"ZONE J","STRCTDPTH":1.7649999999999999,"ELEV_GND":2.819,"ELEV_INV":1.054,"LABEL":"J-MH-34-2","Inastallation_Status":1,"X":411243.41500000004,"Y":2926091.4890000001,"Depth_Class":"1 - 2 m","District":"Al Badeeh"}},{"type":"Feature","id":1900,"geometry":{"type":"Point","coordinates":[411128.52809999976,2926149.4444999993]},"properties":{"OBJECTID":1900,"Zone":"ZONE J","STRCTDPTH":3.036,"ELEV_GND":3.262,"ELEV_INV":0.22600000000000001,"LABEL":"J-MH-35","Inastallation_Status":1,"X":411128.52809999976,"Y":2926149.4444999993,"Depth_Class":"3 - 4 m","District":"Al Salam"}},{"type":"Feature","id":1901,"geometry":{"type":"Point","coordinates":[411132.27419999987,2926231.0986000001]},"properties":{"OBJECTID":1901,"Zone":"ZONE J","STRCTDPTH":3.0110000000000001,"ELEV_GND":3.4399999999999999,"ELEV_INV":0.42899999999999999,"LABEL":"J-MH-36","Inastallation_Status":1,"X":411132.27419999987,"Y":2926231.0986000001,"Depth_Class":"3 - 4 m","District":"Al Salam"}},{"type":"Feature","id":1902,"geometry":{"type":"Point","coordinates":[411055.8339999998,2926249.2400000002]},"properties":{"OBJECTID":1902,"Zone":"ZONE J","STRCTDPTH":2.4739999999999998,"ELEV_GND":3.2029999999999998,"ELEV_INV":0.72899999999999998,"LABEL":"J-MH-36-1","Inastallation_Status":1,"X":411055.8339999998,"Y":2926249.2400000002,"Depth_Class":"2 - 3 m","District":"Al Salam"}},{"type":"Feature","id":1903,"geometry":{"type":"Point","coordinates":[410987.25299999956,2926257.6380000003]},"properties":{"OBJECTID":1903,"Zone":"ZONE J","STRCTDPTH":2.0919999999999996,"ELEV_GND":3.0419999999999998,"ELEV_INV":0.94999999999999996,"LABEL":"J-MH-36-2","Inastallation_Status":1,"X":410987.25299999956,"Y":2926257.6380000003,"Depth_Class":"2 - 3 m","District":"Al Salam"}},{"type":"Feature","id":1904,"geometry":{"type":"Point","coordinates":[410908.82870000042,2926257.8471000008]},"properties":{"OBJECTID":1904,"Zone":"Zone I","STRCTDPTH":1.7650000000000001,"ELEV_GND":2.9660000000000002,"ELEV_INV":1.2010000000000001,"LABEL":"J-MH-36-3","Inastallation_Status":1,"X":410908.82870000042,"Y":2926257.8471000008,"Depth_Class":"1 - 2 m","District":"Al Salam"}},{"type":"Feature","id":1905,"geometry":{"type":"Point","coordinates":[411136.63850000035,2926279.2228999995]},"properties":{"OBJECTID":1905,"Zone":"ZONE J","STRCTDPTH":1.8649999999999998,"ELEV_GND":3.5299999999999998,"ELEV_INV":1.665,"LABEL":"J-MH-37","Inastallation_Status":1,"X":411136.63850000035,"Y":2926279.2228999995,"Depth_Class":"1 - 2 m","District":"Al Salam"}},{"type":"Feature","id":1906,"geometry":{"type":"Point","coordinates":[411144.07600000035,2926335.4700000007]},"properties":{"OBJECTID":1906,"Zone":"ZONE J","STRCTDPTH":1.8610000000000002,"ELEV_GND":3.7080000000000002,"ELEV_INV":1.847,"LABEL":"J-MH-38","Inastallation_Status":1,"X":411144.07600000035,"Y":2926335.4700000007,"Depth_Class":"1 - 2 m","District":"Al Badeeh"}},{"type":"Feature","id":1907,"geometry":{"type":"Point","coordinates":[411146.90600000042,2926396.1840000004]},"properties":{"OBJECTID":1907,"Zone":"ZONE J","STRCTDPTH":1.7650000000000001,"ELEV_GND":3.806,"ELEV_INV":2.0409999999999999,"LABEL":"J-MH-39","Inastallation_Status":1,"X":411146.90600000042,"Y":2926396.1840000004,"Depth_Class":"1 - 2 m","District":"Al Badeeh"}},{"type":"Feature","id":1908,"geometry":{"type":"Point","coordinates":[411101.67499999981,2925470.784]},"properties":{"OBJECTID":1908,"Zone":"ZONE J","STRCTDPTH":2.0569999999999999,"ELEV_GND":2.1480000000000001,"ELEV_INV":0.090999999999999998,"LABEL":"J-MH-40","Inastallation_Status":4,"X":411101.67499999981,"Y":2925470.784,"Depth_Class":"2 - 3 m","District":"Al Badeeh"}},{"type":"Feature","id":1909,"geometry":{"type":"Point","coordinates":[411097.71999999974,2925519.9030000009]},"properties":{"OBJECTID":1909,"Zone":"ZONE J","STRCTDPTH":2.2920000000000003,"ELEV_GND":2.4580000000000002,"ELEV_INV":0.16600000000000001,"LABEL":"J-MH-41","Inastallation_Status":4,"X":411097.71999999974,"Y":2925519.9030000009,"Depth_Class":"2 - 3 m","District":"Al Salam"}},{"type":"Feature","id":1910,"geometry":{"type":"Point","coordinates":[411108.23400000017,2925612.8709999993]},"properties":{"OBJECTID":1910,"Zone":"ZONE J","STRCTDPTH":2.4739999999999998,"ELEV_GND":2.7829999999999999,"ELEV_INV":0.309,"LABEL":"J-MH-42","Inastallation_Status":4,"X":411108.23400000017,"Y":2925612.8709999993,"Depth_Class":"2 - 3 m","District":"Al Salam"}},{"type":"Feature","id":1911,"geometry":{"type":"Point","coordinates":[411112.21499999985,2925692.6079999991]},"properties":{"OBJECTID":1911,"Zone":"ZONE J","STRCTDPTH":1.9779999999999998,"ELEV_GND":2.4809999999999999,"ELEV_INV":0.503,"LABEL":"J-MH-43","Inastallation_Status":4,"X":411112.21499999985,"Y":2925692.6079999991,"Depth_Class":"1 - 2 m","District":"Al Badeeh"}},{"type":"Feature","id":1912,"geometry":{"type":"Point","coordinates":[411116.18300000019,2925773.1109999996]},"properties":{"OBJECTID":1912,"Zone":"ZONE J","STRCTDPTH":1.903,"ELEV_GND":2.5470000000000002,"ELEV_INV":0.64400000000000002,"LABEL":"J-MH-44","Inastallation_Status":4,"X":411116.18300000019,"Y":2925773.1109999996,"Depth_Class":"1 - 2 m","District":"Al Badeeh"}},{"type":"Feature","id":1913,"geometry":{"type":"Point","coordinates":[411119.14499999955,2925832.6180000007]},"properties":{"OBJECTID":1913,"Zone":"ZONE J","STRCTDPTH":1.8859999999999997,"ELEV_GND":2.6349999999999998,"ELEV_INV":0.749,"LABEL":"J-MH-45","Inastallation_Status":4,"X":411119.14499999955,"Y":2925832.6180000007,"Depth_Class":"1 - 2 m","District":"Al Badeeh"}},{"type":"Feature","id":1914,"geometry":{"type":"Point","coordinates":[411115.49729999993,2925904.8197000008]},"properties":{"OBJECTID":1914,"Zone":"ZONE J","STRCTDPTH":1.8260000000000001,"ELEV_GND":2.8109999999999999,"ELEV_INV":0.98499999999999999,"LABEL":"J-MH-46","Inastallation_Status":4,"X":411115.49729999993,"Y":2925904.8197000008,"Depth_Class":"1 - 2 m","District":"Al Salam"}},{"type":"Feature","id":1915,"geometry":{"type":"Point","coordinates":[411049.58050000016,2925908.4087000005]},"properties":{"OBJECTID":1915,"Zone":"ZONE J","STRCTDPTH":1.9920000000000002,"ELEV_GND":3.1400000000000001,"ELEV_INV":1.1479999999999999,"LABEL":"J-MH-47","Inastallation_Status":4,"X":411049.58050000016,"Y":2925908.4087000005,"Depth_Class":"1 - 2 m","District":"Al Salam"}},{"type":"Feature","id":1916,"geometry":{"type":"Point","coordinates":[410987.68690000009,2925911.7786999997]},"properties":{"OBJECTID":1916,"Zone":"ZONE J","STRCTDPTH":1.9200000000000002,"ELEV_GND":3.4900000000000002,"ELEV_INV":1.5700000000000001,"LABEL":"J-MH-48","Inastallation_Status":4,"X":410987.68690000009,"Y":2925911.7786999997,"Depth_Class":"1 - 2 m","District":"Al Salam"}},{"type":"Feature","id":1917,"geometry":{"type":"Point","coordinates":[410929.77240000013,2925914.932]},"properties":{"OBJECTID":1917,"Zone":"ZONE J","STRCTDPTH":2.0609999999999999,"ELEV_GND":3.8159999999999998,"ELEV_INV":1.7549999999999999,"LABEL":"J-MH-49","Inastallation_Status":4,"X":410929.77240000013,"Y":2925914.932,"Depth_Class":"2 - 3 m","District":"Al Salam"}},{"type":"Feature","id":1918,"geometry":{"type":"Point","coordinates":[410930.67480000015,2925935.0758999996]},"properties":{"OBJECTID":1918,"Zone":"ZONE J","STRCTDPTH":1.9399999999999997,"ELEV_GND":3.7599999999999998,"ELEV_INV":1.8200000000000001,"LABEL":"J-MH-50","Inastallation_Status":4,"X":410930.67480000015,"Y":2925935.0758999996,"Depth_Class":"1 - 2 m","District":"Al Salam"}},{"type":"Feature","id":1919,"geometry":{"type":"Point","coordinates":[412776.69790000003,2925198.3082999997]},"properties":{"OBJECTID":1919,"Zone":"ZONE J","STRCTDPTH":4.8399999999999999,"ELEV_GND":2.3740000000000001,"ELEV_INV":-2.4660000000000002,"LABEL":"J-MH-51","Inastallation_Status":1,"X":412776.69790000003,"Y":2925198.3082999997,"Depth_Class":"4 - 5 m","District":"Al Mazroueyyah"}},{"type":"Feature","id":1920,"geometry":{"type":"Point","coordinates":[412730.73300000001,2925229.8420000002]},"properties":{"OBJECTID":1920,"Zone":"ZONE J","STRCTDPTH":4.5860000000000003,"ELEV_GND":2.4180000000000001,"ELEV_INV":-2.1680000000000001,"LABEL":"J-MH-51-1","Inastallation_Status":1,"X":412730.73300000001,"Y":2925229.8420000002,"Depth_Class":"4 - 5 m","District":"Al Mazroueyyah"}},{"type":"Feature","id":1921,"geometry":{"type":"Point","coordinates":[412742.69099999964,2925576.0409999993]},"properties":{"OBJECTID":1921,"Zone":"ZONE J","STRCTDPTH":3.8179999999999996,"ELEV_GND":2.8759999999999999,"ELEV_INV":-0.94199999999999995,"LABEL":"J-MH-51-10","Inastallation_Status":1,"X":412742.69099999964,"Y":2925576.0409999993,"Depth_Class":"3 - 4 m","District":"Al Mazroueyyah"}},{"type":"Feature","id":1922,"geometry":{"type":"Point","coordinates":[412681.3339999998,2925609.4210000001]},"properties":{"OBJECTID":1922,"Zone":"ZONE J","STRCTDPTH":3.6520000000000001,"ELEV_GND":2.8140000000000001,"ELEV_INV":-0.83799999999999997,"LABEL":"J-MH-51-11","Inastallation_Status":1,"X":412681.3339999998,"Y":2925609.4210000001,"Depth_Class":"3 - 4 m","District":"Al Mazroueyyah"}},{"type":"Feature","id":1923,"geometry":{"type":"Point","coordinates":[412613.75100000016,2925640.9890000001]},"properties":{"OBJECTID":1923,"Zone":"ZONE J","STRCTDPTH":3.4239999999999999,"ELEV_GND":2.698,"ELEV_INV":-0.72599999999999998,"LABEL":"J-MH-51-12","Inastallation_Status":1,"X":412613.75100000016,"Y":2925640.9890000001,"Depth_Class":"3 - 4 m","District":"Al Mazroueyyah"}},{"type":"Feature","id":1924,"geometry":{"type":"Point","coordinates":[412556.17100000009,2925654.7949999999]},"properties":{"OBJECTID":1924,"Zone":"ZONE J","STRCTDPTH":3.2040000000000002,"ELEV_GND":2.5670000000000002,"ELEV_INV":-0.63700000000000001,"LABEL":"J-MH-51-13","Inastallation_Status":1,"X":412556.17100000009,"Y":2925654.7949999999,"Depth_Class":"3 - 4 m","District":"Al Mazroueyyah"}},{"type":"Feature","id":1925,"geometry":{"type":"Point","coordinates":[412570.20500000007,2925718.0289999992]},"properties":{"OBJECTID":1925,"Zone":"ZONE J","STRCTDPTH":3.0609999999999999,"ELEV_GND":2.6000000000000001,"ELEV_INV":-0.46100000000000002,"LABEL":"J-MH-51-14","Inastallation_Status":1,"X":412570.20500000007,"Y":2925718.0289999992,"Depth_Class":"3 - 4 m","District":"Al Mazroueyyah"}},{"type":"Feature","id":1926,"geometry":{"type":"Point","coordinates":[412581.33700000029,2925768.6879999992]},"properties":{"OBJECTID":1926,"Zone":"ZONE J","STRCTDPTH":3.0470000000000002,"ELEV_GND":2.7000000000000002,"ELEV_INV":-0.34699999999999998,"LABEL":"J-MH-51-15","Inastallation_Status":1,"X":412581.33700000029,"Y":2925768.6879999992,"Depth_Class":"3 - 4 m","District":"Al Mazroueyyah"}},{"type":"Feature","id":1927,"geometry":{"type":"Point","coordinates":[412599.8825000003,2925848.0888]},"properties":{"OBJECTID":1927,"Zone":"ZONE J","STRCTDPTH":2.8900000000000001,"ELEV_GND":2.722,"ELEV_INV":-0.16800000000000001,"LABEL":"J-MH-51-16","Inastallation_Status":1,"X":412599.8825000003,"Y":2925848.0888,"Depth_Class":"2 - 3 m","District":"Al Mazroueyyah"}},{"type":"Feature","id":1928,"geometry":{"type":"Point","coordinates":[412757.9179999996,2925274.5769999996]},"properties":{"OBJECTID":1928,"Zone":"ZONE J","STRCTDPTH":4.5730000000000004,"ELEV_GND":2.5019999999999998,"ELEV_INV":-2.0710000000000002,"LABEL":"J-MH-51-2","Inastallation_Status":1,"X":412757.9179999996,"Y":2925274.5769999996,"Depth_Class":"4 - 5 m","District":"Al Mazroueyyah"}},{"type":"Feature","id":1929,"geometry":{"type":"Point","coordinates":[412786.82500000019,2925322.8509999998]},"properties":{"OBJECTID":1929,"Zone":"ZONE J","STRCTDPTH":4.6289999999999996,"ELEV_GND":2.6619999999999999,"ELEV_INV":-1.9670000000000001,"LABEL":"J-MH-51-3","Inastallation_Status":1,"X":412786.82500000019,"Y":2925322.8509999998,"Depth_Class":"4 - 5 m","District":"Al Mazroueyyah"}},{"type":"Feature","id":1930,"geometry":{"type":"Point","coordinates":[412753.65899999999,2925343.0250000004]},"properties":{"OBJECTID":1930,"Zone":"ZONE J","STRCTDPTH":4.6260000000000003,"ELEV_GND":2.7320000000000002,"ELEV_INV":-1.8939999999999999,"LABEL":"J-MH-51-4","Inastallation_Status":1,"X":412753.65899999999,"Y":2925343.0250000004,"Depth_Class":"4 - 5 m","District":"Al Mazroueyyah"}},{"type":"Feature","id":1931,"geometry":{"type":"Point","coordinates":[412716.58800000045,2925364.3450000007]},"properties":{"OBJECTID":1931,"Zone":"ZONE J","STRCTDPTH":4.4850000000000003,"ELEV_GND":2.673,"ELEV_INV":-1.8120000000000001,"LABEL":"J-MH-51-5","Inastallation_Status":1,"X":412716.58800000045,"Y":2925364.3450000007,"Depth_Class":"4 - 5 m","District":"Al Mazroueyyah"}},{"type":"Feature","id":1932,"geometry":{"type":"Point","coordinates":[412731.19000000041,2925389.6199999992]},"properties":{"OBJECTID":1932,"Zone":"ZONE J","STRCTDPTH":4.4610000000000003,"ELEV_GND":2.7040000000000002,"ELEV_INV":-1.7569999999999999,"LABEL":"J-MH-51-6","Inastallation_Status":1,"X":412731.19000000041,"Y":2925389.6199999992,"Depth_Class":"4 - 5 m","District":"Al Mazroueyyah"}},{"type":"Feature","id":1933,"geometry":{"type":"Point","coordinates":[412761.01900000032,2925434.8550000004]},"properties":{"OBJECTID":1933,"Zone":"ZONE J","STRCTDPTH":4.5429999999999993,"ELEV_GND":2.8889999999999998,"ELEV_INV":-1.6539999999999999,"LABEL":"J-MH-51-7","Inastallation_Status":1,"X":412761.01900000032,"Y":2925434.8550000004,"Depth_Class":"4 - 5 m","District":"Al Mazroueyyah"}},{"type":"Feature","id":1934,"geometry":{"type":"Point","coordinates":[412777.73099999968,2925482.1809999999]},"properties":{"OBJECTID":1934,"Zone":"ZONE J","STRCTDPTH":4.4130000000000003,"ELEV_GND":2.8540000000000001,"ELEV_INV":-1.5589999999999999,"LABEL":"J-MH-51-8","Inastallation_Status":1,"X":412777.73099999968,"Y":2925482.1809999999,"Depth_Class":"4 - 5 m","District":"Al Mazroueyyah"}},{"type":"Feature","id":1935,"geometry":{"type":"Point","coordinates":[412796.59179999959,2925542.7536999993]},"properties":{"OBJECTID":1935,"Zone":"ZONE J","STRCTDPTH":4.1600000000000001,"ELEV_GND":2.722,"ELEV_INV":-1.4379999999999999,"LABEL":"J-MH-51-9","Inastallation_Status":1,"X":412796.59179999959,"Y":2925542.7536999993,"Depth_Class":"4 - 5 m","District":"Al Mazroueyyah"}},{"type":"Feature","id":1936,"geometry":{"type":"Point","coordinates":[412808.50569999963,2925568.6904000007]},"properties":{"OBJECTID":1936,"Zone":"ZONE J","STRCTDPTH":3.7800000000000002,"ELEV_GND":2.73,"ELEV_INV":-1.05,"LABEL":"J-MH-51-9-1","Inastallation_Status":1,"X":412808.50569999963,"Y":2925568.6904000007,"Depth_Class":"3 - 4 m","District":"Al Mazroueyyah"}},{"type":"Feature","id":1937,"geometry":{"type":"Point","coordinates":[412851.5120000001,2925143.2200000007]},"properties":{"OBJECTID":1937,"Zone":"ZONE J","STRCTDPTH":4.8290000000000006,"ELEV_GND":2.6840000000000002,"ELEV_INV":-2.145,"LABEL":"J-MH-52","Inastallation_Status":1,"X":412851.5120000001,"Y":2925143.2200000007,"Depth_Class":"4 - 5 m","District":"Al Mazroueyyah"}},{"type":"Feature","id":1938,"geometry":{"type":"Point","coordinates":[412891.99299999978,2925114.7740000002]},"properties":{"OBJECTID":1938,"Zone":"ZONE J","STRCTDPTH":4.5880000000000001,"ELEV_GND":2.5030000000000001,"ELEV_INV":-2.085,"LABEL":"J-MH-53","Inastallation_Status":1,"X":412891.99299999978,"Y":2925114.7740000002,"Depth_Class":"4 - 5 m","District":"Al Mazroueyyah"}},{"type":"Feature","id":1939,"geometry":{"type":"Point","coordinates":[412920.57699999958,2925094.3169999998]},"properties":{"OBJECTID":1939,"Zone":"ZONE J","STRCTDPTH":4.4459999999999997,"ELEV_GND":2.403,"ELEV_INV":-2.0430000000000001,"LABEL":"J-MH-54","Inastallation_Status":1,"X":412920.57699999958,"Y":2925094.3169999998,"Depth_Class":"4 - 5 m","District":"Al Mazroueyyah"}},{"type":"Feature","id":1940,"geometry":{"type":"Point","coordinates":[412980.79999999981,2925050.341]},"properties":{"OBJECTID":1940,"Zone":"ZONE J","STRCTDPTH":4.6159999999999997,"ELEV_GND":2.6629999999999998,"ELEV_INV":-1.9530000000000001,"LABEL":"J-MH-55","Inastallation_Status":1,"X":412980.79999999981,"Y":2925050.341,"Depth_Class":"4 - 5 m","District":"Al Mazroueyyah"}},{"type":"Feature","id":1941,"geometry":{"type":"Point","coordinates":[413033.5820000004,2925012.5610000007]},"properties":{"OBJECTID":1941,"Zone":"ZONE J","STRCTDPTH":4.6669999999999998,"ELEV_GND":2.7909999999999999,"ELEV_INV":-1.8759999999999999,"LABEL":"J-MH-56","Inastallation_Status":1,"X":413033.5820000004,"Y":2925012.5610000007,"Depth_Class":"4 - 5 m","District":"Al Mazroueyyah"}},{"type":"Feature","id":1942,"geometry":{"type":"Point","coordinates":[413045.60699999984,2925013.5209999997]},"properties":{"OBJECTID":1942,"Zone":"ZONE J","STRCTDPTH":4.4800000000000004,"ELEV_GND":2.669,"ELEV_INV":-1.8109999999999999,"LABEL":"J-MH-57","Inastallation_Status":1,"X":413045.60699999984,"Y":2925013.5209999997,"Depth_Class":"4 - 5 m","District":"Al Mazroueyyah"}},{"type":"Feature","id":1943,"geometry":{"type":"Point","coordinates":[413050.68099999987,2925088.5879999995]},"properties":{"OBJECTID":1943,"Zone":"ZONE J","STRCTDPTH":4.4960000000000004,"ELEV_GND":2.7829999999999999,"ELEV_INV":-1.7130000000000001,"LABEL":"J-MH-58","Inastallation_Status":1,"X":413050.68099999987,"Y":2925088.5879999995,"Depth_Class":"4 - 5 m","District":"Al Mazroueyyah"}},{"type":"Feature","id":1944,"geometry":{"type":"Point","coordinates":[413054.55099999998,2925137.1370000001]},"properties":{"OBJECTID":1944,"Zone":"ZONE J","STRCTDPTH":4.298,"ELEV_GND":2.649,"ELEV_INV":-1.649,"LABEL":"J-MH-59","Inastallation_Status":1,"X":413054.55099999998,"Y":2925137.1370000001,"Depth_Class":"4 - 5 m","District":"Al Mazroueyyah"}},{"type":"Feature","id":1945,"geometry":{"type":"Point","coordinates":[413059.49700000044,2925211.0639999993]},"properties":{"OBJECTID":1945,"Zone":"ZONE J","STRCTDPTH":4.2309999999999999,"ELEV_GND":2.7269999999999999,"ELEV_INV":-1.504,"LABEL":"J-MH-60","Inastallation_Status":1,"X":413059.49700000044,"Y":2925211.0639999993,"Depth_Class":"4 - 5 m","District":"Al Mazroueyyah"}},{"type":"Feature","id":1946,"geometry":{"type":"Point","coordinates":[413063.43400000036,2925267.1699999999]},"properties":{"OBJECTID":1946,"Zone":"ZONE J","STRCTDPTH":4.0110000000000001,"ELEV_GND":2.5800000000000001,"ELEV_INV":-1.431,"LABEL":"J-MH-61","Inastallation_Status":1,"X":413063.43400000036,"Y":2925267.1699999999,"Depth_Class":"4 - 5 m","District":"Al Mazroueyyah"}},{"type":"Feature","id":1947,"geometry":{"type":"Point","coordinates":[413128.19900000002,2925261.9930000007]},"properties":{"OBJECTID":1947,"Zone":"ZONE J","STRCTDPTH":3.7349999999999999,"ELEV_GND":2.4359999999999999,"ELEV_INV":-1.2989999999999999,"LABEL":"J-MH-62","Inastallation_Status":1,"X":413128.19900000002,"Y":2925261.9930000007,"Depth_Class":"3 - 4 m","District":"Al Mazroueyyah"}},{"type":"Feature","id":1948,"geometry":{"type":"Point","coordinates":[413194.48900000006,2925257.2430000007]},"properties":{"OBJECTID":1948,"Zone":"ZONE J","STRCTDPTH":3.8109999999999999,"ELEV_GND":2.6139999999999999,"ELEV_INV":-1.1970000000000001,"LABEL":"J-MH-63","Inastallation_Status":1,"X":413194.48900000006,"Y":2925257.2430000007,"Depth_Class":"3 - 4 m","District":"Al Mazroueyyah"}},{"type":"Feature","id":1949,"geometry":{"type":"Point","coordinates":[413197.73929999955,2925317.5470000003]},"properties":{"OBJECTID":1949,"Zone":"ZONE J","STRCTDPTH":3.6579999999999999,"ELEV_GND":2.5529999999999999,"ELEV_INV":-1.105,"LABEL":"J-MH-64","Inastallation_Status":1,"X":413197.73929999955,"Y":2925317.5470000003,"Depth_Class":"3 - 4 m","District":"Al Mazroueyyah"}},{"type":"Feature","id":1950,"geometry":{"type":"Point","coordinates":[413203.81799999997,2925387.6040000003]},"properties":{"OBJECTID":1950,"Zone":"ZONE J","STRCTDPTH":3.3799999999999999,"ELEV_GND":2.3820000000000001,"ELEV_INV":-0.998,"LABEL":"J-MH-65","Inastallation_Status":1,"X":413203.81799999997,"Y":2925387.6040000003,"Depth_Class":"3 - 4 m","District":"Al Mazroueyyah"}},{"type":"Feature","id":1951,"geometry":{"type":"Point","coordinates":[413208.34800000023,2925452.1160000004]},"properties":{"OBJECTID":1951,"Zone":"ZONE J","STRCTDPTH":3.3260000000000001,"ELEV_GND":2.5,"ELEV_INV":-0.82599999999999996,"LABEL":"J-MH-66","Inastallation_Status":1,"X":413208.34800000023,"Y":2925452.1160000004,"Depth_Class":"3 - 4 m","District":"Al Mazroueyyah"}},{"type":"Feature","id":1952,"geometry":{"type":"Point","coordinates":[413212.19539999962,2925513.3329000007]},"properties":{"OBJECTID":1952,"Zone":"ZONE J","STRCTDPTH":3.121,"ELEV_GND":2.4300000000000002,"ELEV_INV":-0.69099999999999995,"LABEL":"J-MH-67","Inastallation_Status":1,"X":413212.19539999962,"Y":2925513.3329000007,"Depth_Class":"3 - 4 m","District":"Al Mazroueyyah"}},{"type":"Feature","id":1953,"geometry":{"type":"Point","coordinates":[413217.13200000022,2925579.3990000002]},"properties":{"OBJECTID":1953,"Zone":"ZONE J","STRCTDPTH":2.9699999999999998,"ELEV_GND":2.4239999999999999,"ELEV_INV":-0.54600000000000004,"LABEL":"J-MH-68","Inastallation_Status":1,"X":413217.13200000022,"Y":2925579.3990000002,"Depth_Class":"2 - 3 m","District":"Al Mazroueyyah"}},{"type":"Feature","id":1954,"geometry":{"type":"Point","coordinates":[413221.84470000025,2925647.2183999997]},"properties":{"OBJECTID":1954,"Zone":"ZONE J","STRCTDPTH":2.6799999999999997,"ELEV_GND":2.2839999999999998,"ELEV_INV":-0.39600000000000002,"LABEL":"J-MH-69","Inastallation_Status":1,"X":413221.84470000025,"Y":2925647.2183999997,"Depth_Class":"2 - 3 m","District":"Al Mazroueyyah"}},{"type":"Feature","id":1955,"geometry":{"type":"Point","coordinates":[412022.13760000002,2924096.5129000004]},"properties":{"OBJECTID":1955,"Zone":"ZONE J","STRCTDPTH":5.4740000000000002,"ELEV_GND":3.1379999999999999,"ELEV_INV":-2.3359999999999999,"LABEL":"J-MH-70","Inastallation_Status":1,"X":412022.13760000002,"Y":2924096.5129000004,"Depth_Class":"5 - 6 m","District":"Prince Mohamed Bin Saoud"}},{"type":"Feature","id":1956,"geometry":{"type":"Point","coordinates":[411982.83160000015,2924095.4669000003]},"properties":{"OBJECTID":1956,"Zone":"ZONE J","STRCTDPTH":5.5709999999999997,"ELEV_GND":3.2709999999999999,"ELEV_INV":-2.2999999999999998,"LABEL":"J-MH-71","Inastallation_Status":1,"X":411982.83160000015,"Y":2924095.4669000003,"Depth_Class":"5 - 6 m","District":"Prince Mohamed Bin Saoud"}},{"type":"Feature","id":1957,"geometry":{"type":"Point","coordinates":[411935.30860000011,2924096.1098999996]},"properties":{"OBJECTID":1957,"Zone":"ZONE J","STRCTDPTH":5.4860000000000007,"ELEV_GND":3.2280000000000002,"ELEV_INV":-2.258,"LABEL":"J-MH-72","Inastallation_Status":1,"X":411935.30860000011,"Y":2924096.1098999996,"Depth_Class":"5 - 6 m","District":"Prince Mohamed Bin Saoud"}},{"type":"Feature","id":1958,"geometry":{"type":"Point","coordinates":[411936.1166000003,2924130.3948999997]},"properties":{"OBJECTID":1958,"Zone":"ZONE J","STRCTDPTH":5.5069999999999997,"ELEV_GND":3.2799999999999998,"ELEV_INV":-2.2269999999999999,"LABEL":"J-MH-73","Inastallation_Status":1,"X":411936.1166000003,"Y":2924130.3948999997,"Depth_Class":"5 - 6 m","District":"Prince Mohamed Bin Saoud"}},{"type":"Feature","id":1959,"geometry":{"type":"Point","coordinates":[411936.29160000011,2924160.1399000008]},"properties":{"OBJECTID":1959,"Zone":"ZONE J","STRCTDPTH":5.5999999999999996,"ELEV_GND":3.3999999999999999,"ELEV_INV":-2.2000000000000002,"LABEL":"J-MH-74","Inastallation_Status":1,"X":411936.29160000011,"Y":2924160.1399000008,"Depth_Class":"5 - 6 m","District":"Prince Mohamed Bin Saoud"}},{"type":"Feature","id":1960,"geometry":{"type":"Point","coordinates":[411936.70760000031,2924207.3109000009]},"properties":{"OBJECTID":1960,"Zone":"ZONE J","STRCTDPTH":5.4020000000000001,"ELEV_GND":3.2440000000000002,"ELEV_INV":-2.1579999999999999,"LABEL":"J-MH-75","Inastallation_Status":1,"X":411936.70760000031,"Y":2924207.3109000009,"Depth_Class":"5 - 6 m","District":"Prince Mohamed Bin Saoud"}},{"type":"Feature","id":1961,"geometry":{"type":"Point","coordinates":[411936.93259999994,2924240.3728999998]},"properties":{"OBJECTID":1961,"Zone":"ZONE J","STRCTDPTH":5.3680000000000003,"ELEV_GND":3.2400000000000002,"ELEV_INV":-2.1280000000000001,"LABEL":"J-MH-76","Inastallation_Status":1,"X":411936.93259999994,"Y":2924240.3728999998,"Depth_Class":"5 - 6 m","District":"Prince Mohamed Bin Saoud"}},{"type":"Feature","id":1962,"geometry":{"type":"Point","coordinates":[411937.43159999978,2924285.7309000008]},"properties":{"OBJECTID":1962,"Zone":"ZONE J","STRCTDPTH":5.2610000000000001,"ELEV_GND":3.1739999999999999,"ELEV_INV":-2.0870000000000002,"LABEL":"J-MH-77","Inastallation_Status":1,"X":411937.43159999978,"Y":2924285.7309000008,"Depth_Class":"5 - 6 m","District":"Prince Mohamed Bin Saoud"}},{"type":"Feature","id":1963,"geometry":{"type":"Point","coordinates":[411936.78959999979,2924319.2238999996]},"properties":{"OBJECTID":1963,"Zone":"ZONE J","STRCTDPTH":5.157,"ELEV_GND":3.1000000000000001,"ELEV_INV":-2.0569999999999999,"LABEL":"J-MH-78","Inastallation_Status":1,"X":411936.78959999979,"Y":2924319.2238999996,"Depth_Class":"5 - 6 m","District":"Prince Mohamed Bin Saoud"}},{"type":"Feature","id":1964,"geometry":{"type":"Point","coordinates":[411938.30860000011,2924365.4329000004]},"properties":{"OBJECTID":1964,"Zone":"ZONE J","STRCTDPTH":4.9850000000000003,"ELEV_GND":2.9700000000000002,"ELEV_INV":-2.0150000000000001,"LABEL":"J-MH-79","Inastallation_Status":1,"X":411938.30860000011,"Y":2924365.4329000004,"Depth_Class":"4 - 5 m","District":"Prince Mohamed Bin Saoud"}},{"type":"Feature","id":1965,"geometry":{"type":"Point","coordinates":[411940.48859999981,2924430.7108999994]},"properties":{"OBJECTID":1965,"Zone":"ZONE J","STRCTDPTH":4.9960000000000004,"ELEV_GND":3.04,"ELEV_INV":-1.956,"LABEL":"J-MH-80","Inastallation_Status":1,"X":411940.48859999981,"Y":2924430.7108999994,"Depth_Class":"4 - 5 m","District":"Prince Mohamed Bin Saoud"}},{"type":"Feature","id":1966,"geometry":{"type":"Point","coordinates":[411940.70760000031,2924485.6169000007]},"properties":{"OBJECTID":1966,"Zone":"ZONE J","STRCTDPTH":5.0409999999999995,"ELEV_GND":3.1389999999999998,"ELEV_INV":-1.9019999999999999,"LABEL":"J-MH-81","Inastallation_Status":1,"X":411940.70760000031,"Y":2924485.6169000007,"Depth_Class":"5 - 6 m","District":"Prince Mohamed Bin Saoud"}},{"type":"Feature","id":1967,"geometry":{"type":"Point","coordinates":[411941.44560000021,2924542.1729000006]},"properties":{"OBJECTID":1967,"Zone":"ZONE J","STRCTDPTH":4.7000000000000002,"ELEV_GND":2.855,"ELEV_INV":-1.845,"LABEL":"J-MH-82","Inastallation_Status":1,"X":411941.44560000021,"Y":2924542.1729000006,"Depth_Class":"4 - 5 m","District":"Prince Mohamed Bin Saoud"}},{"type":"Feature","id":1968,"geometry":{"type":"Point","coordinates":[411942.62359999958,2924627.8079000004]},"properties":{"OBJECTID":1968,"Zone":"ZONE J","STRCTDPTH":4.5830000000000002,"ELEV_GND":2.9399999999999999,"ELEV_INV":-1.643,"LABEL":"J-MH-83","Inastallation_Status":1,"X":411942.62359999958,"Y":2924627.8079000004,"Depth_Class":"4 - 5 m","District":"Al Rabih"}},{"type":"Feature","id":1969,"geometry":{"type":"Point","coordinates":[411940.52969999984,2924678.0316000003]},"properties":{"OBJECTID":1969,"Zone":"ZONE J","STRCTDPTH":4.532,"ELEV_GND":2.9649999999999999,"ELEV_INV":-1.5669999999999999,"LABEL":"J-MH-84","Inastallation_Status":1,"X":411940.52969999984,"Y":2924678.0316000003,"Depth_Class":"4 - 5 m","District":"Al Rabih"}},{"type":"Feature","id":1970,"geometry":{"type":"Point","coordinates":[411943.34659999982,2924714.2668999992]},"properties":{"OBJECTID":1970,"Zone":"ZONE J","STRCTDPTH":4.4290000000000003,"ELEV_GND":2.9159999999999999,"ELEV_INV":-1.5129999999999999,"LABEL":"J-MH-85","Inastallation_Status":1,"X":411943.34659999982,"Y":2924714.2668999992,"Depth_Class":"4 - 5 m","District":"Al Rabih"}},{"type":"Feature","id":1971,"geometry":{"type":"Point","coordinates":[411944.3376000002,2924757.0009000003]},"properties":{"OBJECTID":1971,"Zone":"ZONE J","STRCTDPTH":4.3289999999999997,"ELEV_GND":2.8799999999999999,"ELEV_INV":-1.4490000000000001,"LABEL":"J-MH-86","Inastallation_Status":1,"X":411944.3376000002,"Y":2924757.0009000003,"Depth_Class":"4 - 5 m","District":"Al Rabih"}},{"type":"Feature","id":1972,"geometry":{"type":"Point","coordinates":[411942.84460000042,2924800.8468999993]},"properties":{"OBJECTID":1972,"Zone":"ZONE J","STRCTDPTH":4.3119999999999994,"ELEV_GND":2.9289999999999998,"ELEV_INV":-1.383,"LABEL":"J-MH-87","Inastallation_Status":1,"X":411942.84460000042,"Y":2924800.8468999993,"Depth_Class":"4 - 5 m","District":"Al Rabih"}},{"type":"Feature","id":1973,"geometry":{"type":"Point","coordinates":[411942.51860000007,2924886.6118999999]},"properties":{"OBJECTID":1973,"Zone":"ZONE J","STRCTDPTH":4.1340000000000003,"ELEV_GND":2.8799999999999999,"ELEV_INV":-1.254,"LABEL":"J-MH-88","Inastallation_Status":1,"X":411942.51860000007,"Y":2924886.6118999999,"Depth_Class":"4 - 5 m","District":"Al Rabih"}},{"type":"Feature","id":1974,"geometry":{"type":"Point","coordinates":[411946.8395999996,2924971.3409000002]},"properties":{"OBJECTID":1974,"Zone":"ZONE J","STRCTDPTH":3.8890000000000002,"ELEV_GND":2.762,"ELEV_INV":-1.127,"LABEL":"J-MH-89","Inastallation_Status":1,"X":411946.8395999996,"Y":2924971.3409000002,"Depth_Class":"3 - 4 m","District":"Al 'Amamira"}},{"type":"Feature","id":1975,"geometry":{"type":"Point","coordinates":[411942.49859999958,2925042.8728999998]},"properties":{"OBJECTID":1975,"Zone":"ZONE J","STRCTDPTH":3.6989999999999998,"ELEV_GND":2.6800000000000002,"ELEV_INV":-1.0189999999999999,"LABEL":"J-MH-90","Inastallation_Status":1,"X":411942.49859999958,"Y":2925042.8728999998,"Depth_Class":"3 - 4 m","District":"Al 'Amamira"}},{"type":"Feature","id":1976,"geometry":{"type":"Point","coordinates":[411942.53139999975,2925084.4215999991]},"properties":{"OBJECTID":1976,"Zone":"ZONE J","STRCTDPTH":3.5739999999999998,"ELEV_GND":2.617,"ELEV_INV":-0.95699999999999996,"LABEL":"J-MH-91","Inastallation_Status":1,"X":411942.53139999975,"Y":2925084.4215999991,"Depth_Class":"3 - 4 m","District":"Al 'Amamira"}},{"type":"Feature","id":1977,"geometry":{"type":"Point","coordinates":[412021.47090000007,2925082.7237999998]},"properties":{"OBJECTID":1977,"Zone":"ZONE J","STRCTDPTH":3.2489999999999997,"ELEV_GND":2.5089999999999999,"ELEV_INV":-0.73999999999999999,"LABEL":"J-MH-92","Inastallation_Status":1,"X":412021.47090000007,"Y":2925082.7237999998,"Depth_Class":"3 - 4 m","District":"Al 'Amamira"}},{"type":"Feature","id":1978,"geometry":{"type":"Point","coordinates":[412173.1370000001,2924191.9499999993]},"properties":{"OBJECTID":1978,"Zone":"ZONE J","STRCTDPTH":4.9000000000000004,"ELEV_GND":3.2930000000000001,"ELEV_INV":-1.607,"LABEL":"J-MH-93","Inastallation_Status":1,"X":412173.1370000001,"Y":2924191.9499999993,"Depth_Class":"4 - 5 m","District":"Al Tabishi"}},{"type":"Feature","id":1979,"geometry":{"type":"Point","coordinates":[412201.08999999985,2924210.0030000005]},"properties":{"OBJECTID":1979,"Zone":"ZONE J","STRCTDPTH":4.702,"ELEV_GND":3.3809999999999998,"ELEV_INV":-1.321,"LABEL":"J-MH-94","Inastallation_Status":1,"X":412201.08999999985,"Y":2924210.0030000005,"Depth_Class":"4 - 5 m","District":"Al Tabishi"}},{"type":"Feature","id":1980,"geometry":{"type":"Point","coordinates":[412227.53600000031,2924227.1620000005]},"properties":{"OBJECTID":1980,"Zone":"ZONE J","STRCTDPTH":4.6699999999999999,"ELEV_GND":3.4279999999999999,"ELEV_INV":-1.242,"LABEL":"J-MH-95","Inastallation_Status":1,"X":412227.53600000031,"Y":2924227.1620000005,"Depth_Class":"4 - 5 m","District":"Al Tabishi"}},{"type":"Feature","id":1981,"geometry":{"type":"Point","coordinates":[412252.1679999996,2924242.7369999997]},"properties":{"OBJECTID":1981,"Zone":"ZONE J","STRCTDPTH":4.5609999999999999,"ELEV_GND":3.3919999999999999,"ELEV_INV":-1.169,"LABEL":"J-MH-96","Inastallation_Status":1,"X":412252.1679999996,"Y":2924242.7369999997,"Depth_Class":"4 - 5 m","District":"Al Tabishi"}},{"type":"Feature","id":1982,"geometry":{"type":"Point","coordinates":[412298.39300000016,2924272.4940000009]},"properties":{"OBJECTID":1982,"Zone":"ZONE J","STRCTDPTH":4.3209999999999997,"ELEV_GND":3.2890000000000001,"ELEV_INV":-1.032,"LABEL":"J-MH-97","Inastallation_Status":1,"X":412298.39300000016,"Y":2924272.4940000009,"Depth_Class":"4 - 5 m","District":"Al Tabishi"}},{"type":"Feature","id":1983,"geometry":{"type":"Point","coordinates":[412326.12299999967,2924290.0490000006]},"properties":{"OBJECTID":1983,"Zone":"ZONE J","STRCTDPTH":4.1600000000000001,"ELEV_GND":3.21,"ELEV_INV":-0.94999999999999996,"LABEL":"J-MH-98","Inastallation_Status":1,"X":412326.12299999967,"Y":2924290.0490000006,"Depth_Class":"4 - 5 m","District":"Al Tabishi"}},{"type":"Feature","id":1984,"geometry":{"type":"Point","coordinates":[412347.79590000026,2924305.2519000005]},"properties":{"OBJECTID":1984,"Zone":"ZONE J","STRCTDPTH":3.9049999999999998,"ELEV_GND":3.0859999999999999,"ELEV_INV":-0.81899999999999995,"LABEL":"J-MH-99","Inastallation_Status":1,"X":412347.79590000026,"Y":2924305.2519000005,"Depth_Class":"3 - 4 m","District":"Al Tabishi"}},{"type":"Feature","id":1985,"geometry":{"type":"Point","coordinates":[412392.20600000024,2924332.3420000002]},"properties":{"OBJECTID":1985,"Zone":"ZONE J","STRCTDPTH":3.742,"ELEV_GND":3.0840000000000001,"ELEV_INV":-0.65800000000000003,"LABEL":"J-MH-100","Inastallation_Status":1,"X":412392.20600000024,"Y":2924332.3420000002,"Depth_Class":"3 - 4 m","District":"Al Tabishi"}},{"type":"Feature","id":1986,"geometry":{"type":"Point","coordinates":[412412.75899999961,2924345.5710000005]},"properties":{"OBJECTID":1986,"Zone":"ZONE J","STRCTDPTH":3.5859999999999999,"ELEV_GND":3.004,"ELEV_INV":-0.58199999999999996,"LABEL":"J-MH-101","Inastallation_Status":1,"X":412412.75899999961,"Y":2924345.5710000005,"Depth_Class":"3 - 4 m","District":"Al Tabishi"}},{"type":"Feature","id":1987,"geometry":{"type":"Point","coordinates":[412447.32600000035,2924367.6260000002]},"properties":{"OBJECTID":1987,"Zone":"ZONE J","STRCTDPTH":3.3879999999999999,"ELEV_GND":2.9329999999999998,"ELEV_INV":-0.45500000000000002,"LABEL":"J-MH-102","Inastallation_Status":1,"X":412447.32600000035,"Y":2924367.6260000002,"Depth_Class":"3 - 4 m","District":"Al Tabishi"}},{"type":"Feature","id":1988,"geometry":{"type":"Point","coordinates":[412481.49799999967,2924389.5480000004]},"properties":{"OBJECTID":1988,"Zone":"ZONE J","STRCTDPTH":3.1710000000000003,"ELEV_GND":2.8420000000000001,"ELEV_INV":-0.32900000000000001,"LABEL":"J-MH-103","Inastallation_Status":1,"X":412481.49799999967,"Y":2924389.5480000004,"Depth_Class":"3 - 4 m","District":"Al Tabishi"}},{"type":"Feature","id":1989,"geometry":{"type":"Point","coordinates":[412526.58650000021,2924418.2038000003]},"properties":{"OBJECTID":1989,"Zone":"ZONE J","STRCTDPTH":2.907,"ELEV_GND":2.7429999999999999,"ELEV_INV":-0.16400000000000001,"LABEL":"J-MH-104","Inastallation_Status":1,"X":412526.58650000021,"Y":2924418.2038000003,"Depth_Class":"2 - 3 m","District":"Al Tabishi"}},{"type":"Feature","id":1990,"geometry":{"type":"Point","coordinates":[412564.33920000028,2924431.0535000004]},"properties":{"OBJECTID":1990,"Zone":"ZONE J","STRCTDPTH":2.8199999999999998,"ELEV_GND":2.7799999999999998,"ELEV_INV":-0.040000000000000001,"LABEL":"J-MH-105","Inastallation_Status":1,"X":412564.33920000028,"Y":2924431.0535000004,"Depth_Class":"2 - 3 m","District":"Al Tabishi"}},{"type":"Feature","id":1991,"geometry":{"type":"Point","coordinates":[412583.26690000016,2924409.4266999997]},"properties":{"OBJECTID":1991,"Zone":"ZONE J","STRCTDPTH":2.6579999999999999,"ELEV_GND":2.7799999999999998,"ELEV_INV":0.122,"LABEL":"J-MH-106","Inastallation_Status":1,"X":412583.26690000016,"Y":2924409.4266999997,"Depth_Class":"2 - 3 m","District":"Al Tabishi"}},{"type":"Feature","id":1992,"geometry":{"type":"Point","coordinates":[412623.23450000025,2924378.2662000004]},"properties":{"OBJECTID":1992,"Zone":"ZONE J","STRCTDPTH":2.4089999999999998,"ELEV_GND":2.718,"ELEV_INV":0.309,"LABEL":"J-MH-107","Inastallation_Status":1,"X":412623.23450000025,"Y":2924378.2662000004,"Depth_Class":"2 - 3 m","District":"Al Tabishi"}},{"type":"Feature","id":1993,"geometry":{"type":"Point","coordinates":[412676.39020000026,2924336.4188999999]},"properties":{"OBJECTID":1993,"Zone":"ZONE J","STRCTDPTH":2.2249999999999996,"ELEV_GND":2.7839999999999998,"ELEV_INV":0.55900000000000005,"LABEL":"J-MH-108","Inastallation_Status":1,"X":412676.39020000026,"Y":2924336.4188999999,"Depth_Class":"2 - 3 m","District":"Al Tabishi"}},{"type":"Feature","id":1994,"geometry":{"type":"Point","coordinates":[412701.57550000027,2924321.7821999993]},"properties":{"OBJECTID":1994,"Zone":"ZONE J","STRCTDPTH":2.194,"ELEV_GND":2.8610000000000002,"ELEV_INV":0.66700000000000004,"LABEL":"J-MH-109","Inastallation_Status":1,"X":412701.57550000027,"Y":2924321.7821999993,"Depth_Class":"2 - 3 m","District":"Al Tabishi"}},{"type":"Feature","id":1995,"geometry":{"type":"Point","coordinates":[412720.6353000002,2924350.9356999993]},"properties":{"OBJECTID":1995,"Zone":"ZONE J","STRCTDPTH":1.99,"ELEV_GND":2.786,"ELEV_INV":0.79600000000000004,"LABEL":"J-MH-110","Inastallation_Status":1,"X":412720.6353000002,"Y":2924350.9356999993,"Depth_Class":"1 - 2 m","District":"Al Mazroueyyah"}},{"type":"Feature","id":1996,"geometry":{"type":"Point","coordinates":[412751.32210000046,2924350.7730999999]},"properties":{"OBJECTID":1996,"Zone":"ZONE J","STRCTDPTH":5.5899999999999999,"ELEV_GND":2.758,"ELEV_INV":-2.8319999999999999,"LABEL":"J-MH-111","Inastallation_Status":1,"X":412751.32210000046,"Y":2924350.7730999999,"Depth_Class":"5 - 6 m","District":"Al Mazroueyyah"}},{"type":"Feature","id":1997,"geometry":{"type":"Point","coordinates":[412755.18269999977,2924362.9473000001]},"properties":{"OBJECTID":1997,"Zone":"ZONE J","STRCTDPTH":5.351,"ELEV_GND":2.7429999999999999,"ELEV_INV":-2.6080000000000001,"LABEL":"J-MH-111-1","Inastallation_Status":1,"X":412755.18269999977,"Y":2924362.9473000001,"Depth_Class":"5 - 6 m","District":"Al Mazroueyyah"}},{"type":"Feature","id":1998,"geometry":{"type":"Point","coordinates":[412777.11799999978,2924403.1779999994]},"properties":{"OBJECTID":1998,"Zone":"ZONE J","STRCTDPTH":5.1600000000000001,"ELEV_GND":2.6890000000000001,"ELEV_INV":-2.4710000000000001,"LABEL":"J-MH-111-2","Inastallation_Status":1,"X":412777.11799999978,"Y":2924403.1779999994,"Depth_Class":"5 - 6 m","District":"Al Mazroueyyah"}},{"type":"Feature","id":1999,"geometry":{"type":"Point","coordinates":[412820.38889999967,2924444.0653000008]},"properties":{"OBJECTID":1999,"Zone":"ZONE J","STRCTDPTH":4.9399999999999995,"ELEV_GND":2.6480000000000001,"ELEV_INV":-2.2919999999999998,"LABEL":"J-MH-111-3","Inastallation_Status":1,"X":412820.38889999967,"Y":2924444.0653000008,"Depth_Class":"4 - 5 m","District":"Al Mazroueyyah"}},{"type":"Feature","id":2000,"geometry":{"type":"Point","coordinates":[412851.15000000037,2924488.2131999992]},"properties":{"OBJECTID":2000,"Zone":"ZONE J","STRCTDPTH":4.859,"ELEV_GND":2.7280000000000002,"ELEV_INV":-2.1309999999999998,"LABEL":"J-MH-111-4","Inastallation_Status":1,"X":412851.15000000037,"Y":2924488.2131999992,"Depth_Class":"4 - 5 m","District":"Al Mazroueyyah"}},{"type":"Feature","id":2001,"geometry":{"type":"Point","coordinates":[412877.63870000001,2924524.9556000009]},"properties":{"OBJECTID":2001,"Zone":"ZONE J","STRCTDPTH":4.7680000000000007,"ELEV_GND":2.7730000000000001,"ELEV_INV":-1.9950000000000001,"LABEL":"J-MH-111-5","Inastallation_Status":1,"X":412877.63870000001,"Y":2924524.9556000009,"Depth_Class":"4 - 5 m","District":"Al Mazroueyyah"}},{"type":"Feature","id":2002,"geometry":{"type":"Point","coordinates":[412886.14400000032,2924555.3579999991]},"properties":{"OBJECTID":2002,"Zone":"ZONE J","STRCTDPTH":4.649,"ELEV_GND":2.7490000000000001,"ELEV_INV":-1.8999999999999999,"LABEL":"J-MH-111-6","Inastallation_Status":1,"X":412886.14400000032,"Y":2924555.3579999991,"Depth_Class":"4 - 5 m","District":"Al Mazroueyyah"}},{"type":"Feature","id":2003,"geometry":{"type":"Point","coordinates":[412925.36039999966,2924592.1359999999]},"properties":{"OBJECTID":2003,"Zone":"ZONE J","STRCTDPTH":4.3799999999999999,"ELEV_GND":2.75,"ELEV_INV":-1.6299999999999999,"LABEL":"J-MH-111-7","Inastallation_Status":1,"X":412925.36039999966,"Y":2924592.1359999999,"Depth_Class":"4 - 5 m","District":"Al Mazroueyyah"}},{"type":"Feature","id":2004,"geometry":{"type":"Point","coordinates":[412735.75219999999,2924324.8039999995]},"properties":{"OBJECTID":2004,"Zone":"ZONE J","STRCTDPTH":5.6340000000000003,"ELEV_GND":2.9239999999999999,"ELEV_INV":-2.71,"LABEL":"J-MH-112","Inastallation_Status":1,"X":412735.75219999999,"Y":2924324.8039999995,"Depth_Class":"5 - 6 m","District":"Al Mazroueyyah"}},{"type":"Feature","id":2005,"geometry":{"type":"Point","coordinates":[412787.73599999957,2924287.9539999999]},"properties":{"OBJECTID":2005,"Zone":"ZONE J","STRCTDPTH":5.25,"ELEV_GND":2.9660000000000002,"ELEV_INV":-2.2839999999999998,"LABEL":"J-MH-113","Inastallation_Status":1,"X":412787.73599999957,"Y":2924287.9539999999,"Depth_Class":"5 - 6 m","District":"Al Mazroueyyah"}},{"type":"Feature","id":2006,"geometry":{"type":"Point","coordinates":[412831.70660000015,2924258.5559999999]},"properties":{"OBJECTID":2006,"Zone":"ZONE J","STRCTDPTH":4.6699999999999999,"ELEV_GND":2.9660000000000002,"ELEV_INV":-1.704,"LABEL":"J-MH-114","Inastallation_Status":1,"X":412831.70660000015,"Y":2924258.5559999999,"Depth_Class":"4 - 5 m","District":"Al Mazroueyyah"}},{"type":"Feature","id":2007,"geometry":{"type":"Point","coordinates":[412882.40550000034,2924221.5286999997]},"properties":{"OBJECTID":2007,"Zone":"ZONE J","STRCTDPTH":4.5410000000000004,"ELEV_GND":2.9929999999999999,"ELEV_INV":-1.548,"LABEL":"J-MH-115","Inastallation_Status":1,"X":412882.40550000034,"Y":2924221.5286999997,"Depth_Class":"4 - 5 m","District":"Al Mazroueyyah"}},{"type":"Feature","id":2008,"geometry":{"type":"Point","coordinates":[412933.61899999995,2924183.0199999996]},"properties":{"OBJECTID":2008,"Zone":"ZONE J","STRCTDPTH":4.4359999999999999,"ELEV_GND":3.0459999999999998,"ELEV_INV":-1.3899999999999999,"LABEL":"J-MH-116","Inastallation_Status":1,"X":412933.61899999995,"Y":2924183.0199999996,"Depth_Class":"4 - 5 m","District":"Al Mazroueyyah"}},{"type":"Feature","id":2009,"geometry":{"type":"Point","coordinates":[412982.34200000018,2924147.6750000007]},"properties":{"OBJECTID":2009,"Zone":"ZONE J","STRCTDPTH":4.3140000000000001,"ELEV_GND":3.073,"ELEV_INV":-1.2410000000000001,"LABEL":"J-MH-117","Inastallation_Status":1,"X":412982.34200000018,"Y":2924147.6750000007,"Depth_Class":"4 - 5 m","District":"Al Mazroueyyah"}},{"type":"Feature","id":2010,"geometry":{"type":"Point","coordinates":[413028.10900000017,2924114.4810000006]},"properties":{"OBJECTID":2010,"Zone":"ZONE J","STRCTDPTH":4.1600000000000001,"ELEV_GND":3.0590000000000002,"ELEV_INV":-1.101,"LABEL":"J-MH-118","Inastallation_Status":1,"X":413028.10900000017,"Y":2924114.4810000006,"Depth_Class":"4 - 5 m","District":"Al Mazroueyyah"}},{"type":"Feature","id":2011,"geometry":{"type":"Point","coordinates":[413081.75999999978,2924074.5869999994]},"properties":{"OBJECTID":2011,"Zone":"ZONE J","STRCTDPTH":2.8610000000000002,"ELEV_GND":3.044,"ELEV_INV":0.183,"LABEL":"J-MH-119","Inastallation_Status":1,"X":413081.75999999978,"Y":2924074.5869999994,"Depth_Class":"2 - 3 m","District":"Al Mazroueyyah"}},{"type":"Feature","id":2012,"geometry":{"type":"Point","coordinates":[413128.75299999956,2924040.6459999997]},"properties":{"OBJECTID":2012,"Zone":"ZONE J","STRCTDPTH":2.1819999999999999,"ELEV_GND":3.0499999999999998,"ELEV_INV":0.86799999999999999,"LABEL":"J-MH-120","Inastallation_Status":1,"X":413128.75299999956,"Y":2924040.6459999997,"Depth_Class":"2 - 3 m","District":"Al Mazroueyyah"}},{"type":"Feature","id":2013,"geometry":{"type":"Point","coordinates":[413180.59640000015,2923999.9699000008]},"properties":{"OBJECTID":2013,"Zone":"ZONE J","STRCTDPTH":2.0099999999999998,"ELEV_GND":3.0880000000000001,"ELEV_INV":1.0780000000000001,"LABEL":"J-MH-121","Inastallation_Status":1,"X":413180.59640000015,"Y":2923999.9699000008,"Depth_Class":"2 - 3 m","District":"Al Mazroueyyah"}},{"type":"Feature","id":2014,"geometry":{"type":"Point","coordinates":[413240.01979999989,2923954.9182999991]},"properties":{"OBJECTID":2014,"Zone":"ZONE J","STRCTDPTH":1.72,"ELEV_GND":3.0369999999999999,"ELEV_INV":1.3169999999999999,"LABEL":"J-MH-122","Inastallation_Status":1,"X":413240.01979999989,"Y":2923954.9182999991,"Depth_Class":"1 - 2 m","District":"Al Mazroueyyah"}},{"type":"Feature","id":2015,"geometry":{"type":"Point","coordinates":[410929.14099999983,2924288.4509999994]},"properties":{"OBJECTID":2015,"Zone":"ZONE J","STRCTDPTH":3.1100000000000003,"ELEV_GND":4.5460000000000003,"ELEV_INV":1.4359999999999999,"LABEL":"J-MH-123","Inastallation_Status":1,"X":410929.14099999983,"Y":2924288.4509999994,"Depth_Class":"3 - 4 m","District":"Al Odama"}},{"type":"Feature","id":2016,"geometry":{"type":"Point","coordinates":[410927.03199999966,2924245.0462999996]},"properties":{"OBJECTID":2016,"Zone":"ZONE J","STRCTDPTH":2.9260000000000002,"ELEV_GND":4.4279999999999999,"ELEV_INV":1.502,"LABEL":"J-MH-124","Inastallation_Status":1,"X":410927.03199999966,"Y":2924245.0462999996,"Depth_Class":"2 - 3 m","District":"Al Odama"}},{"type":"Feature","id":2017,"geometry":{"type":"Point","coordinates":[410927.88499999978,2924186.5759999994]},"properties":{"OBJECTID":2017,"Zone":"ZONE J","STRCTDPTH":2.8509999999999995,"ELEV_GND":4.4429999999999996,"ELEV_INV":1.5920000000000001,"LABEL":"J-MH-125","Inastallation_Status":1,"X":410927.88499999978,"Y":2924186.5759999994,"Depth_Class":"2 - 3 m","District":"Al Odama"}},{"type":"Feature","id":2018,"geometry":{"type":"Point","coordinates":[410926.57299999986,2924142.3959999997]},"properties":{"OBJECTID":2018,"Zone":"ZONE J","STRCTDPTH":2.6900000000000004,"ELEV_GND":4.3490000000000002,"ELEV_INV":1.659,"LABEL":"J-MH-126","Inastallation_Status":1,"X":410926.57299999986,"Y":2924142.3959999997,"Depth_Class":"2 - 3 m","District":"Al Odama"}},{"type":"Feature","id":2019,"geometry":{"type":"Point","coordinates":[410925.75820000004,2924085.8245000001]},"properties":{"OBJECTID":2019,"Zone":"ZONE J","STRCTDPTH":2.593,"ELEV_GND":4.5860000000000003,"ELEV_INV":1.9930000000000001,"LABEL":"J-MH-127","Inastallation_Status":1,"X":410925.75820000004,"Y":2924085.8245000001,"Depth_Class":"2 - 3 m","District":"Al Odama"}},{"type":"Feature","id":2020,"geometry":{"type":"Point","coordinates":[410925.59399999958,2924033.0950000007]},"properties":{"OBJECTID":2020,"Zone":"ZONE J","STRCTDPTH":2.6340000000000003,"ELEV_GND":4.7960000000000003,"ELEV_INV":2.1619999999999999,"LABEL":"J-MH-128","Inastallation_Status":1,"X":410925.59399999958,"Y":2924033.0950000007,"Depth_Class":"2 - 3 m","District":"Al Odama"}},{"type":"Feature","id":2021,"geometry":{"type":"Point","coordinates":[410925.01599999983,2923986.3619999997]},"properties":{"OBJECTID":2021,"Zone":"ZONE J","STRCTDPTH":2.577,"ELEV_GND":4.8879999999999999,"ELEV_INV":2.3109999999999999,"LABEL":"J-MH-129","Inastallation_Status":1,"X":410925.01599999983,"Y":2923986.3619999997,"Depth_Class":"2 - 3 m","District":"Al Odama"}},{"type":"Feature","id":2022,"geometry":{"type":"Point","coordinates":[410924.33100000024,2923936.4287999999]},"properties":{"OBJECTID":2022,"Zone":"ZONE J","STRCTDPTH":2.6779999999999999,"ELEV_GND":5.149,"ELEV_INV":2.4710000000000001,"LABEL":"J-MH-130","Inastallation_Status":1,"X":410924.33100000024,"Y":2923936.4287999999,"Depth_Class":"2 - 3 m","District":"Al Odama"}},{"type":"Feature","id":2023,"geometry":{"type":"Point","coordinates":[410923.83490000013,2923873.5244999994]},"properties":{"OBJECTID":2023,"Zone":"ZONE J","STRCTDPTH":2.2970000000000002,"ELEV_GND":4.9690000000000003,"ELEV_INV":2.6720000000000002,"LABEL":"J-MH-131","Inastallation_Status":1,"X":410923.83490000013,"Y":2923873.5244999994,"Depth_Class":"2 - 3 m","District":"Al Odama"}},{"type":"Feature","id":2024,"geometry":{"type":"Point","coordinates":[410923.67800000031,2923823.4879999999]},"properties":{"OBJECTID":2024,"Zone":"ZONE J","STRCTDPTH":2.1520000000000001,"ELEV_GND":4.984,"ELEV_INV":2.8319999999999999,"LABEL":"J-MH-132","Inastallation_Status":1,"X":410923.67800000031,"Y":2923823.4879999999,"Depth_Class":"2 - 3 m","District":"Al Odama"}},{"type":"Feature","id":2025,"geometry":{"type":"Point","coordinates":[410923.17599999998,2923760.8039999995]},"properties":{"OBJECTID":2025,"Zone":"ZONE J","STRCTDPTH":1.7650000000000001,"ELEV_GND":4.798,"ELEV_INV":3.0329999999999999,"LABEL":"J-MH-133","Inastallation_Status":1,"X":410923.17599999998,"Y":2923760.8039999995,"Depth_Class":"1 - 2 m","District":"Al Odama"}},{"type":"Feature","id":2026,"geometry":{"type":"Point","coordinates":[409687.80240000039,2923146.3162999991]},"properties":{"OBJECTID":2026,"Zone":"ZONE K","STRCTDPTH":4.7750000000000004,"ELEV_GND":6.1550000000000002,"ELEV_INV":1.3799999999999999,"LABEL":"K-MH-1","Inastallation_Status":1,"X":409687.80240000039,"Y":2923146.3162999991,"Depth_Class":"4 - 5 m","District":"Al Badia"}},{"type":"Feature","id":2027,"geometry":{"type":"Point","coordinates":[409685.98020000011,2923123.7217999995]},"properties":{"OBJECTID":2027,"Zone":"ZONE K","STRCTDPTH":4.8319999999999999,"ELEV_GND":6.2530000000000001,"ELEV_INV":1.421,"LABEL":"K-MH-2","Inastallation_Status":1,"X":409685.98020000011,"Y":2923123.7217999995,"Depth_Class":"4 - 5 m","District":"Al Badia"}},{"type":"Feature","id":2028,"geometry":{"type":"Point","coordinates":[409687.12469999958,2923093.3206999991]},"properties":{"OBJECTID":2028,"Zone":"ZONE K","STRCTDPTH":4.8890000000000002,"ELEV_GND":6.3650000000000002,"ELEV_INV":1.476,"LABEL":"K-MH-3","Inastallation_Status":1,"X":409687.12469999958,"Y":2923093.3206999991,"Depth_Class":"4 - 5 m","District":"Al Badia"}},{"type":"Feature","id":2029,"geometry":{"type":"Point","coordinates":[409685.87700000033,2923060.5370000005]},"properties":{"OBJECTID":2029,"Zone":"ZONE K","STRCTDPTH":4.8979999999999997,"ELEV_GND":6.4329999999999998,"ELEV_INV":1.5349999999999999,"LABEL":"K-MH-4","Inastallation_Status":1,"X":409685.87700000033,"Y":2923060.5370000005,"Depth_Class":"4 - 5 m","District":"Al Badia"}},{"type":"Feature","id":2030,"geometry":{"type":"Point","coordinates":[409684.82039999962,2923033.0222999994]},"properties":{"OBJECTID":2030,"Zone":"ZONE K","STRCTDPTH":4.8189999999999991,"ELEV_GND":6.4029999999999996,"ELEV_INV":1.5840000000000001,"LABEL":"K-MH-5","Inastallation_Status":1,"X":409684.82039999962,"Y":2923033.0222999994,"Depth_Class":"4 - 5 m","District":"Al Badia"}},{"type":"Feature","id":2031,"geometry":{"type":"Point","coordinates":[409685.93840000033,2923000.5382000003]},"properties":{"OBJECTID":2031,"Zone":"ZONE K","STRCTDPTH":4.867,"ELEV_GND":6.5099999999999998,"ELEV_INV":1.643,"LABEL":"K-MH-6","Inastallation_Status":1,"X":409685.93840000033,"Y":2923000.5382000003,"Depth_Class":"4 - 5 m","District":"Al Badia"}},{"type":"Feature","id":2032,"geometry":{"type":"Point","coordinates":[409685.56020000018,2922970.9650999997]},"properties":{"OBJECTID":2032,"Zone":"ZONE K","STRCTDPTH":4.9240000000000004,"ELEV_GND":6.6200000000000001,"ELEV_INV":1.696,"LABEL":"K-MH-7","Inastallation_Status":1,"X":409685.56020000018,"Y":2922970.9650999997,"Depth_Class":"4 - 5 m","District":"Al Badia"}},{"type":"Feature","id":2033,"geometry":{"type":"Point","coordinates":[409684.79399999976,2922945.3729999997]},"properties":{"OBJECTID":2033,"Zone":"ZONE K","STRCTDPTH":4.9699999999999998,"ELEV_GND":6.7119999999999997,"ELEV_INV":1.742,"LABEL":"K-MH-8","Inastallation_Status":1,"X":409684.79399999976,"Y":2922945.3729999997,"Depth_Class":"4 - 5 m","District":"Al Badia"}},{"type":"Feature","id":2034,"geometry":{"type":"Point","coordinates":[409741.36799999978,2922944.8900000006]},"properties":{"OBJECTID":2034,"Zone":"ZONE K","STRCTDPTH":4.9960000000000004,"ELEV_GND":7.0750000000000002,"ELEV_INV":2.0790000000000002,"LABEL":"K-MH-9","Inastallation_Status":1,"X":409741.36799999978,"Y":2922944.8900000006,"Depth_Class":"4 - 5 m","District":"Al Badia"}},{"type":"Feature","id":2035,"geometry":{"type":"Point","coordinates":[409796.81300000008,2922944.4719999991]},"properties":{"OBJECTID":2035,"Zone":"ZONE K","STRCTDPTH":5.1580000000000004,"ELEV_GND":7.3310000000000004,"ELEV_INV":2.173,"LABEL":"K-MH-10","Inastallation_Status":1,"X":409796.81300000008,"Y":2922944.4719999991,"Depth_Class":"5 - 6 m","District":"Ibn Khaldoun"}},{"type":"Feature","id":2036,"geometry":{"type":"Point","coordinates":[409853.19900000002,2922943.6909999996]},"properties":{"OBJECTID":2036,"Zone":"ZONE K","STRCTDPTH":4.9079999999999995,"ELEV_GND":7.1769999999999996,"ELEV_INV":2.2690000000000001,"LABEL":"K-MH-11","Inastallation_Status":1,"X":409853.19900000002,"Y":2922943.6909999996,"Depth_Class":"4 - 5 m","District":"Ibn Khaldoun"}},{"type":"Feature","id":2037,"geometry":{"type":"Point","coordinates":[409908.01499999966,2922943.6150000002]},"properties":{"OBJECTID":2037,"Zone":"ZONE K","STRCTDPTH":5.2080000000000002,"ELEV_GND":7.5700000000000003,"ELEV_INV":2.3620000000000001,"LABEL":"K-MH-12","Inastallation_Status":1,"X":409908.01499999966,"Y":2922943.6150000002,"Depth_Class":"5 - 6 m","District":"Ibn Khaldoun"}},{"type":"Feature","id":2038,"geometry":{"type":"Point","coordinates":[409921.13599999994,2922942.9869999997]},"properties":{"OBJECTID":2038,"Zone":"ZONE K","STRCTDPTH":5.2360000000000007,"ELEV_GND":7.6200000000000001,"ELEV_INV":2.3839999999999999,"LABEL":"K-MH-13","Inastallation_Status":1,"X":409921.13599999994,"Y":2922942.9869999997,"Depth_Class":"5 - 6 m","District":"Ibn Khaldoun"}},{"type":"Feature","id":2039,"geometry":{"type":"Point","coordinates":[409975.96700000018,2922943.3049999997]},"properties":{"OBJECTID":2039,"Zone":"ZONE K","STRCTDPTH":4.8350000000000009,"ELEV_GND":7.3120000000000003,"ELEV_INV":2.4769999999999999,"LABEL":"K-MH-14","Inastallation_Status":1,"X":409975.96700000018,"Y":2922943.3049999997,"Depth_Class":"4 - 5 m","District":"Ibn Khaldoun"}},{"type":"Feature","id":2040,"geometry":{"type":"Point","coordinates":[410031.98099999968,2922942.7699999996]},"properties":{"OBJECTID":2040,"Zone":"ZONE K","STRCTDPTH":4.6330000000000009,"ELEV_GND":7.2060000000000004,"ELEV_INV":2.573,"LABEL":"K-MH-15","Inastallation_Status":1,"X":410031.98099999968,"Y":2922942.7699999996,"Depth_Class":"4 - 5 m","District":"Ibn Khaldoun"}},{"type":"Feature","id":2041,"geometry":{"type":"Point","coordinates":[410088.79600000009,2922942.4340000004]},"properties":{"OBJECTID":2041,"Zone":"ZONE K","STRCTDPTH":4.452,"ELEV_GND":7.1210000000000004,"ELEV_INV":2.669,"LABEL":"K-MH-16","Inastallation_Status":1,"X":410088.79600000009,"Y":2922942.4340000004,"Depth_Class":"4 - 5 m","District":"Ibn Khaldoun"}},{"type":"Feature","id":2042,"geometry":{"type":"Point","coordinates":[410144.90099999961,2922941.6669999994]},"properties":{"OBJECTID":2042,"Zone":"ZONE K","STRCTDPTH":4.4550000000000001,"ELEV_GND":7.2199999999999998,"ELEV_INV":2.7650000000000001,"LABEL":"K-MH-17","Inastallation_Status":1,"X":410144.90099999961,"Y":2922941.6669999994,"Depth_Class":"4 - 5 m","District":"Ibn Khaldoun"}},{"type":"Feature","id":2043,"geometry":{"type":"Point","coordinates":[410201.50999999978,2922941.2129999995]},"properties":{"OBJECTID":2043,"Zone":"ZONE K","STRCTDPTH":4.3929999999999989,"ELEV_GND":7.2539999999999996,"ELEV_INV":2.8610000000000002,"LABEL":"K-MH-18","Inastallation_Status":1,"X":410201.50999999978,"Y":2922941.2129999995,"Depth_Class":"4 - 5 m","District":"Ibn Khaldoun"}},{"type":"Feature","id":2044,"geometry":{"type":"Point","coordinates":[410258.30300000031,2922941.5160000008]},"properties":{"OBJECTID":2044,"Zone":"ZONE K","STRCTDPTH":4.226,"ELEV_GND":7.1829999999999998,"ELEV_INV":2.9569999999999999,"LABEL":"K-MH-19","Inastallation_Status":1,"X":410258.30300000031,"Y":2922941.5160000008,"Depth_Class":"4 - 5 m","District":"Ibn Khaldoun"}},{"type":"Feature","id":2045,"geometry":{"type":"Point","coordinates":[410314.43829999957,2922939.8330000006]},"properties":{"OBJECTID":2045,"Zone":"ZONE K","STRCTDPTH":4.109,"ELEV_GND":7.1619999999999999,"ELEV_INV":3.0529999999999999,"LABEL":"K-MH-20","Inastallation_Status":1,"X":410314.43829999957,"Y":2922939.8330000006,"Depth_Class":"4 - 5 m","District":"Ibn Khaldoun"}},{"type":"Feature","id":2046,"geometry":{"type":"Point","coordinates":[410370.82100000046,2922940.6309999991]},"properties":{"OBJECTID":2046,"Zone":"ZONE K","STRCTDPTH":4.1239999999999997,"ELEV_GND":7.2729999999999997,"ELEV_INV":3.149,"LABEL":"K-MH-21","Inastallation_Status":1,"X":410370.82100000046,"Y":2922940.6309999991,"Depth_Class":"4 - 5 m","District":"Ibn Khaldoun"}},{"type":"Feature","id":2047,"geometry":{"type":"Point","coordinates":[410426.61000000034,2922939.8450000007]},"properties":{"OBJECTID":2047,"Zone":"ZONE K","STRCTDPTH":3.8820000000000001,"ELEV_GND":7.1260000000000003,"ELEV_INV":3.2440000000000002,"LABEL":"K-MH-22","Inastallation_Status":1,"X":410426.61000000034,"Y":2922939.8450000007,"Depth_Class":"3 - 4 m","District":"Ibn Khaldoun"}},{"type":"Feature","id":2048,"geometry":{"type":"Point","coordinates":[410483.42300000042,2922940.0280000009]},"properties":{"OBJECTID":2048,"Zone":"ZONE K","STRCTDPTH":3.5190000000000001,"ELEV_GND":6.859,"ELEV_INV":3.3399999999999999,"LABEL":"K-MH-23","Inastallation_Status":1,"X":410483.42300000042,"Y":2922940.0280000009,"Depth_Class":"3 - 4 m","District":"Ibn Khaldoun"}},{"type":"Feature","id":2049,"geometry":{"type":"Point","coordinates":[410482.87949999981,2922913.1751000006]},"properties":{"OBJECTID":2049,"Zone":"ZONE K","STRCTDPTH":3.6360000000000001,"ELEV_GND":7.0220000000000002,"ELEV_INV":3.3860000000000001,"LABEL":"K-MH-24","Inastallation_Status":1,"X":410482.87949999981,"Y":2922913.1751000006,"Depth_Class":"3 - 4 m","District":"Ibn Khaldoun"}},{"type":"Feature","id":2050,"geometry":{"type":"Point","coordinates":[410482.30399999954,2922883.0059999991]},"properties":{"OBJECTID":2050,"Zone":"ZONE K","STRCTDPTH":3.7669999999999999,"ELEV_GND":7.2039999999999997,"ELEV_INV":3.4369999999999998,"LABEL":"K-MH-25","Inastallation_Status":1,"X":410482.30399999954,"Y":2922883.0059999991,"Depth_Class":"3 - 4 m","District":"Ibn Khaldoun"}},{"type":"Feature","id":2051,"geometry":{"type":"Point","coordinates":[410480.31199999992,2922853.2642000001]},"properties":{"OBJECTID":2051,"Zone":"ZONE K","STRCTDPTH":3.7529999999999997,"ELEV_GND":7.2409999999999997,"ELEV_INV":3.488,"LABEL":"K-MH-26","Inastallation_Status":1,"X":410480.31199999992,"Y":2922853.2642000001,"Depth_Class":"3 - 4 m","District":"Ibn Khaldoun"}},{"type":"Feature","id":2052,"geometry":{"type":"Point","coordinates":[410478.35699999984,2922828.7953999992]},"properties":{"OBJECTID":2052,"Zone":"ZONE K","STRCTDPTH":3.8119999999999998,"ELEV_GND":7.3419999999999996,"ELEV_INV":3.5299999999999998,"LABEL":"K-MH-27","Inastallation_Status":1,"X":410478.35699999984,"Y":2922828.7953999992,"Depth_Class":"3 - 4 m","District":"Ibn Khaldoun"}},{"type":"Feature","id":2053,"geometry":{"type":"Point","coordinates":[410480.10769999959,2922798.4612000007]},"properties":{"OBJECTID":2053,"Zone":"ZONE K","STRCTDPTH":3.8560000000000003,"ELEV_GND":7.4370000000000003,"ELEV_INV":3.581,"LABEL":"K-MH-28","Inastallation_Status":1,"X":410480.10769999959,"Y":2922798.4612000007,"Depth_Class":"3 - 4 m","District":"Ibn Khaldoun"}},{"type":"Feature","id":2054,"geometry":{"type":"Point","coordinates":[410480.84399999958,2922769.6569999997]},"properties":{"OBJECTID":2054,"Zone":"ZONE K","STRCTDPTH":3.9199999999999999,"ELEV_GND":7.5499999999999998,"ELEV_INV":3.6299999999999999,"LABEL":"K-MH-29","Inastallation_Status":1,"X":410480.84399999958,"Y":2922769.6569999997,"Depth_Class":"3 - 4 m","District":"Ibn Khaldoun"}},{"type":"Feature","id":2055,"geometry":{"type":"Point","coordinates":[410480.36440000031,2922740.0438999999]},"properties":{"OBJECTID":2055,"Zone":"ZONE K","STRCTDPTH":3.9710000000000001,"ELEV_GND":7.6520000000000001,"ELEV_INV":3.681,"LABEL":"K-MH-30","Inastallation_Status":1,"X":410480.36440000031,"Y":2922740.0438999999,"Depth_Class":"3 - 4 m","District":"Ibn Khaldoun"}},{"type":"Feature","id":2056,"geometry":{"type":"Point","coordinates":[410480.23699999973,2922712.9829999991]},"properties":{"OBJECTID":2056,"Zone":"ZONE K","STRCTDPTH":3.9990000000000001,"ELEV_GND":7.726,"ELEV_INV":3.7269999999999999,"LABEL":"K-MH-31","Inastallation_Status":1,"X":410480.23699999973,"Y":2922712.9829999991,"Depth_Class":"3 - 4 m","District":"Ibn Khaldoun"}},{"type":"Feature","id":2057,"geometry":{"type":"Point","coordinates":[410535.31030000001,2922712.5147999991]},"properties":{"OBJECTID":2057,"Zone":"ZONE K","STRCTDPTH":2.2309999999999999,"ELEV_GND":8.0739999999999998,"ELEV_INV":5.843,"LABEL":"K-MH-31-1","Inastallation_Status":1,"X":410535.31030000001,"Y":2922712.5147999991,"Depth_Class":"2 - 3 m","District":"Ibn Khaldoun"}},{"type":"Feature","id":2058,"geometry":{"type":"Point","coordinates":[410593.52199999988,2922712.3320000004]},"properties":{"OBJECTID":2058,"Zone":"ZONE K","STRCTDPTH":2.3969999999999994,"ELEV_GND":8.4269999999999996,"ELEV_INV":6.0300000000000002,"LABEL":"K-MH-31-2","Inastallation_Status":1,"X":410593.52199999988,"Y":2922712.3320000004,"Depth_Class":"2 - 3 m","District":"Ibn Khaldoun"}},{"type":"Feature","id":2059,"geometry":{"type":"Point","coordinates":[410594.06099999975,2922768.9609999992]},"properties":{"OBJECTID":2059,"Zone":"ZONE K","STRCTDPTH":1.7659999999999991,"ELEV_GND":8.5269999999999992,"ELEV_INV":6.7610000000000001,"LABEL":"K-MH-31-2-1","Inastallation_Status":1,"X":410594.06099999975,"Y":2922768.9609999992,"Depth_Class":"1 - 2 m","District":"Ibn Khaldoun"}},{"type":"Feature","id":2060,"geometry":{"type":"Point","coordinates":[410594.1799999997,2922799.0669999998]},"properties":{"OBJECTID":2060,"Zone":"ZONE K","STRCTDPTH":1.7649999999999997,"ELEV_GND":8.6219999999999999,"ELEV_INV":6.8570000000000002,"LABEL":"K-MH-31-2-2","Inastallation_Status":1,"X":410594.1799999997,"Y":2922799.0669999998,"Depth_Class":"1 - 2 m","District":"Ibn Khaldoun"}},{"type":"Feature","id":2061,"geometry":{"type":"Point","coordinates":[410649.73699999973,2922712.2149999999]},"properties":{"OBJECTID":2061,"Zone":"ZONE K","STRCTDPTH":2.1390000000000011,"ELEV_GND":8.9760000000000009,"ELEV_INV":6.8369999999999997,"LABEL":"K-MH-31-2-3","Inastallation_Status":1,"X":410649.73699999973,"Y":2922712.2149999999,"Depth_Class":"2 - 3 m","District":"Madinat Al Aamal (Business City)"}},{"type":"Feature","id":2062,"geometry":{"type":"Point","coordinates":[410649.19000000041,2922684.909]},"properties":{"OBJECTID":2062,"Zone":"ZONE K","STRCTDPTH":2.0550000000000006,"ELEV_GND":8.9800000000000004,"ELEV_INV":6.9249999999999998,"LABEL":"K-MH-31-2-4","Inastallation_Status":1,"X":410649.19000000041,"Y":2922684.909,"Depth_Class":"2 - 3 m","District":"Ibn Khaldoun"}},{"type":"Feature","id":2063,"geometry":{"type":"Point","coordinates":[410648.91770000011,2922653.2550000008]},"properties":{"OBJECTID":2063,"Zone":"ZONE K","STRCTDPTH":1.9529999999999994,"ELEV_GND":8.9789999999999992,"ELEV_INV":7.0259999999999998,"LABEL":"K-MH-31-2-5","Inastallation_Status":1,"X":410648.91770000011,"Y":2922653.2550000008,"Depth_Class":"1 - 2 m","District":"Ibn Khaldoun"}},{"type":"Feature","id":2064,"geometry":{"type":"Point","coordinates":[410649.28839999996,2922625.3068000004]},"properties":{"OBJECTID":2064,"Zone":"ZONE K","STRCTDPTH":1.7650000000000006,"ELEV_GND":8.8810000000000002,"ELEV_INV":7.1159999999999997,"LABEL":"K-MH-31-2-6","Inastallation_Status":1,"X":410649.28839999996,"Y":2922625.3068000004,"Depth_Class":"1 - 2 m","District":"Ibn Khaldoun"}},{"type":"Feature","id":2065,"geometry":{"type":"Point","coordinates":[410592.99000000022,2922685.8359999992]},"properties":{"OBJECTID":2065,"Zone":"ZONE K","STRCTDPTH":2.3820000000000006,"ELEV_GND":8.4960000000000004,"ELEV_INV":6.1139999999999999,"LABEL":"K-MH-31-3","Inastallation_Status":1,"X":410592.99000000022,"Y":2922685.8359999992,"Depth_Class":"2 - 3 m","District":"Ibn Khaldoun"}},{"type":"Feature","id":2066,"geometry":{"type":"Point","coordinates":[410592.12000000011,2922625.8000000007]},"properties":{"OBJECTID":2066,"Zone":"ZONE K","STRCTDPTH":2.2219999999999995,"ELEV_GND":8.5289999999999999,"ELEV_INV":6.3070000000000004,"LABEL":"K-MH-31-4","Inastallation_Status":1,"X":410592.12000000011,"Y":2922625.8000000007,"Depth_Class":"2 - 3 m","District":"Ibn Khaldoun"}},{"type":"Feature","id":2067,"geometry":{"type":"Point","coordinates":[410591.43400000036,2922553.0720000006]},"properties":{"OBJECTID":2067,"Zone":"ZONE K","STRCTDPTH":2.1289999999999996,"ELEV_GND":8.6679999999999993,"ELEV_INV":6.5389999999999997,"LABEL":"K-MH-31-5","Inastallation_Status":1,"X":410591.43400000036,"Y":2922553.0720000006,"Depth_Class":"2 - 3 m","District":"Al Moraykibat"}},{"type":"Feature","id":2068,"geometry":{"type":"Point","coordinates":[410601.05999999959,2922544.1850000005]},"properties":{"OBJECTID":2068,"Zone":"ZONE K","STRCTDPTH":1.8679999999999994,"ELEV_GND":8.4489999999999998,"ELEV_INV":6.5810000000000004,"LABEL":"K-MH-31-6","Inastallation_Status":1,"X":410601.05999999959,"Y":2922544.1850000005,"Depth_Class":"1 - 2 m","District":"Al Moraykibat"}},{"type":"Feature","id":2069,"geometry":{"type":"Point","coordinates":[410682.50999999978,2922543.7420000006]},"properties":{"OBJECTID":2069,"Zone":"ZONE K","STRCTDPTH":1.9240000000000004,"ELEV_GND":8.766,"ELEV_INV":6.8419999999999996,"LABEL":"K-MH-31-7","Inastallation_Status":1,"X":410682.50999999978,"Y":2922543.7420000006,"Depth_Class":"1 - 2 m","District":"Al Moraykibat"}},{"type":"Feature","id":2070,"geometry":{"type":"Point","coordinates":[410771.93400000036,2922543.2789999992]},"properties":{"OBJECTID":2070,"Zone":"ZONE K","STRCTDPTH":1.7650000000000006,"ELEV_GND":8.8930000000000007,"ELEV_INV":7.1280000000000001,"LABEL":"K-MH-31-8","Inastallation_Status":1,"X":410771.93400000036,"Y":2922543.2789999992,"Depth_Class":"1 - 2 m","District":"Al Moraykibat"}},{"type":"Feature","id":2071,"geometry":{"type":"Point","coordinates":[410479.12669999991,2922686.5923999995]},"properties":{"OBJECTID":2071,"Zone":"ZONE K","STRCTDPTH":4.0280000000000005,"ELEV_GND":7.7999999999999998,"ELEV_INV":3.7719999999999998,"LABEL":"K-MH-32","Inastallation_Status":1,"X":410479.12669999991,"Y":2922686.5923999995,"Depth_Class":"4 - 5 m","District":"Ibn Khaldoun"}},{"type":"Feature","id":2072,"geometry":{"type":"Point","coordinates":[410479.46300000045,2922656.9859999996]},"properties":{"OBJECTID":2072,"Zone":"ZONE K","STRCTDPTH":4.0649999999999995,"ELEV_GND":7.8869999999999996,"ELEV_INV":3.8220000000000001,"LABEL":"K-MH-33","Inastallation_Status":1,"X":410479.46300000045,"Y":2922656.9859999996,"Depth_Class":"4 - 5 m","District":"Ibn Khaldoun"}},{"type":"Feature","id":2073,"geometry":{"type":"Point","coordinates":[410478.73300000001,2922625.1600000001]},"properties":{"OBJECTID":2073,"Zone":"ZONE K","STRCTDPTH":4.1189999999999998,"ELEV_GND":7.9950000000000001,"ELEV_INV":3.8759999999999999,"LABEL":"K-MH-34","Inastallation_Status":1,"X":410478.73300000001,"Y":2922625.1600000001,"Depth_Class":"4 - 5 m","District":"Ibn Khaldoun"}},{"type":"Feature","id":2074,"geometry":{"type":"Point","coordinates":[410477.85400000028,2922545.7300000004]},"properties":{"OBJECTID":2074,"Zone":"ZONE K","STRCTDPTH":3.9199999999999999,"ELEV_GND":7.931,"ELEV_INV":4.0110000000000001,"LABEL":"K-MH-35","Inastallation_Status":1,"X":410477.85400000028,"Y":2922545.7300000004,"Depth_Class":"3 - 4 m","District":"Al Moraykibat"}},{"type":"Feature","id":2075,"geometry":{"type":"Point","coordinates":[410504.38300000038,2922545.9250000007]},"properties":{"OBJECTID":2075,"Zone":"ZONE K","STRCTDPTH":2.5229999999999997,"ELEV_GND":8.1519999999999992,"ELEV_INV":5.6289999999999996,"LABEL":"K-MH-35-1","Inastallation_Status":1,"X":410504.38300000038,"Y":2922545.9250000007,"Depth_Class":"2 - 3 m","District":"Al Moraykibat"}},{"type":"Feature","id":2076,"geometry":{"type":"Point","coordinates":[410503.88260000013,2922483.6208999995]},"properties":{"OBJECTID":2076,"Zone":"ZONE K","STRCTDPTH":2.476,"ELEV_GND":8.4160000000000004,"ELEV_INV":5.9400000000000004,"LABEL":"K-MH-35-2","Inastallation_Status":1,"X":410503.88260000013,"Y":2922483.6208999995,"Depth_Class":"2 - 3 m","District":"Al Moraykibat"}},{"type":"Feature","id":2077,"geometry":{"type":"Point","coordinates":[410504.00380000006,2922437.6210999992]},"properties":{"OBJECTID":2077,"Zone":"ZONE K","STRCTDPTH":2.4640000000000004,"ELEV_GND":8.6340000000000003,"ELEV_INV":6.1699999999999999,"LABEL":"K-MH-35-3","Inastallation_Status":1,"X":410504.00380000006,"Y":2922437.6210999992,"Depth_Class":"2 - 3 m","District":"Al Moraykibat"}},{"type":"Feature","id":2078,"geometry":{"type":"Point","coordinates":[410505.38449999969,2922388.5167999994]},"properties":{"OBJECTID":2078,"Zone":"ZONE K","STRCTDPTH":2.3829999999999991,"ELEV_GND":8.7989999999999995,"ELEV_INV":6.4160000000000004,"LABEL":"K-MH-35-4","Inastallation_Status":1,"X":410505.38449999969,"Y":2922388.5167999994,"Depth_Class":"2 - 3 m","District":"Al Moraykibat"}},{"type":"Feature","id":2079,"geometry":{"type":"Point","coordinates":[410482.06659999955,2922331.1568999998]},"properties":{"OBJECTID":2079,"Zone":"ZONE K","STRCTDPTH":2.1610000000000005,"ELEV_GND":8.8870000000000005,"ELEV_INV":6.726,"LABEL":"K-MH-35-5","Inastallation_Status":1,"X":410482.06659999955,"Y":2922331.1568999998,"Depth_Class":"2 - 3 m","District":"Al Moraykibat"}},{"type":"Feature","id":2080,"geometry":{"type":"Point","coordinates":[410467.48900000006,2922293.9600000009]},"properties":{"OBJECTID":2080,"Zone":"ZONE K","STRCTDPTH":2.194,"ELEV_GND":9.1189999999999998,"ELEV_INV":6.9249999999999998,"LABEL":"K-MH-35-6","Inastallation_Status":1,"X":410467.48900000006,"Y":2922293.9600000009,"Depth_Class":"2 - 3 m","District":"Al Moraykibat"}},{"type":"Feature","id":2081,"geometry":{"type":"Point","coordinates":[410431.94469999988,2922231.3910000008]},"properties":{"OBJECTID":2081,"Zone":"ZONE K","STRCTDPTH":1.8099999999999996,"ELEV_GND":9.1829999999999998,"ELEV_INV":7.3730000000000002,"LABEL":"K-MH-35-7","Inastallation_Status":1,"X":410431.94469999988,"Y":2922231.3910000008,"Depth_Class":"1 - 2 m","District":"Al Moraykibat"}},{"type":"Feature","id":2082,"geometry":{"type":"Point","coordinates":[410439.11230000015,2922545.6283999998]},"properties":{"OBJECTID":2082,"Zone":"ZONE K","STRCTDPTH":2.2210000000000001,"ELEV_GND":7.673,"ELEV_INV":5.452,"LABEL":"K-MH-36","Inastallation_Status":1,"X":410439.11230000015,"Y":2922545.6283999998,"Depth_Class":"2 - 3 m","District":"Al Moraykibat"}},{"type":"Feature","id":2083,"geometry":{"type":"Point","coordinates":[410412.17300000042,2922545.5749999993]},"properties":{"OBJECTID":2083,"Zone":"ZONE K","STRCTDPTH":1.8959999999999999,"ELEV_GND":7.5869999999999997,"ELEV_INV":5.6909999999999998,"LABEL":"K-MH-37","Inastallation_Status":1,"X":410412.17300000042,"Y":2922545.5749999993,"Depth_Class":"1 - 2 m","District":"Al Moraykibat"}},{"type":"Feature","id":2084,"geometry":{"type":"Point","coordinates":[410367.3320000004,2922545.3444999997]},"properties":{"OBJECTID":2084,"Zone":"ZONE K","STRCTDPTH":1.7919999999999998,"ELEV_GND":7.6269999999999998,"ELEV_INV":5.835,"LABEL":"K-MH-38","Inastallation_Status":1,"X":410367.3320000004,"Y":2922545.3444999997,"Depth_Class":"1 - 2 m","District":"Al Moraykibat"}},{"type":"Feature","id":2085,"geometry":{"type":"Point","coordinates":[410347.51499999966,2922545.9370000008]},"properties":{"OBJECTID":2085,"Zone":"ZONE K","STRCTDPTH":1.7650000000000006,"ELEV_GND":7.6630000000000003,"ELEV_INV":5.8979999999999997,"LABEL":"K-MH-39","Inastallation_Status":1,"X":410347.51499999966,"Y":2922545.9370000008,"Depth_Class":"1 - 2 m","District":"Al Moraykibat"}},{"type":"Feature","id":2086,"geometry":{"type":"Point","coordinates":[410309.31099999975,2922547.2469999995]},"properties":{"OBJECTID":2086,"Zone":"ZONE K","STRCTDPTH":1.8020000000000005,"ELEV_GND":7.8220000000000001,"ELEV_INV":6.0199999999999996,"LABEL":"K-MH-40","Inastallation_Status":1,"X":410309.31099999975,"Y":2922547.2469999995,"Depth_Class":"1 - 2 m","District":"Al Moraykibat"}},{"type":"Feature","id":2087,"geometry":{"type":"Point","coordinates":[410248.6679999996,2922547.9179999996]},"properties":{"OBJECTID":2087,"Zone":"ZONE K","STRCTDPTH":2.1409999999999991,"ELEV_GND":8.3919999999999995,"ELEV_INV":6.2510000000000003,"LABEL":"K-MH-41","Inastallation_Status":1,"X":410248.6679999996,"Y":2922547.9179999996,"Depth_Class":"2 - 3 m","District":"Al Moraykibat"}},{"type":"Feature","id":2088,"geometry":{"type":"Point","coordinates":[410201.60390000045,2922549.4254000001]},"properties":{"OBJECTID":2088,"Zone":"ZONE K","STRCTDPTH":2.1299999999999999,"ELEV_GND":8.9079999999999995,"ELEV_INV":6.7779999999999996,"LABEL":"K-MH-42","Inastallation_Status":1,"X":410201.60390000045,"Y":2922549.4254000001,"Depth_Class":"2 - 3 m","District":"Al Moraykibat"}},{"type":"Feature","id":2089,"geometry":{"type":"Point","coordinates":[410134.35429999977,2922547.9745000005]},"properties":{"OBJECTID":2089,"Zone":"ZONE K","STRCTDPTH":2.0559999999999992,"ELEV_GND":9.4149999999999991,"ELEV_INV":7.359,"LABEL":"K-MH-43","Inastallation_Status":1,"X":410134.35429999977,"Y":2922547.9745000005,"Depth_Class":"2 - 3 m","District":"Al Moraykibat"}},{"type":"Feature","id":2090,"geometry":{"type":"Point","coordinates":[410069.04800000042,2922548.7660000008]},"properties":{"OBJECTID":2090,"Zone":"ZONE K","STRCTDPTH":2.0250000000000004,"ELEV_GND":9.8840000000000003,"ELEV_INV":7.859,"LABEL":"K-MH-44","Inastallation_Status":1,"X":410069.04800000042,"Y":2922548.7660000008,"Depth_Class":"2 - 3 m","District":"Al Moraykibat"}},{"type":"Feature","id":2091,"geometry":{"type":"Point","coordinates":[410009.4179999996,2922549.1950000003]},"properties":{"OBJECTID":2091,"Zone":"ZONE K","STRCTDPTH":2.1150000000000002,"ELEV_GND":10.425000000000001,"ELEV_INV":8.3100000000000005,"LABEL":"K-MH-45","Inastallation_Status":1,"X":410009.4179999996,"Y":2922549.1950000003,"Depth_Class":"2 - 3 m","District":"Al Moraykibat"}},{"type":"Feature","id":2092,"geometry":{"type":"Point","coordinates":[409947.0477,2922551.2507000007]},"properties":{"OBJECTID":2092,"Zone":"ZONE K","STRCTDPTH":1.9670000000000005,"ELEV_GND":10.827,"ELEV_INV":8.8599999999999994,"LABEL":"K-MH-46","Inastallation_Status":1,"X":409947.0477,"Y":2922551.2507000007,"Depth_Class":"1 - 2 m","District":"Al Moraykibat"}},{"type":"Feature","id":2093,"geometry":{"type":"Point","coordinates":[411990.36110000033,2923387.2819999997]},"properties":{"OBJECTID":2093,"Zone":"ZONE K","STRCTDPTH":4.8140000000000001,"ELEV_GND":3.7930000000000001,"ELEV_INV":-1.0209999999999999,"LABEL":"K-MH-47","Inastallation_Status":1,"X":411990.36110000033,"Y":2923387.2819999997,"Depth_Class":"4 - 5 m","District":"Al Nasiriyah"}},{"type":"Feature","id":2094,"geometry":{"type":"Point","coordinates":[412103.74299999978,2923323.8245999999]},"properties":{"OBJECTID":2094,"Zone":"ZONE K","STRCTDPTH":4.9290000000000003,"ELEV_GND":4.0830000000000002,"ELEV_INV":-0.84599999999999997,"LABEL":"K-MH-48","Inastallation_Status":1,"X":412103.74299999978,"Y":2923323.8245999999,"Depth_Class":"4 - 5 m","District":"Al Nasiriyah"}},{"type":"Feature","id":2095,"geometry":{"type":"Point","coordinates":[412240.4645999996,2923248.5772999991]},"properties":{"OBJECTID":2095,"Zone":"ZONE K","STRCTDPTH":4.8319999999999999,"ELEV_GND":4.1970000000000001,"ELEV_INV":-0.63500000000000001,"LABEL":"K-MH-49","Inastallation_Status":1,"X":412240.4645999996,"Y":2923248.5772999991,"Depth_Class":"4 - 5 m","District":"Al Nasiriyah"}},{"type":"Feature","id":2096,"geometry":{"type":"Point","coordinates":[412157.85659999959,2923111.5368000008]},"properties":{"OBJECTID":2096,"Zone":"ZONE K","STRCTDPTH":5.2649999999999997,"ELEV_GND":4.8460000000000001,"ELEV_INV":-0.41899999999999998,"LABEL":"K-MH-50","Inastallation_Status":1,"X":412157.85659999959,"Y":2923111.5368000008,"Depth_Class":"5 - 6 m","District":"Al Nasiriyah"}},{"type":"Feature","id":2097,"geometry":{"type":"Point","coordinates":[412076.10190000013,2922974.0153000001]},"properties":{"OBJECTID":2097,"Zone":"ZONE K","STRCTDPTH":6.6030000000000006,"ELEV_GND":6.4000000000000004,"ELEV_INV":-0.20300000000000001,"LABEL":"K-MH-51","Inastallation_Status":1,"X":412076.10190000013,"Y":2922974.0153000001,"Depth_Class":"6 - 7 m","District":"Al Nasiriyah"}},{"type":"Feature","id":2098,"geometry":{"type":"Point","coordinates":[412031.22750000004,2922899.1919]},"properties":{"OBJECTID":2098,"Zone":"ZONE K","STRCTDPTH":5.9189999999999996,"ELEV_GND":5.8339999999999996,"ELEV_INV":-0.085000000000000006,"LABEL":"K-MH-52","Inastallation_Status":1,"X":412031.22750000004,"Y":2922899.1919,"Depth_Class":"5 - 6 m","District":"Al Shifa (Abdullah Al Fouad)"}},{"type":"Feature","id":2099,"geometry":{"type":"Point","coordinates":[412064.14460000023,2922879.9882999994]},"properties":{"OBJECTID":2099,"Zone":"ZONE K","STRCTDPTH":5.8679999999999994,"ELEV_GND":5.8339999999999996,"ELEV_INV":-0.034000000000000002,"LABEL":"K-MH-53","Inastallation_Status":1,"X":412064.14460000023,"Y":2922879.9882999994,"Depth_Class":"5 - 6 m","District":"Al Shifa (Abdullah Al Fouad)"}},{"type":"Feature","id":2100,"geometry":{"type":"Point","coordinates":[412027.60969999991,2922818.0753000006]},"properties":{"OBJECTID":2100,"Zone":"ZONE K","STRCTDPTH":5.4359999999999999,"ELEV_GND":5.4989999999999997,"ELEV_INV":0.063,"LABEL":"K-MH-54","Inastallation_Status":1,"X":412027.60969999991,"Y":2922818.0753000006,"Depth_Class":"5 - 6 m","District":"Al Shifa (Abdullah Al Fouad)"}},{"type":"Feature","id":2101,"geometry":{"type":"Point","coordinates":[411963.30399999954,2922854.8829999994]},"properties":{"OBJECTID":2101,"Zone":"ZONE K","STRCTDPTH":2.9409999999999998,"ELEV_GND":5.0869999999999997,"ELEV_INV":2.1459999999999999,"LABEL":"K-MH-54-1","Inastallation_Status":1,"X":411963.30399999954,"Y":2922854.8829999994,"Depth_Class":"2 - 3 m","District":"Al Shifa (Abdullah Al Fouad)"}},{"type":"Feature","id":2102,"geometry":{"type":"Point","coordinates":[411794.77500000037,2922772.8029999994]},"properties":{"OBJECTID":2102,"Zone":"ZONE K","STRCTDPTH":1.9699999999999998,"ELEV_GND":6.0659999999999998,"ELEV_INV":4.0960000000000001,"LABEL":"K-MH-54-10","Inastallation_Status":1,"X":411794.77500000037,"Y":2922772.8029999994,"Depth_Class":"1 - 2 m","District":"Al Shifa (Abdullah Al Fouad)"}},{"type":"Feature","id":2103,"geometry":{"type":"Point","coordinates":[411767.5,2922725.4719999991]},"properties":{"OBJECTID":2103,"Zone":"ZONE K","STRCTDPTH":1.9189999999999996,"ELEV_GND":6.3949999999999996,"ELEV_INV":4.476,"LABEL":"K-MH-54-11","Inastallation_Status":1,"X":411767.5,"Y":2922725.4719999991,"Depth_Class":"1 - 2 m","District":"Al Shifa (Abdullah Al Fouad)"}},{"type":"Feature","id":2104,"geometry":{"type":"Point","coordinates":[411740.83999999985,2922680.6740000006]},"properties":{"OBJECTID":2104,"Zone":"ZONE K","STRCTDPTH":2.1639999999999997,"ELEV_GND":6.8099999999999996,"ELEV_INV":4.6459999999999999,"LABEL":"K-MH-54-12","Inastallation_Status":1,"X":411740.83999999985,"Y":2922680.6740000006,"Depth_Class":"2 - 3 m","District":"Al Shifa (Abdullah Al Fouad)"}},{"type":"Feature","id":2105,"geometry":{"type":"Point","coordinates":[411711.31799999997,2922696.6309999991]},"properties":{"OBJECTID":2105,"Zone":"ZONE K","STRCTDPTH":2.0110000000000001,"ELEV_GND":6.7649999999999997,"ELEV_INV":4.7539999999999996,"LABEL":"K-MH-54-13","Inastallation_Status":1,"X":411711.31799999997,"Y":2922696.6309999991,"Depth_Class":"2 - 3 m","District":"Al Shifa (Abdullah Al Fouad)"}},{"type":"Feature","id":2106,"geometry":{"type":"Point","coordinates":[411681.92399999965,2922713.5299999993]},"properties":{"OBJECTID":2106,"Zone":"ZONE K","STRCTDPTH":1.7649999999999997,"ELEV_GND":6.6269999999999998,"ELEV_INV":4.8620000000000001,"LABEL":"K-MH-54-14","Inastallation_Status":1,"X":411681.92399999965,"Y":2922713.5299999993,"Depth_Class":"1 - 2 m","District":"Al Shifa (Abdullah Al Fouad)"}},{"type":"Feature","id":2107,"geometry":{"type":"Point","coordinates":[411901.4478000002,2922891.1149000004]},"properties":{"OBJECTID":2107,"Zone":"ZONE K","STRCTDPTH":2.8200000000000003,"ELEV_GND":5.1440000000000001,"ELEV_INV":2.3239999999999998,"LABEL":"K-MH-54-2","Inastallation_Status":1,"X":411901.4478000002,"Y":2922891.1149000004,"Depth_Class":"2 - 3 m","District":"Al Shifa (Abdullah Al Fouad)"}},{"type":"Feature","id":2108,"geometry":{"type":"Point","coordinates":[411844.91999999993,2922923.2540000007]},"properties":{"OBJECTID":2108,"Zone":"ZONE K","STRCTDPTH":2.7630000000000003,"ELEV_GND":5.2480000000000002,"ELEV_INV":2.4849999999999999,"LABEL":"K-MH-54-3","Inastallation_Status":1,"X":411844.91999999993,"Y":2922923.2540000007,"Depth_Class":"2 - 3 m","District":"Al Shifa (Abdullah Al Fouad)"}},{"type":"Feature","id":2109,"geometry":{"type":"Point","coordinates":[411789.65899999999,2922955.2559999991]},"properties":{"OBJECTID":2109,"Zone":"ZONE K","STRCTDPTH":2.7380000000000004,"ELEV_GND":5.3810000000000002,"ELEV_INV":2.6429999999999998,"LABEL":"K-MH-54-4","Inastallation_Status":1,"X":411789.65899999999,"Y":2922955.2559999991,"Depth_Class":"2 - 3 m","District":"Al Shifa (Abdullah Al Fouad)"}},{"type":"Feature","id":2110,"geometry":{"type":"Point","coordinates":[411769.95399999991,2922966.8080000002]},"properties":{"OBJECTID":2110,"Zone":"ZONE K","STRCTDPTH":1.806,"ELEV_GND":5.4950000000000001,"ELEV_INV":3.6890000000000001,"LABEL":"K-MH-54-4-1","Inastallation_Status":1,"X":411769.95399999991,"Y":2922966.8080000002,"Depth_Class":"1 - 2 m","District":"Al Shifa (Abdullah Al Fouad)"}},{"type":"Feature","id":2111,"geometry":{"type":"Point","coordinates":[411773.72499999963,2922927.8039999995]},"properties":{"OBJECTID":2111,"Zone":"ZONE K","STRCTDPTH":2.6379999999999999,"ELEV_GND":5.431,"ELEV_INV":2.7930000000000001,"LABEL":"K-MH-54-5","Inastallation_Status":1,"X":411773.72499999963,"Y":2922927.8039999995,"Depth_Class":"2 - 3 m","District":"Al Shifa (Abdullah Al Fouad)"}},{"type":"Feature","id":2112,"geometry":{"type":"Point","coordinates":[411817.45959999971,2922900.0704999994]},"properties":{"OBJECTID":2112,"Zone":"ZONE K","STRCTDPTH":1.7650000000000006,"ELEV_GND":5.3310000000000004,"ELEV_INV":3.5659999999999998,"LABEL":"K-MH-54-5-1","Inastallation_Status":1,"X":411817.45959999971,"Y":2922900.0704999994,"Depth_Class":"1 - 2 m","District":"Al Shifa (Abdullah Al Fouad)"}},{"type":"Feature","id":2113,"geometry":{"type":"Point","coordinates":[411744.63999999966,2922944.2609999999]},"properties":{"OBJECTID":2113,"Zone":"ZONE K","STRCTDPTH":1.972,"ELEV_GND":5.7450000000000001,"ELEV_INV":3.7730000000000001,"LABEL":"K-MH-54-5-2","Inastallation_Status":1,"X":411744.63999999966,"Y":2922944.2609999999,"Depth_Class":"1 - 2 m","District":"Al Shifa (Abdullah Al Fouad)"}},{"type":"Feature","id":2114,"geometry":{"type":"Point","coordinates":[411714.51360000018,2922893.9050999992]},"properties":{"OBJECTID":2114,"Zone":"ZONE K","STRCTDPTH":2.0960000000000001,"ELEV_GND":6.1349999999999998,"ELEV_INV":4.0389999999999997,"LABEL":"K-MH-54-5-3","Inastallation_Status":1,"X":411714.51360000018,"Y":2922893.9050999992,"Depth_Class":"2 - 3 m","District":"Al Shifa (Abdullah Al Fouad)"}},{"type":"Feature","id":2115,"geometry":{"type":"Point","coordinates":[411688.81570000015,2922843.8205999993]},"properties":{"OBJECTID":2115,"Zone":"ZONE K","STRCTDPTH":1.8049999999999997,"ELEV_GND":6.024,"ELEV_INV":4.2190000000000003,"LABEL":"K-MH-54-5-4","Inastallation_Status":1,"X":411688.81570000015,"Y":2922843.8205999993,"Depth_Class":"1 - 2 m","District":"Al Shifa (Abdullah Al Fouad)"}},{"type":"Feature","id":2116,"geometry":{"type":"Point","coordinates":[411659.82079999987,2922795.6424000002]},"properties":{"OBJECTID":2116,"Zone":"ZONE K","STRCTDPTH":2.0129999999999999,"ELEV_GND":6.4119999999999999,"ELEV_INV":4.399,"LABEL":"K-MH-54-5-5","Inastallation_Status":1,"X":411659.82079999987,"Y":2922795.6424000002,"Depth_Class":"2 - 3 m","District":"Al Shifa (Abdullah Al Fouad)"}},{"type":"Feature","id":2117,"geometry":{"type":"Point","coordinates":[411630.87200000044,2922747.6050000004]},"properties":{"OBJECTID":2117,"Zone":"ZONE K","STRCTDPTH":2.2210000000000001,"ELEV_GND":6.7990000000000004,"ELEV_INV":4.5780000000000003,"LABEL":"K-MH-54-5-6","Inastallation_Status":1,"X":411630.87200000044,"Y":2922747.6050000004,"Depth_Class":"2 - 3 m","District":"Al Shifa (Abdullah Al Fouad)"}},{"type":"Feature","id":2118,"geometry":{"type":"Point","coordinates":[411650.66380000021,2922734.3628000002]},"properties":{"OBJECTID":2118,"Zone":"ZONE K","STRCTDPTH":1.7649999999999997,"ELEV_GND":6.4189999999999996,"ELEV_INV":4.6539999999999999,"LABEL":"K-MH-54-5-7","Inastallation_Status":1,"X":411650.66380000021,"Y":2922734.3628000002,"Depth_Class":"1 - 2 m","District":"Al Shifa (Abdullah Al Fouad)"}},{"type":"Feature","id":2119,"geometry":{"type":"Point","coordinates":[411756.41199999955,2922898.3809999991]},"properties":{"OBJECTID":2119,"Zone":"ZONE K","STRCTDPTH":2.6539999999999999,"ELEV_GND":5.556,"ELEV_INV":2.9020000000000001,"LABEL":"K-MH-54-6","Inastallation_Status":1,"X":411756.41199999955,"Y":2922898.3809999991,"Depth_Class":"2 - 3 m","District":"Al Shifa (Abdullah Al Fouad)"}},{"type":"Feature","id":2120,"geometry":{"type":"Point","coordinates":[411786.35800000001,2922881.7440000009]},"properties":{"OBJECTID":2120,"Zone":"ZONE K","STRCTDPTH":2.5249999999999999,"ELEV_GND":5.5369999999999999,"ELEV_INV":3.012,"LABEL":"K-MH-54-7","Inastallation_Status":1,"X":411786.35800000001,"Y":2922881.7440000009,"Depth_Class":"2 - 3 m","District":"Al Shifa (Abdullah Al Fouad)"}},{"type":"Feature","id":2121,"geometry":{"type":"Point","coordinates":[411752.12600000016,2922828.0600000005]},"properties":{"OBJECTID":2121,"Zone":"ZONE K","STRCTDPTH":2.1130000000000004,"ELEV_GND":6.0890000000000004,"ELEV_INV":3.976,"LABEL":"K-MH-54-7-1","Inastallation_Status":1,"X":411752.12600000016,"Y":2922828.0600000005,"Depth_Class":"2 - 3 m","District":"Al Shifa (Abdullah Al Fouad)"}},{"type":"Feature","id":2122,"geometry":{"type":"Point","coordinates":[411717.56099999975,2922764.2489999998]},"properties":{"OBJECTID":2122,"Zone":"ZONE K","STRCTDPTH":1.8899999999999997,"ELEV_GND":6.4459999999999997,"ELEV_INV":4.556,"LABEL":"K-MH-54-7-2","Inastallation_Status":1,"X":411717.56099999975,"Y":2922764.2489999998,"Depth_Class":"1 - 2 m","District":"Al Shifa (Abdullah Al Fouad)"}},{"type":"Feature","id":2123,"geometry":{"type":"Point","coordinates":[411840.70799999963,2922850.2070000004]},"properties":{"OBJECTID":2123,"Zone":"ZONE K","STRCTDPTH":2.157,"ELEV_GND":5.3700000000000001,"ELEV_INV":3.2130000000000001,"LABEL":"K-MH-54-8","Inastallation_Status":1,"X":411840.70799999963,"Y":2922850.2070000004,"Depth_Class":"2 - 3 m","District":"Al Shifa (Abdullah Al Fouad)"}},{"type":"Feature","id":2124,"geometry":{"type":"Point","coordinates":[411854.17080000043,2922879.4203999992]},"properties":{"OBJECTID":2124,"Zone":"ZONE K","STRCTDPTH":1.7650000000000001,"ELEV_GND":5.2930000000000001,"ELEV_INV":3.528,"LABEL":"K-MH-54-8-1","Inastallation_Status":1,"X":411854.17080000043,"Y":2922879.4203999992,"Depth_Class":"1 - 2 m","District":"Al Shifa (Abdullah Al Fouad)"}},{"type":"Feature","id":2125,"geometry":{"type":"Point","coordinates":[411870.00850000046,2922832.4383000005]},"properties":{"OBJECTID":2125,"Zone":"ZONE K","STRCTDPTH":2.0249999999999999,"ELEV_GND":5.3479999999999999,"ELEV_INV":3.323,"LABEL":"K-MH-54-8-2","Inastallation_Status":1,"X":411870.00850000046,"Y":2922832.4383000005,"Depth_Class":"2 - 3 m","District":"Al Shifa (Abdullah Al Fouad)"}},{"type":"Feature","id":2126,"geometry":{"type":"Point","coordinates":[411845.67420000024,2922791.8252000008]},"properties":{"OBJECTID":2126,"Zone":"ZONE K","STRCTDPTH":2.1539999999999999,"ELEV_GND":5.6280000000000001,"ELEV_INV":3.4740000000000002,"LABEL":"K-MH-54-8-3","Inastallation_Status":1,"X":411845.67420000024,"Y":2922791.8252000008,"Depth_Class":"2 - 3 m","District":"Al Shifa (Abdullah Al Fouad)"}},{"type":"Feature","id":2127,"geometry":{"type":"Point","coordinates":[411823.18599999975,2922753.2259999998]},"properties":{"OBJECTID":2127,"Zone":"ZONE K","STRCTDPTH":2.2779999999999996,"ELEV_GND":5.8949999999999996,"ELEV_INV":3.617,"LABEL":"K-MH-54-8-4","Inastallation_Status":1,"X":411823.18599999975,"Y":2922753.2259999998,"Depth_Class":"2 - 3 m","District":"Al Shifa (Abdullah Al Fouad)"}},{"type":"Feature","id":2128,"geometry":{"type":"Point","coordinates":[411851.98400000017,2922739.9340000004]},"properties":{"OBJECTID":2128,"Zone":"ZONE K","STRCTDPTH":2.246,"ELEV_GND":5.9649999999999999,"ELEV_INV":3.7189999999999999,"LABEL":"K-MH-54-8-5","Inastallation_Status":1,"X":411851.98400000017,"Y":2922739.9340000004,"Depth_Class":"2 - 3 m","District":"Al Shifa (Abdullah Al Fouad)"}},{"type":"Feature","id":2129,"geometry":{"type":"Point","coordinates":[411829.87600000016,2922702.2080000006]},"properties":{"OBJECTID":2129,"Zone":"ZONE K","STRCTDPTH":1.891,"ELEV_GND":6.2309999999999999,"ELEV_INV":4.3399999999999999,"LABEL":"K-MH-54-8-5-1","Inastallation_Status":1,"X":411829.87600000016,"Y":2922702.2080000006,"Depth_Class":"1 - 2 m","District":"Al Shifa (Abdullah Al Fouad)"}},{"type":"Feature","id":2130,"geometry":{"type":"Point","coordinates":[411798.19099999964,2922647.4020000007]},"properties":{"OBJECTID":2130,"Zone":"ZONE K","STRCTDPTH":2.3200000000000003,"ELEV_GND":6.9889999999999999,"ELEV_INV":4.6689999999999996,"LABEL":"K-MH-54-8-5-2","Inastallation_Status":1,"X":411798.19099999964,"Y":2922647.4020000007,"Depth_Class":"2 - 3 m","District":"Al Shifa (Abdullah Al Fouad)"}},{"type":"Feature","id":2131,"geometry":{"type":"Point","coordinates":[411818.16249999963,2922632.2118999995]},"properties":{"OBJECTID":2131,"Zone":"ZONE K","STRCTDPTH":1.7650000000000006,"ELEV_GND":6.7830000000000004,"ELEV_INV":5.0179999999999998,"LABEL":"K-MH-54-8-5-3","Inastallation_Status":1,"X":411818.16249999963,"Y":2922632.2118999995,"Depth_Class":"1 - 2 m","District":"Al Shifa (Abdullah Al Fouad)"}},{"type":"Feature","id":2132,"geometry":{"type":"Point","coordinates":[411910.85230000038,2922705.3991999999]},"properties":{"OBJECTID":2132,"Zone":"ZONE K","STRCTDPTH":1.7650000000000001,"ELEV_GND":5.702,"ELEV_INV":3.9369999999999998,"LABEL":"K-MH-54-8-6","Inastallation_Status":1,"X":411910.85230000038,"Y":2922705.3991999999,"Depth_Class":"1 - 2 m","District":"Al Shifa (Abdullah Al Fouad)"}},{"type":"Feature","id":2133,"geometry":{"type":"Point","coordinates":[411886.33100000024,2922660.898]},"properties":{"OBJECTID":2133,"Zone":"ZONE K","STRCTDPTH":2.0620000000000003,"ELEV_GND":6.1619999999999999,"ELEV_INV":4.0999999999999996,"LABEL":"K-MH-54-8-7","Inastallation_Status":1,"X":411886.33100000024,"Y":2922660.898,"Depth_Class":"2 - 3 m","District":"Al Shifa (Abdullah Al Fouad)"}},{"type":"Feature","id":2134,"geometry":{"type":"Point","coordinates":[411857.70399999991,2922613.0769999996]},"properties":{"OBJECTID":2134,"Zone":"ZONE K","STRCTDPTH":2.2519999999999998,"ELEV_GND":6.827,"ELEV_INV":4.5750000000000002,"LABEL":"K-MH-54-8-8","Inastallation_Status":1,"X":411857.70399999991,"Y":2922613.0769999996,"Depth_Class":"2 - 3 m","District":"Al Shifa (Abdullah Al Fouad)"}},{"type":"Feature","id":2135,"geometry":{"type":"Point","coordinates":[411841.68699999992,2922621.4039999992]},"properties":{"OBJECTID":2135,"Zone":"ZONE K","STRCTDPTH":1.7649999999999997,"ELEV_GND":6.6849999999999996,"ELEV_INV":4.9199999999999999,"LABEL":"K-MH-54-8-9","Inastallation_Status":1,"X":411841.68699999992,"Y":2922621.4039999992,"Depth_Class":"1 - 2 m","District":"Al Shifa (Abdullah Al Fouad)"}},{"type":"Feature","id":2136,"geometry":{"type":"Point","coordinates":[411816.63999999966,2922810.4299999997]},"properties":{"OBJECTID":2136,"Zone":"ZONE K","STRCTDPTH":1.9680000000000004,"ELEV_GND":5.7220000000000004,"ELEV_INV":3.754,"LABEL":"K-MH-54-9","Inastallation_Status":1,"X":411816.63999999966,"Y":2922810.4299999997,"Depth_Class":"1 - 2 m","District":"Al Shifa (Abdullah Al Fouad)"}},{"type":"Feature","id":2137,"geometry":{"type":"Point","coordinates":[411990.26420000009,2922754.1818000004]},"properties":{"OBJECTID":2137,"Zone":"ZONE K","STRCTDPTH":5.0119999999999996,"ELEV_GND":5.3659999999999997,"ELEV_INV":0.35399999999999998,"LABEL":"K-MH-55","Inastallation_Status":1,"X":411990.26420000009,"Y":2922754.1818000004,"Depth_Class":"5 - 6 m","District":"Al Shifa (Abdullah Al Fouad)"}},{"type":"Feature","id":2138,"geometry":{"type":"Point","coordinates":[411961.9896999998,2922705.2206999995]},"properties":{"OBJECTID":2138,"Zone":"ZONE K","STRCTDPTH":4.7629999999999999,"ELEV_GND":5.2640000000000002,"ELEV_INV":0.501,"LABEL":"K-MH-56","Inastallation_Status":1,"X":411961.9896999998,"Y":2922705.2206999995,"Depth_Class":"4 - 5 m","District":"Al Shifa (Abdullah Al Fouad)"}},{"type":"Feature","id":2139,"geometry":{"type":"Point","coordinates":[411916.6129999999,2922626.4635000005]},"properties":{"OBJECTID":2139,"Zone":"ZONE K","STRCTDPTH":5.3689999999999998,"ELEV_GND":6.1070000000000002,"ELEV_INV":0.73799999999999999,"LABEL":"K-MH-57","Inastallation_Status":1,"X":411916.6129999999,"Y":2922626.4635000005,"Depth_Class":"5 - 6 m","District":"Al Shifa (Abdullah Al Fouad)"}},{"type":"Feature","id":2140,"geometry":{"type":"Point","coordinates":[411904.97319999989,2922633.1298999991]},"properties":{"OBJECTID":2140,"Zone":"ZONE K","STRCTDPTH":2.9810000000000003,"ELEV_GND":6.3120000000000003,"ELEV_INV":3.331,"LABEL":"K-MH-57-1","Inastallation_Status":1,"X":411904.97319999989,"Y":2922633.1298999991,"Depth_Class":"2 - 3 m","District":"Al Shifa (Abdullah Al Fouad)"}},{"type":"Feature","id":2141,"geometry":{"type":"Point","coordinates":[411598.24700000044,2922688.4739999995]},"properties":{"OBJECTID":2141,"Zone":"ZONE K","STRCTDPTH":2.4549999999999992,"ELEV_GND":7.0679999999999996,"ELEV_INV":4.6130000000000004,"LABEL":"K-MH-57-10","Inastallation_Status":1,"X":411598.24700000044,"Y":2922688.4739999995,"Depth_Class":"2 - 3 m","District":"Al Shifa (Abdullah Al Fouad)"}},{"type":"Feature","id":2142,"geometry":{"type":"Point","coordinates":[411614.1799999997,2922716.8990000002]},"properties":{"OBJECTID":2142,"Zone":"ZONE K","STRCTDPTH":1.7120000000000006,"ELEV_GND":6.4290000000000003,"ELEV_INV":4.7169999999999996,"LABEL":"K-MH-57-11","Inastallation_Status":1,"X":411614.1799999997,"Y":2922716.8990000002,"Depth_Class":"1 - 2 m","District":"Al Shifa (Abdullah Al Fouad)"}},{"type":"Feature","id":2143,"geometry":{"type":"Point","coordinates":[411892.64639999997,2922611.7137000002]},"properties":{"OBJECTID":2143,"Zone":"ZONE K","STRCTDPTH":3.0460000000000003,"ELEV_GND":6.4560000000000004,"ELEV_INV":3.4100000000000001,"LABEL":"K-MH-57-2","Inastallation_Status":1,"X":411892.64639999997,"Y":2922611.7137000002,"Depth_Class":"3 - 4 m","District":"Al Shifa (Abdullah Al Fouad)"}},{"type":"Feature","id":2144,"geometry":{"type":"Point","coordinates":[411852.16899999976,2922540.5239000004]},"properties":{"OBJECTID":2144,"Zone":"ZONE K","STRCTDPTH":3.6179999999999999,"ELEV_GND":7.29,"ELEV_INV":3.6720000000000002,"LABEL":"K-MH-57-3","Inastallation_Status":1,"X":411852.16899999976,"Y":2922540.5239000004,"Depth_Class":"3 - 4 m","District":"Al Shifa (Abdullah Al Fouad)"}},{"type":"Feature","id":2145,"geometry":{"type":"Point","coordinates":[411824.95999999996,2922556.2660000008]},"properties":{"OBJECTID":2145,"Zone":"ZONE K","STRCTDPTH":3.9350000000000001,"ELEV_GND":7.7080000000000002,"ELEV_INV":3.7730000000000001,"LABEL":"K-MH-57-4","Inastallation_Status":1,"X":411824.95999999996,"Y":2922556.2660000008,"Depth_Class":"3 - 4 m","District":"Al Shifa (Abdullah Al Fouad)"}},{"type":"Feature","id":2146,"geometry":{"type":"Point","coordinates":[411796.4486999996,2922571.9611000009]},"properties":{"OBJECTID":2146,"Zone":"ZONE K","STRCTDPTH":3.6900000000000004,"ELEV_GND":7.5670000000000002,"ELEV_INV":3.8769999999999998,"LABEL":"K-MH-57-5","Inastallation_Status":1,"X":411796.4486999996,"Y":2922571.9611000009,"Depth_Class":"3 - 4 m","District":"Al Shifa (Abdullah Al Fouad)"}},{"type":"Feature","id":2147,"geometry":{"type":"Point","coordinates":[411765.85699999984,2922590.4059999995]},"properties":{"OBJECTID":2147,"Zone":"ZONE K","STRCTDPTH":3.3109999999999995,"ELEV_GND":7.3019999999999996,"ELEV_INV":3.9910000000000001,"LABEL":"K-MH-57-6","Inastallation_Status":1,"X":411765.85699999984,"Y":2922590.4059999995,"Depth_Class":"3 - 4 m","District":"Al Shifa (Abdullah Al Fouad)"}},{"type":"Feature","id":2148,"geometry":{"type":"Point","coordinates":[411724.20600000024,2922617.102]},"properties":{"OBJECTID":2148,"Zone":"ZONE K","STRCTDPTH":3.0650000000000004,"ELEV_GND":7.2140000000000004,"ELEV_INV":4.149,"LABEL":"K-MH-57-7","Inastallation_Status":1,"X":411724.20600000024,"Y":2922617.102,"Depth_Class":"3 - 4 m","District":"Al Shifa (Abdullah Al Fouad)"}},{"type":"Feature","id":2149,"geometry":{"type":"Point","coordinates":[411675.3200000003,2922645.8640000001]},"properties":{"OBJECTID":2149,"Zone":"ZONE K","STRCTDPTH":2.6949999999999994,"ELEV_GND":7.0259999999999998,"ELEV_INV":4.3310000000000004,"LABEL":"K-MH-57-8","Inastallation_Status":1,"X":411675.3200000003,"Y":2922645.8640000001,"Depth_Class":"2 - 3 m","District":"Al Shifa (Abdullah Al Fouad)"}},{"type":"Feature","id":2150,"geometry":{"type":"Point","coordinates":[411630.87200000044,2922670.4330000002]},"properties":{"OBJECTID":2150,"Zone":"ZONE K","STRCTDPTH":2.5219999999999994,"ELEV_GND":7.0149999999999997,"ELEV_INV":4.4930000000000003,"LABEL":"K-MH-57-9","Inastallation_Status":1,"X":411630.87200000044,"Y":2922670.4330000002,"Depth_Class":"2 - 3 m","District":"Al Shifa (Abdullah Al Fouad)"}},{"type":"Feature","id":2151,"geometry":{"type":"Point","coordinates":[411879.4737999998,2922561.2134000007]},"properties":{"OBJECTID":2151,"Zone":"ZONE K","STRCTDPTH":5.766,"ELEV_GND":6.8040000000000003,"ELEV_INV":1.038,"LABEL":"K-MH-58","Inastallation_Status":1,"X":411879.4737999998,"Y":2922561.2134000007,"Depth_Class":"5 - 6 m","District":"Al Shifa (Abdullah Al Fouad)"}},{"type":"Feature","id":2152,"geometry":{"type":"Point","coordinates":[411940.94799999986,2922527.9399999995]},"properties":{"OBJECTID":2152,"Zone":"ZONE K","STRCTDPTH":3.052,"ELEV_GND":6.8319999999999999,"ELEV_INV":3.7799999999999998,"LABEL":"K-MH-58-1","Inastallation_Status":1,"X":411940.94799999986,"Y":2922527.9399999995,"Depth_Class":"3 - 4 m","District":"Al Shifa (Abdullah Al Fouad)"}},{"type":"Feature","id":2153,"geometry":{"type":"Point","coordinates":[412021.30399999954,2922142.591]},"properties":{"OBJECTID":2153,"Zone":"ZONE K","STRCTDPTH":2.4079999999999995,"ELEV_GND":8.1929999999999996,"ELEV_INV":5.7850000000000001,"LABEL":"K-MH-58-10","Inastallation_Status":1,"X":412021.30399999954,"Y":2922142.591,"Depth_Class":"2 - 3 m","District":"Al Shifa (Abdullah Al Fouad)"}},{"type":"Feature","id":2154,"geometry":{"type":"Point","coordinates":[412062.11799999978,2922113.9151000008]},"properties":{"OBJECTID":2154,"Zone":"ZONE K","STRCTDPTH":1.7650000000000006,"ELEV_GND":8.3260000000000005,"ELEV_INV":6.5609999999999999,"LABEL":"K-MH-58-10-1","Inastallation_Status":1,"X":412062.11799999978,"Y":2922113.9151000008,"Depth_Class":"1 - 2 m","District":"Al Shifa (Abdullah Al Fouad)"}},{"type":"Feature","id":2155,"geometry":{"type":"Point","coordinates":[412024.67590000015,2922049.0451999996]},"properties":{"OBJECTID":2155,"Zone":"ZONE K","STRCTDPTH":2.1709999999999994,"ELEV_GND":8.9719999999999995,"ELEV_INV":6.8010000000000002,"LABEL":"K-MH-58-10-2","Inastallation_Status":1,"X":412024.67590000015,"Y":2922049.0451999996,"Depth_Class":"2 - 3 m","District":"Al Shifa (Abdullah Al Fouad)"}},{"type":"Feature","id":2156,"geometry":{"type":"Point","coordinates":[412004.8236999996,2922012.8309000004]},"properties":{"OBJECTID":2156,"Zone":"ZONE K","STRCTDPTH":2.0099999999999998,"ELEV_GND":9.3490000000000002,"ELEV_INV":7.3390000000000004,"LABEL":"K-MH-58-10-3","Inastallation_Status":1,"X":412004.8236999996,"Y":2922012.8309000004,"Depth_Class":"2 - 3 m","District":"Al Shifa (Abdullah Al Fouad)"}},{"type":"Feature","id":2157,"geometry":{"type":"Point","coordinates":[411987.56369999982,2921981.1631000005]},"properties":{"OBJECTID":2157,"Zone":"ZONE K","STRCTDPTH":1.8690000000000007,"ELEV_GND":9.5690000000000008,"ELEV_INV":7.7000000000000002,"LABEL":"K-MH-58-10-4","Inastallation_Status":1,"X":411987.56369999982,"Y":2921981.1631000005,"Depth_Class":"1 - 2 m","District":"Al Shifa (Abdullah Al Fouad)"}},{"type":"Feature","id":2158,"geometry":{"type":"Point","coordinates":[411984.63999999966,2922079.0610000007]},"properties":{"OBJECTID":2158,"Zone":"ZONE K","STRCTDPTH":2.3689999999999998,"ELEV_GND":8.7729999999999997,"ELEV_INV":6.4039999999999999,"LABEL":"K-MH-58-11","Inastallation_Status":1,"X":411984.63999999966,"Y":2922079.0610000007,"Depth_Class":"2 - 3 m","District":"Al Shifa (Abdullah Al Fouad)"}},{"type":"Feature","id":2159,"geometry":{"type":"Point","coordinates":[411947.51599999983,2922015.1390000004]},"properties":{"OBJECTID":2159,"Zone":"ZONE K","STRCTDPTH":2.7889999999999997,"ELEV_GND":9.4299999999999997,"ELEV_INV":6.641,"LABEL":"K-MH-58-12","Inastallation_Status":1,"X":411947.51599999983,"Y":2922015.1390000004,"Depth_Class":"2 - 3 m","District":"Al Shifa (Abdullah Al Fouad)"}},{"type":"Feature","id":2160,"geometry":{"type":"Point","coordinates":[411914.06799999997,2922034.4539999999]},"properties":{"OBJECTID":2160,"Zone":"ZONE K","STRCTDPTH":2.758,"ELEV_GND":9.5220000000000002,"ELEV_INV":6.7640000000000002,"LABEL":"K-MH-58-13","Inastallation_Status":1,"X":411914.06799999997,"Y":2922034.4539999999,"Depth_Class":"2 - 3 m","District":"Al Shifa (Abdullah Al Fouad)"}},{"type":"Feature","id":2161,"geometry":{"type":"Point","coordinates":[411881.02199999988,2922053.4199999999]},"properties":{"OBJECTID":2161,"Zone":"ZONE K","STRCTDPTH":2.3419999999999996,"ELEV_GND":9.2279999999999998,"ELEV_INV":6.8860000000000001,"LABEL":"K-MH-58-14","Inastallation_Status":1,"X":411881.02199999988,"Y":2922053.4199999999,"Depth_Class":"2 - 3 m","District":"Al Shifa (Abdullah Al Fouad)"}},{"type":"Feature","id":2162,"geometry":{"type":"Point","coordinates":[411832.3339999998,2922081.7019999996]},"properties":{"OBJECTID":2162,"Zone":"ZONE K","STRCTDPTH":2.1530000000000005,"ELEV_GND":9.2200000000000006,"ELEV_INV":7.0670000000000002,"LABEL":"K-MH-58-15","Inastallation_Status":1,"X":411832.3339999998,"Y":2922081.7019999996,"Depth_Class":"2 - 3 m","District":"Al Shifa (Abdullah Al Fouad)"}},{"type":"Feature","id":2163,"geometry":{"type":"Point","coordinates":[411804.32949999999,2922098.3859999999]},"properties":{"OBJECTID":2163,"Zone":"ZONE K","STRCTDPTH":1.7649999999999997,"ELEV_GND":8.9359999999999999,"ELEV_INV":7.1710000000000003,"LABEL":"K-MH-58-16","Inastallation_Status":1,"X":411804.32949999999,"Y":2922098.3859999999,"Depth_Class":"1 - 2 m","District":"Al Shifa (Abdullah Al Fouad)"}},{"type":"Feature","id":2164,"geometry":{"type":"Point","coordinates":[411736.09499999974,2922134.7559999991]},"properties":{"OBJECTID":2164,"Zone":"ZONE K","STRCTDPTH":1.8099999999999996,"ELEV_GND":9.2279999999999998,"ELEV_INV":7.4180000000000001,"LABEL":"K-MH-58-17","Inastallation_Status":1,"X":411736.09499999974,"Y":2922134.7559999991,"Depth_Class":"1 - 2 m","District":"Al Shifa (Abdullah Al Fouad)"}},{"type":"Feature","id":2165,"geometry":{"type":"Point","coordinates":[411693.34740000032,2922159.9539999999]},"properties":{"OBJECTID":2165,"Zone":"ZONE K","STRCTDPTH":2.0430000000000001,"ELEV_GND":9.6280000000000001,"ELEV_INV":7.585,"LABEL":"K-MH-58-18","Inastallation_Status":1,"X":411693.34740000032,"Y":2922159.9539999999,"Depth_Class":"2 - 3 m","District":"Al Shifa (Abdullah Al Fouad)"}},{"type":"Feature","id":2166,"geometry":{"type":"Point","coordinates":[411702.81689999998,2922170.3866000008]},"properties":{"OBJECTID":2166,"Zone":"ZONE K","STRCTDPTH":1.7649999999999997,"ELEV_GND":9.3949999999999996,"ELEV_INV":7.6299999999999999,"LABEL":"K-MH-58-19","Inastallation_Status":1,"X":411702.81689999998,"Y":2922170.3866000008,"Depth_Class":"1 - 2 m","District":"Al Shifa (Abdullah Al Fouad)"}},{"type":"Feature","id":2167,"geometry":{"type":"Point","coordinates":[411993.78600000031,2922497.4729999993]},"properties":{"OBJECTID":2167,"Zone":"ZONE K","STRCTDPTH":2.7489999999999997,"ELEV_GND":6.6219999999999999,"ELEV_INV":3.8730000000000002,"LABEL":"K-MH-58-2","Inastallation_Status":1,"X":411993.78600000031,"Y":2922497.4729999993,"Depth_Class":"2 - 3 m","District":"Al Shifa (Abdullah Al Fouad)"}},{"type":"Feature","id":2168,"geometry":{"type":"Point","coordinates":[411686.97499999963,2922147.8500999995]},"properties":{"OBJECTID":2168,"Zone":"ZONE K","STRCTDPTH":1.8239999999999998,"ELEV_GND":9.7309999999999999,"ELEV_INV":7.907,"LABEL":"K-MH-58-20","Inastallation_Status":1,"X":411686.97499999963,"Y":2922147.8500999995,"Depth_Class":"1 - 2 m","District":"Al Shifa (Abdullah Al Fouad)"}},{"type":"Feature","id":2169,"geometry":{"type":"Point","coordinates":[412060.44400000013,2922458.7149999999]},"properties":{"OBJECTID":2169,"Zone":"ZONE K","STRCTDPTH":2.4039999999999995,"ELEV_GND":6.3949999999999996,"ELEV_INV":3.9910000000000001,"LABEL":"K-MH-58-3","Inastallation_Status":1,"X":412060.44400000013,"Y":2922458.7149999999,"Depth_Class":"2 - 3 m","District":"Al Shifa (Abdullah Al Fouad)"}},{"type":"Feature","id":2170,"geometry":{"type":"Point","coordinates":[412115.76999999955,2922426.6899999995]},"properties":{"OBJECTID":2170,"Zone":"ZONE K","STRCTDPTH":2.0899999999999999,"ELEV_GND":6.1779999999999999,"ELEV_INV":4.0880000000000001,"LABEL":"K-MH-58-4","Inastallation_Status":1,"X":412115.76999999955,"Y":2922426.6899999995,"Depth_Class":"2 - 3 m","District":"Al Shifa (Abdullah Al Fouad)"}},{"type":"Feature","id":2171,"geometry":{"type":"Point","coordinates":[412168.44000000041,2922395.9550000001]},"properties":{"OBJECTID":2171,"Zone":"ZONE K","STRCTDPTH":1.9329999999999998,"ELEV_GND":6.1139999999999999,"ELEV_INV":4.181,"LABEL":"K-MH-58-5","Inastallation_Status":1,"X":412168.44000000041,"Y":2922395.9550000001,"Depth_Class":"1 - 2 m","District":"Al Shifa (Abdullah Al Fouad)"}},{"type":"Feature","id":2172,"geometry":{"type":"Point","coordinates":[412152.37899999972,2922368.2679999992]},"properties":{"OBJECTID":2172,"Zone":"ZONE K","STRCTDPTH":1.9419999999999993,"ELEV_GND":6.1719999999999997,"ELEV_INV":4.2300000000000004,"LABEL":"K-MH-58-6","Inastallation_Status":1,"X":412152.37899999972,"Y":2922368.2679999992,"Depth_Class":"1 - 2 m","District":"Al Shifa (Abdullah Al Fouad)"}},{"type":"Feature","id":2173,"geometry":{"type":"Point","coordinates":[412084.12399999984,2922407.977]},"properties":{"OBJECTID":2173,"Zone":"ZONE K","STRCTDPTH":1.9539999999999997,"ELEV_GND":6.6139999999999999,"ELEV_INV":4.6600000000000001,"LABEL":"K-MH-58-6-1","Inastallation_Status":1,"X":412084.12399999984,"Y":2922407.977,"Depth_Class":"1 - 2 m","District":"Al Shifa (Abdullah Al Fouad)"}},{"type":"Feature","id":2174,"geometry":{"type":"Point","coordinates":[412007.77199999988,2922452.0449999999]},"properties":{"OBJECTID":2174,"Zone":"ZONE K","STRCTDPTH":1.819,"ELEV_GND":6.8170000000000002,"ELEV_INV":4.9980000000000002,"LABEL":"K-MH-58-6-2","Inastallation_Status":1,"X":412007.77199999988,"Y":2922452.0449999999,"Depth_Class":"1 - 2 m","District":"Al Shifa (Abdullah Al Fouad)"}},{"type":"Feature","id":2175,"geometry":{"type":"Point","coordinates":[411945.82799999975,2922487.7029999997]},"properties":{"OBJECTID":2175,"Zone":"ZONE K","STRCTDPTH":1.8109999999999999,"ELEV_GND":7.0380000000000003,"ELEV_INV":5.2270000000000003,"LABEL":"K-MH-58-6-3","Inastallation_Status":1,"X":411945.82799999975,"Y":2922487.7029999997,"Depth_Class":"1 - 2 m","District":"Al Shifa (Abdullah Al Fouad)"}},{"type":"Feature","id":2176,"geometry":{"type":"Point","coordinates":[411879.22360000014,2922525.2964999992]},"properties":{"OBJECTID":2176,"Zone":"ZONE K","STRCTDPTH":1.7649999999999997,"ELEV_GND":7.2359999999999998,"ELEV_INV":5.4710000000000001,"LABEL":"K-MH-58-6-4","Inastallation_Status":1,"X":411879.22360000014,"Y":2922525.2964999992,"Depth_Class":"1 - 2 m","District":"Al Shifa (Abdullah Al Fouad)"}},{"type":"Feature","id":2177,"geometry":{"type":"Point","coordinates":[412110.90699999966,2922296.8859999999]},"properties":{"OBJECTID":2177,"Zone":"ZONE K","STRCTDPTH":2.0369999999999999,"ELEV_GND":6.4020000000000001,"ELEV_INV":4.3650000000000002,"LABEL":"K-MH-58-7","Inastallation_Status":1,"X":412110.90699999966,"Y":2922296.8859999999,"Depth_Class":"2 - 3 m","District":"Al Shifa (Abdullah Al Fouad)"}},{"type":"Feature","id":2178,"geometry":{"type":"Point","coordinates":[412038.58239999972,2922338.4217000008]},"properties":{"OBJECTID":2178,"Zone":"ZONE K","STRCTDPTH":1.9720000000000004,"ELEV_GND":6.8760000000000003,"ELEV_INV":4.9039999999999999,"LABEL":"K-MH-58-7-1","Inastallation_Status":1,"X":412038.58239999972,"Y":2922338.4217000008,"Depth_Class":"1 - 2 m","District":"Al Shifa (Abdullah Al Fouad)"}},{"type":"Feature","id":2179,"geometry":{"type":"Point","coordinates":[411965.57510000002,2922380.0776000004]},"properties":{"OBJECTID":2179,"Zone":"ZONE K","STRCTDPTH":1.7649999999999997,"ELEV_GND":7.1059999999999999,"ELEV_INV":5.3410000000000002,"LABEL":"K-MH-58-7-2","Inastallation_Status":1,"X":411965.57510000002,"Y":2922380.0776000004,"Depth_Class":"1 - 2 m","District":"Al Shifa (Abdullah Al Fouad)"}},{"type":"Feature","id":2180,"geometry":{"type":"Point","coordinates":[411912.82760000043,2922410.5258000009]},"properties":{"OBJECTID":2180,"Zone":"ZONE K","STRCTDPTH":1.9870000000000001,"ELEV_GND":7.5229999999999997,"ELEV_INV":5.5359999999999996,"LABEL":"K-MH-58-7-3","Inastallation_Status":1,"X":411912.82760000043,"Y":2922410.5258000009,"Depth_Class":"1 - 2 m","District":"Al Shifa (Abdullah Al Fouad)"}},{"type":"Feature","id":2181,"geometry":{"type":"Point","coordinates":[411856.72900000028,2922443.9020000007]},"properties":{"OBJECTID":2181,"Zone":"ZONE K","STRCTDPTH":1.8800000000000008,"ELEV_GND":7.7750000000000004,"ELEV_INV":5.8949999999999996,"LABEL":"K-MH-58-7-4","Inastallation_Status":1,"X":411856.72900000028,"Y":2922443.9020000007,"Depth_Class":"1 - 2 m","District":"Al Shifa (Abdullah Al Fouad)"}},{"type":"Feature","id":2182,"geometry":{"type":"Point","coordinates":[411866.04050000012,2922456.9567000009]},"properties":{"OBJECTID":2182,"Zone":"ZONE K","STRCTDPTH":1.7649999999999997,"ELEV_GND":7.7119999999999997,"ELEV_INV":5.9470000000000001,"LABEL":"K-MH-58-7-5","Inastallation_Status":1,"X":411866.04050000012,"Y":2922456.9567000009,"Depth_Class":"1 - 2 m","District":"Al Shifa (Abdullah Al Fouad)"}},{"type":"Feature","id":2183,"geometry":{"type":"Point","coordinates":[411844.7659,2922421.3116999995]},"properties":{"OBJECTID":2183,"Zone":"ZONE K","STRCTDPTH":1.7649999999999997,"ELEV_GND":7.8099999999999996,"ELEV_INV":6.0449999999999999,"LABEL":"K-MH-58-7-6","Inastallation_Status":1,"X":411844.7659,"Y":2922421.3116999995,"Depth_Class":"1 - 2 m","District":"Al Shifa (Abdullah Al Fouad)"}},{"type":"Feature","id":2184,"geometry":{"type":"Point","coordinates":[412033.54910000041,2922303.5507999994]},"properties":{"OBJECTID":2184,"Zone":"ZONE K","STRCTDPTH":2.0709999999999997,"ELEV_GND":7.0640000000000001,"ELEV_INV":4.9930000000000003,"LABEL":"K-MH-58-8-1","Inastallation_Status":1,"X":412033.54910000041,"Y":2922303.5507999994,"Depth_Class":"2 - 3 m","District":"Al Shifa (Abdullah Al Fouad)"}},{"type":"Feature","id":2185,"geometry":{"type":"Point","coordinates":[412001.11079999991,2922247.5984000005]},"properties":{"OBJECTID":2185,"Zone":"ZONE K","STRCTDPTH":1.8259999999999996,"ELEV_GND":7.3849999999999998,"ELEV_INV":5.5590000000000002,"LABEL":"K-MH-58-8-1-1","Inastallation_Status":1,"X":412001.11079999991,"Y":2922247.5984000005,"Depth_Class":"1 - 2 m","District":"Al Shifa (Abdullah Al Fouad)"}},{"type":"Feature","id":2186,"geometry":{"type":"Point","coordinates":[411961.05920000002,2922178.3462000005]},"properties":{"OBJECTID":2186,"Zone":"ZONE K","STRCTDPTH":1.9159999999999995,"ELEV_GND":7.8449999999999998,"ELEV_INV":5.9290000000000003,"LABEL":"K-MH-58-8-1-2","Inastallation_Status":1,"X":411961.05920000002,"Y":2922178.3462000005,"Depth_Class":"1 - 2 m","District":"Al Shifa (Abdullah Al Fouad)"}},{"type":"Feature","id":2187,"geometry":{"type":"Point","coordinates":[411921.00760000013,2922109.0940000005]},"properties":{"OBJECTID":2187,"Zone":"ZONE K","STRCTDPTH":2.008,"ELEV_GND":8.3970000000000002,"ELEV_INV":6.3890000000000002,"LABEL":"K-MH-58-8-1-3","Inastallation_Status":1,"X":411921.00760000013,"Y":2922109.0940000005,"Depth_Class":"2 - 3 m","District":"Al Shifa (Abdullah Al Fouad)"}},{"type":"Feature","id":2188,"geometry":{"type":"Point","coordinates":[412098.14900000021,2922258.3699999992]},"properties":{"OBJECTID":2188,"Zone":"ZONE K","STRCTDPTH":1.7650000000000006,"ELEV_GND":6.5350000000000001,"ELEV_INV":4.7699999999999996,"LABEL":"K-MH-58-8-10","Inastallation_Status":1,"X":412098.14900000021,"Y":2922258.3699999992,"Depth_Class":"1 - 2 m","District":"Al Shifa (Abdullah Al Fouad)"}},{"type":"Feature","id":2189,"geometry":{"type":"Point","coordinates":[412151.84140000027,2922225.0743000004]},"properties":{"OBJECTID":2189,"Zone":"ZONE K","STRCTDPTH":1.9669999999999996,"ELEV_GND":6.9390000000000001,"ELEV_INV":4.9720000000000004,"LABEL":"K-MH-58-8-11","Inastallation_Status":1,"X":412151.84140000027,"Y":2922225.0743000004,"Depth_Class":"1 - 2 m","District":"Al Shifa (Abdullah Al Fouad)"}},{"type":"Feature","id":2190,"geometry":{"type":"Point","coordinates":[412292.93609999958,2922056.9923]},"properties":{"OBJECTID":2190,"Zone":"ZONE K","STRCTDPTH":3.6509999999999998,"ELEV_GND":8.6509999999999998,"ELEV_INV":5,"LABEL":"K-MH-58-8-12","Inastallation_Status":1,"X":412292.93609999958,"Y":2922056.9923,"Depth_Class":"3 - 4 m","District":"Al Iskan"}},{"type":"Feature","id":2191,"geometry":{"type":"Point","coordinates":[412220.23539999966,2922189.3155000005]},"properties":{"OBJECTID":2191,"Zone":"ZONE K","STRCTDPTH":1.8090000000000002,"ELEV_GND":7.2300000000000004,"ELEV_INV":5.4210000000000003,"LABEL":"K-MH-58-8-13","Inastallation_Status":1,"X":412220.23539999966,"Y":2922189.3155000005,"Depth_Class":"1 - 2 m","District":"Al Shifa (Abdullah Al Fouad)"}},{"type":"Feature","id":2192,"geometry":{"type":"Point","coordinates":[412285.11290000007,2922149.6670999993]},"properties":{"OBJECTID":2192,"Zone":"ZONE K","STRCTDPTH":1.8919999999999995,"ELEV_GND":7.5999999999999996,"ELEV_INV":5.7080000000000002,"LABEL":"K-MH-58-8-14","Inastallation_Status":1,"X":412285.11290000007,"Y":2922149.6670999993,"Depth_Class":"1 - 2 m","District":"Al Shifa (Abdullah Al Fouad)"}},{"type":"Feature","id":2193,"geometry":{"type":"Point","coordinates":[412347.05759999994,2922113.7879000008]},"properties":{"OBJECTID":2193,"Zone":"ZONE K","STRCTDPTH":1.8549999999999995,"ELEV_GND":7.9199999999999999,"ELEV_INV":6.0650000000000004,"LABEL":"K-MH-58-8-15","Inastallation_Status":1,"X":412347.05759999994,"Y":2922113.7879000008,"Depth_Class":"1 - 2 m","District":"Al Iskan"}},{"type":"Feature","id":2194,"geometry":{"type":"Point","coordinates":[411979.51690000016,2922336.3133000005]},"properties":{"OBJECTID":2194,"Zone":"ZONE K","STRCTDPTH":2.0209999999999999,"ELEV_GND":7.2169999999999996,"ELEV_INV":5.1959999999999997,"LABEL":"K-MH-58-8-2","Inastallation_Status":1,"X":411979.51690000016,"Y":2922336.3133000005,"Depth_Class":"2 - 3 m","District":"Al Shifa (Abdullah Al Fouad)"}},{"type":"Feature","id":2195,"geometry":{"type":"Point","coordinates":[411939.49980000034,2922267.0841000006]},"properties":{"OBJECTID":2195,"Zone":"ZONE K","STRCTDPTH":1.7119999999999997,"ELEV_GND":7.452,"ELEV_INV":5.7400000000000002,"LABEL":"K-MH-58-8-2-1","Inastallation_Status":1,"X":411939.49980000034,"Y":2922267.0841000006,"Depth_Class":"1 - 2 m","District":"Al Shifa (Abdullah Al Fouad)"}},{"type":"Feature","id":2196,"geometry":{"type":"Point","coordinates":[411906.15670000017,2922209.1420000009]},"properties":{"OBJECTID":2196,"Zone":"ZONE K","STRCTDPTH":1.8890000000000002,"ELEV_GND":7.843,"ELEV_INV":5.9539999999999997,"LABEL":"K-MH-58-8-2-2","Inastallation_Status":1,"X":411906.15670000017,"Y":2922209.1420000009,"Depth_Class":"1 - 2 m","District":"Al Shifa (Abdullah Al Fouad)"}},{"type":"Feature","id":2197,"geometry":{"type":"Point","coordinates":[411866.13499999978,2922140.2310000006]},"properties":{"OBJECTID":2197,"Zone":"ZONE K","STRCTDPTH":2.1390000000000002,"ELEV_GND":8.5250000000000004,"ELEV_INV":6.3860000000000001,"LABEL":"K-MH-58-8-2-3","Inastallation_Status":1,"X":411866.13499999978,"Y":2922140.2310000006,"Depth_Class":"2 - 3 m","District":"Al Shifa (Abdullah Al Fouad)"}},{"type":"Feature","id":2198,"geometry":{"type":"Point","coordinates":[411923.46710000001,2922367.7699999996]},"properties":{"OBJECTID":2198,"Zone":"ZONE K","STRCTDPTH":2.0510000000000002,"ELEV_GND":7.452,"ELEV_INV":5.4009999999999998,"LABEL":"K-MH-58-8-3","Inastallation_Status":1,"X":411923.46710000001,"Y":2922367.7699999996,"Depth_Class":"2 - 3 m","District":"Al Shifa (Abdullah Al Fouad)"}},{"type":"Feature","id":2199,"geometry":{"type":"Point","coordinates":[411897.34750000015,2922323.0006000008]},"properties":{"OBJECTID":2199,"Zone":"ZONE K","STRCTDPTH":2.0720000000000001,"ELEV_GND":7.8570000000000002,"ELEV_INV":5.7850000000000001,"LABEL":"K-MH-58-8-3-1","Inastallation_Status":1,"X":411897.34750000015,"Y":2922323.0006000008,"Depth_Class":"2 - 3 m","District":"Al Shifa (Abdullah Al Fouad)"}},{"type":"Feature","id":2200,"geometry":{"type":"Point","coordinates":[411871.14570000023,2922278.4567000009]},"properties":{"OBJECTID":2200,"Zone":"ZONE K","STRCTDPTH":1.7119999999999997,"ELEV_GND":7.6619999999999999,"ELEV_INV":5.9500000000000002,"LABEL":"K-MH-58-8-3-2","Inastallation_Status":1,"X":411871.14570000023,"Y":2922278.4567000009,"Depth_Class":"1 - 2 m","District":"Al Shifa (Abdullah Al Fouad)"}},{"type":"Feature","id":2201,"geometry":{"type":"Point","coordinates":[411848.99019999988,2922239.5208000001]},"properties":{"OBJECTID":2201,"Zone":"ZONE K","STRCTDPTH":2.0139999999999993,"ELEV_GND":8.1069999999999993,"ELEV_INV":6.093,"LABEL":"K-MH-58-8-3-3","Inastallation_Status":1,"X":411848.99019999988,"Y":2922239.5208000001,"Depth_Class":"2 - 3 m","District":"Al Shifa (Abdullah Al Fouad)"}},{"type":"Feature","id":2202,"geometry":{"type":"Point","coordinates":[411808.49139999971,2922170.5568000004]},"properties":{"OBJECTID":2202,"Zone":"ZONE K","STRCTDPTH":2.1059999999999999,"ELEV_GND":8.7569999999999997,"ELEV_INV":6.6509999999999998,"LABEL":"K-MH-58-8-3-4","Inastallation_Status":1,"X":411808.49139999971,"Y":2922170.5568000004,"Depth_Class":"2 - 3 m","District":"Al Shifa (Abdullah Al Fouad)"}},{"type":"Feature","id":2203,"geometry":{"type":"Point","coordinates":[411866.85879999958,2922398.7087999992]},"properties":{"OBJECTID":2203,"Zone":"ZONE K","STRCTDPTH":1.8950000000000005,"ELEV_GND":7.7880000000000003,"ELEV_INV":5.8929999999999998,"LABEL":"K-MH-58-8-4","Inastallation_Status":1,"X":411866.85879999958,"Y":2922398.7087999992,"Depth_Class":"1 - 2 m","District":"Al Shifa (Abdullah Al Fouad)"}},{"type":"Feature","id":2204,"geometry":{"type":"Point","coordinates":[411841.06769999955,2922354.5237000007]},"properties":{"OBJECTID":2204,"Zone":"ZONE K","STRCTDPTH":1.7999999999999998,"ELEV_GND":7.8639999999999999,"ELEV_INV":6.0640000000000001,"LABEL":"K-MH-58-8-5","Inastallation_Status":1,"X":411841.06769999955,"Y":2922354.5237000007,"Depth_Class":"1 - 2 m","District":"Al Shifa (Abdullah Al Fouad)"}},{"type":"Feature","id":2205,"geometry":{"type":"Point","coordinates":[411815.56730000023,2922310.2382999994]},"properties":{"OBJECTID":2205,"Zone":"ZONE K","STRCTDPTH":1.7119999999999997,"ELEV_GND":7.9390000000000001,"ELEV_INV":6.2270000000000003,"LABEL":"K-MH-58-8-6","Inastallation_Status":1,"X":411815.56730000023,"Y":2922310.2382999994,"Depth_Class":"1 - 2 m","District":"Al Shifa (Abdullah Al Fouad)"}},{"type":"Feature","id":2206,"geometry":{"type":"Point","coordinates":[411786.46769999992,2922259.6104000006]},"properties":{"OBJECTID":2206,"Zone":"ZONE K","STRCTDPTH":1.9900000000000002,"ELEV_GND":8.4039999999999999,"ELEV_INV":6.4139999999999997,"LABEL":"K-MH-58-8-7","Inastallation_Status":1,"X":411786.46769999992,"Y":2922259.6104000006,"Depth_Class":"1 - 2 m","District":"Al Shifa (Abdullah Al Fouad)"}},{"type":"Feature","id":2207,"geometry":{"type":"Point","coordinates":[411746.48849999998,2922190.5285999998]},"properties":{"OBJECTID":2207,"Zone":"ZONE K","STRCTDPTH":2.1370000000000005,"ELEV_GND":9.0850000000000009,"ELEV_INV":6.9480000000000004,"LABEL":"K-MH-58-8-8","Inastallation_Status":1,"X":411746.48849999998,"Y":2922190.5285999998,"Depth_Class":"2 - 3 m","District":"Al Shifa (Abdullah Al Fouad)"}},{"type":"Feature","id":2208,"geometry":{"type":"Point","coordinates":[411849.73110000044,2922507.7296999991]},"properties":{"OBJECTID":2208,"Zone":"ZONE K","STRCTDPTH":6.2090000000000005,"ELEV_GND":7.5910000000000002,"ELEV_INV":1.3819999999999999,"LABEL":"K-MH-59","Inastallation_Status":1,"X":411849.73110000044,"Y":2922507.7296999991,"Depth_Class":"6 - 7 m","District":"Al Shifa (Abdullah Al Fouad)"}},{"type":"Feature","id":2209,"geometry":{"type":"Point","coordinates":[411842.74039999954,2922493.9054000005]},"properties":{"OBJECTID":2209,"Zone":"ZONE K","STRCTDPTH":6.1269999999999998,"ELEV_GND":7.5709999999999997,"ELEV_INV":1.444,"LABEL":"K-MH-60","Inastallation_Status":1,"X":411842.74039999954,"Y":2922493.9054000005,"Depth_Class":"6 - 7 m","District":"Al Shifa (Abdullah Al Fouad)"}},{"type":"Feature","id":2210,"geometry":{"type":"Point","coordinates":[411899.85850000009,2922465.7127999999]},"properties":{"OBJECTID":2210,"Zone":"ZONE K","STRCTDPTH":2.6770000000000005,"ELEV_GND":7.2270000000000003,"ELEV_INV":4.5499999999999998,"LABEL":"K-MH-60-1","Inastallation_Status":1,"X":411899.85850000009,"Y":2922465.7127999999,"Depth_Class":"2 - 3 m","District":"Al Shifa (Abdullah Al Fouad)"}},{"type":"Feature","id":2211,"geometry":{"type":"Point","coordinates":[411969.63499999978,2922424.8201000001]},"properties":{"OBJECTID":2211,"Zone":"ZONE K","STRCTDPTH":2.2169999999999996,"ELEV_GND":7.0259999999999998,"ELEV_INV":4.8090000000000002,"LABEL":"K-MH-60-2","Inastallation_Status":1,"X":411969.63499999978,"Y":2922424.8201000001,"Depth_Class":"2 - 3 m","District":"Al Shifa (Abdullah Al Fouad)"}},{"type":"Feature","id":2212,"geometry":{"type":"Point","coordinates":[412038.19610000029,2922384.7766999993]},"properties":{"OBJECTID":2212,"Zone":"ZONE K","STRCTDPTH":1.7650000000000006,"ELEV_GND":6.8280000000000003,"ELEV_INV":5.0629999999999997,"LABEL":"K-MH-60-3","Inastallation_Status":1,"X":412038.19610000029,"Y":2922384.7766999993,"Depth_Class":"1 - 2 m","District":"Al Shifa (Abdullah Al Fouad)"}},{"type":"Feature","id":2213,"geometry":{"type":"Point","coordinates":[411824.15180000011,2922459.8078000005]},"properties":{"OBJECTID":2213,"Zone":"ZONE K","STRCTDPTH":6.2279999999999998,"ELEV_GND":7.827,"ELEV_INV":1.599,"LABEL":"K-MH-61","Inastallation_Status":1,"X":411824.15180000011,"Y":2922459.8078000005,"Depth_Class":"6 - 7 m","District":"Al Shifa (Abdullah Al Fouad)"}},{"type":"Feature","id":2214,"geometry":{"type":"Point","coordinates":[411806.29330000002,2922469.6111999992]},"properties":{"OBJECTID":2214,"Zone":"ZONE K","STRCTDPTH":5.5960000000000001,"ELEV_GND":7.827,"ELEV_INV":2.2309999999999999,"LABEL":"K-MH-61-1","Inastallation_Status":1,"X":411806.29330000002,"Y":2922469.6111999992,"Depth_Class":"5 - 6 m","District":"Al Shifa (Abdullah Al Fouad)"}},{"type":"Feature","id":2215,"geometry":{"type":"Point","coordinates":[411776.14109999966,2922414.3401999995]},"properties":{"OBJECTID":2215,"Zone":"ZONE K","STRCTDPTH":1.9059999999999997,"ELEV_GND":8.1699999999999999,"ELEV_INV":6.2640000000000002,"LABEL":"K-MH-61-1-1","Inastallation_Status":1,"X":411776.14109999966,"Y":2922414.3401999995,"Depth_Class":"1 - 2 m","District":"Al Shifa (Abdullah Al Fouad)"}},{"type":"Feature","id":2216,"geometry":{"type":"Point","coordinates":[411651.51599999983,2922255.1510000005]},"properties":{"OBJECTID":2216,"Zone":"ZONE K","STRCTDPTH":5.8150000000000013,"ELEV_GND":9.2420000000000009,"ELEV_INV":3.427,"LABEL":"K-MH-61-10","Inastallation_Status":1,"X":411651.51599999983,"Y":2922255.1510000005,"Depth_Class":"5 - 6 m","District":"Al Shifa (Abdullah Al Fouad)"}},{"type":"Feature","id":2217,"geometry":{"type":"Point","coordinates":[411619.73610000033,2922205.8784999996]},"properties":{"OBJECTID":2217,"Zone":"ZONE K","STRCTDPTH":5.9939999999999998,"ELEV_GND":9.609,"ELEV_INV":3.6150000000000002,"LABEL":"K-MH-61-11","Inastallation_Status":1,"X":411619.73610000033,"Y":2922205.8784999996,"Depth_Class":"5 - 6 m","District":"Al Shifa (Abdullah Al Fouad)"}},{"type":"Feature","id":2218,"geometry":{"type":"Point","coordinates":[411563.78139999975,2922236.5164999999]},"properties":{"OBJECTID":2218,"Zone":"ZONE K","STRCTDPTH":5.4020000000000001,"ELEV_GND":9.2210000000000001,"ELEV_INV":3.819,"LABEL":"K-MH-61-12","Inastallation_Status":1,"X":411563.78139999975,"Y":2922236.5164999999,"Depth_Class":"5 - 6 m","District":"Al Shifa (Abdullah Al Fouad)"}},{"type":"Feature","id":2219,"geometry":{"type":"Point","coordinates":[411509.07160000037,2922267.273]},"properties":{"OBJECTID":2219,"Zone":"ZONE K","STRCTDPTH":4.5039999999999996,"ELEV_GND":8.5239999999999991,"ELEV_INV":4.0199999999999996,"LABEL":"K-MH-61-13","Inastallation_Status":1,"X":411509.07160000037,"Y":2922267.273,"Depth_Class":"4 - 5 m","District":"Al Shifa (Abdullah Al Fouad)"}},{"type":"Feature","id":2220,"geometry":{"type":"Point","coordinates":[411450.48460000008,2922300.6346000005]},"properties":{"OBJECTID":2220,"Zone":"ZONE K","STRCTDPTH":4.3899999999999997,"ELEV_GND":8.6259999999999994,"ELEV_INV":4.2359999999999998,"LABEL":"K-MH-61-14","Inastallation_Status":1,"X":411450.48460000008,"Y":2922300.6346000005,"Depth_Class":"4 - 5 m","District":"Al Shifa (Abdullah Al Fouad)"}},{"type":"Feature","id":2221,"geometry":{"type":"Point","coordinates":[411392.0915000001,2922333.9104999993]},"properties":{"OBJECTID":2221,"Zone":"ZONE K","STRCTDPTH":3.6909999999999998,"ELEV_GND":8.1419999999999995,"ELEV_INV":4.4509999999999996,"LABEL":"K-MH-61-15","Inastallation_Status":1,"X":411392.0915000001,"Y":2922333.9104999993,"Depth_Class":"3 - 4 m","District":"Al Shifa (Abdullah Al Fouad)"}},{"type":"Feature","id":2222,"geometry":{"type":"Point","coordinates":[411429.68039999995,2922398.9771999996]},"properties":{"OBJECTID":2222,"Zone":"ZONE K","STRCTDPTH":3.016,"ELEV_GND":7.7069999999999999,"ELEV_INV":4.6909999999999998,"LABEL":"K-MH-61-16","Inastallation_Status":1,"X":411429.68039999995,"Y":2922398.9771999996,"Depth_Class":"3 - 4 m","District":"Al Shifa (Abdullah Al Fouad)"}},{"type":"Feature","id":2223,"geometry":{"type":"Point","coordinates":[411470.02799999993,2922466.8399999999]},"properties":{"OBJECTID":2223,"Zone":"ZONE K","STRCTDPTH":2.5880000000000001,"ELEV_GND":7.532,"ELEV_INV":4.944,"LABEL":"K-MH-61-17","Inastallation_Status":1,"X":411470.02799999993,"Y":2922466.8399999999,"Depth_Class":"2 - 3 m","District":"Al Shifa (Abdullah Al Fouad)"}},{"type":"Feature","id":2224,"geometry":{"type":"Point","coordinates":[411486.82809999958,2922498.0198999997]},"properties":{"OBJECTID":2224,"Zone":"ZONE K","STRCTDPTH":2.234,"ELEV_GND":7.2910000000000004,"ELEV_INV":5.0570000000000004,"LABEL":"K-MH-61-17-1","Inastallation_Status":1,"X":411486.82809999958,"Y":2922498.0198999997,"Depth_Class":"2 - 3 m","District":"Al Shifa (Abdullah Al Fouad)"}},{"type":"Feature","id":2225,"geometry":{"type":"Point","coordinates":[411526.54459999967,2922566.7938000001]},"properties":{"OBJECTID":2225,"Zone":"ZONE K","STRCTDPTH":1.7649999999999997,"ELEV_GND":7.0759999999999996,"ELEV_INV":5.3109999999999999,"LABEL":"K-MH-61-17-2","Inastallation_Status":1,"X":411526.54459999967,"Y":2922566.7938000001,"Depth_Class":"1 - 2 m","District":"Al Shifa (Abdullah Al Fouad)"}},{"type":"Feature","id":2226,"geometry":{"type":"Point","coordinates":[411486.96300000045,2922456.6219999995]},"properties":{"OBJECTID":2226,"Zone":"ZONE K","STRCTDPTH":1.766,"ELEV_GND":7.5960000000000001,"ELEV_INV":5.8300000000000001,"LABEL":"K-MH-61-18","Inastallation_Status":1,"X":411486.96300000045,"Y":2922456.6219999995,"Depth_Class":"1 - 2 m","District":"Al Shifa (Abdullah Al Fouad)"}},{"type":"Feature","id":2227,"geometry":{"type":"Point","coordinates":[411487.33800000045,2922372.4940000009]},"properties":{"OBJECTID":2227,"Zone":"ZONE K","STRCTDPTH":2.0210000000000008,"ELEV_GND":8.1210000000000004,"ELEV_INV":6.0999999999999996,"LABEL":"K-MH-61-19","Inastallation_Status":1,"X":411487.33800000045,"Y":2922372.4940000009,"Depth_Class":"2 - 3 m","District":"Al Shifa (Abdullah Al Fouad)"}},{"type":"Feature","id":2228,"geometry":{"type":"Point","coordinates":[411762.74700000044,2922497.7430000007]},"properties":{"OBJECTID":2228,"Zone":"ZONE K","STRCTDPTH":5.4020000000000001,"ELEV_GND":7.7610000000000001,"ELEV_INV":2.359,"LABEL":"K-MH-61-2","Inastallation_Status":1,"X":411762.74700000044,"Y":2922497.7430000007,"Depth_Class":"5 - 6 m","District":"Al Shifa (Abdullah Al Fouad)"}},{"type":"Feature","id":2229,"geometry":{"type":"Point","coordinates":[411481.62399999984,2922358.2400000002]},"properties":{"OBJECTID":2229,"Zone":"ZONE K","STRCTDPTH":1.8099999999999996,"ELEV_GND":8.2149999999999999,"ELEV_INV":6.4050000000000002,"LABEL":"K-MH-61-20","Inastallation_Status":1,"X":411481.62399999984,"Y":2922358.2400000002,"Depth_Class":"1 - 2 m","District":"Al Shifa (Abdullah Al Fouad)"}},{"type":"Feature","id":2230,"geometry":{"type":"Point","coordinates":[411537.87100000028,2922325.5370000005]},"properties":{"OBJECTID":2230,"Zone":"ZONE K","STRCTDPTH":1.8819999999999988,"ELEV_GND":8.5399999999999991,"ELEV_INV":6.6580000000000004,"LABEL":"K-MH-61-21","Inastallation_Status":1,"X":411537.87100000028,"Y":2922325.5370000005,"Depth_Class":"1 - 2 m","District":"Al Shifa (Abdullah Al Fouad)"}},{"type":"Feature","id":2231,"geometry":{"type":"Point","coordinates":[411715.51900000032,2922524.9379999992]},"properties":{"OBJECTID":2231,"Zone":"ZONE K","STRCTDPTH":5.1630000000000003,"ELEV_GND":7.657,"ELEV_INV":2.4940000000000002,"LABEL":"K-MH-61-3","Inastallation_Status":1,"X":411715.51900000032,"Y":2922524.9379999992,"Depth_Class":"5 - 6 m","District":"Al Shifa (Abdullah Al Fouad)"}},{"type":"Feature","id":2232,"geometry":{"type":"Point","coordinates":[411692.6370000001,2922539.9409999996]},"properties":{"OBJECTID":2232,"Zone":"ZONE K","STRCTDPTH":2.9930000000000003,"ELEV_GND":7.3940000000000001,"ELEV_INV":4.4009999999999998,"LABEL":"K-MH-61-3-1","Inastallation_Status":1,"X":411692.6370000001,"Y":2922539.9409999996,"Depth_Class":"2 - 3 m","District":"Al Shifa (Abdullah Al Fouad)"}},{"type":"Feature","id":2233,"geometry":{"type":"Point","coordinates":[411686.21899999958,2922582.0120000001]},"properties":{"OBJECTID":2233,"Zone":"ZONE K","STRCTDPTH":2.6299999999999999,"ELEV_GND":7.1669999999999998,"ELEV_INV":4.5369999999999999,"LABEL":"K-MH-61-3-2","Inastallation_Status":1,"X":411686.21899999958,"Y":2922582.0120000001,"Depth_Class":"2 - 3 m","District":"Al Shifa (Abdullah Al Fouad)"}},{"type":"Feature","id":2234,"geometry":{"type":"Point","coordinates":[411618.8320000004,2922621.216]},"properties":{"OBJECTID":2234,"Zone":"ZONE K","STRCTDPTH":2.1390000000000002,"ELEV_GND":6.9260000000000002,"ELEV_INV":4.7869999999999999,"LABEL":"K-MH-61-3-3","Inastallation_Status":1,"X":411618.8320000004,"Y":2922621.216,"Depth_Class":"2 - 3 m","District":"Al Shifa (Abdullah Al Fouad)"}},{"type":"Feature","id":2235,"geometry":{"type":"Point","coordinates":[411714.98300000001,2922467.5840000007]},"properties":{"OBJECTID":2235,"Zone":"ZONE K","STRCTDPTH":5.3700000000000001,"ELEV_GND":8.0060000000000002,"ELEV_INV":2.6360000000000001,"LABEL":"K-MH-61-4","Inastallation_Status":1,"X":411714.98300000001,"Y":2922467.5840000007,"Depth_Class":"5 - 6 m","District":"Al Shifa (Abdullah Al Fouad)"}},{"type":"Feature","id":2236,"geometry":{"type":"Point","coordinates":[411714.61739999987,2922433.8676999994]},"properties":{"OBJECTID":2236,"Zone":"ZONE K","STRCTDPTH":5.3879999999999999,"ELEV_GND":8.1080000000000005,"ELEV_INV":2.7200000000000002,"LABEL":"K-MH-61-5","Inastallation_Status":1,"X":411714.61739999987,"Y":2922433.8676999994,"Depth_Class":"5 - 6 m","District":"Al Shifa (Abdullah Al Fouad)"}},{"type":"Feature","id":2237,"geometry":{"type":"Point","coordinates":[411714.19299999997,2922407.5130000003]},"properties":{"OBJECTID":2237,"Zone":"ZONE K","STRCTDPTH":5.543000000000001,"ELEV_GND":8.3960000000000008,"ELEV_INV":2.8530000000000002,"LABEL":"K-MH-61-6","Inastallation_Status":1,"X":411714.19299999997,"Y":2922407.5130000003,"Depth_Class":"5 - 6 m","District":"Al Shifa (Abdullah Al Fouad)"}},{"type":"Feature","id":2238,"geometry":{"type":"Point","coordinates":[411729.35500000045,2922394.0140000004]},"properties":{"OBJECTID":2238,"Zone":"ZONE K","STRCTDPTH":5.5599999999999996,"ELEV_GND":8.4779999999999998,"ELEV_INV":2.9180000000000001,"LABEL":"K-MH-61-7","Inastallation_Status":1,"X":411729.35500000045,"Y":2922394.0140000004,"Depth_Class":"5 - 6 m","District":"Al Shifa (Abdullah Al Fouad)"}},{"type":"Feature","id":2239,"geometry":{"type":"Point","coordinates":[411703.96399999969,2922349.4940000009]},"properties":{"OBJECTID":2239,"Zone":"ZONE K","STRCTDPTH":5.5010000000000003,"ELEV_GND":8.5830000000000002,"ELEV_INV":3.0819999999999999,"LABEL":"K-MH-61-8","Inastallation_Status":1,"X":411703.96399999969,"Y":2922349.4940000009,"Depth_Class":"5 - 6 m","District":"Al Shifa (Abdullah Al Fouad)"}},{"type":"Feature","id":2240,"geometry":{"type":"Point","coordinates":[411674.08999999985,2922297.0979999993]},"properties":{"OBJECTID":2240,"Zone":"ZONE K","STRCTDPTH":5.7140000000000004,"ELEV_GND":8.9890000000000008,"ELEV_INV":3.2749999999999999,"LABEL":"K-MH-61-9","Inastallation_Status":1,"X":411674.08999999985,"Y":2922297.0979999993,"Depth_Class":"5 - 6 m","District":"Al Shifa (Abdullah Al Fouad)"}},{"type":"Feature","id":2241,"geometry":{"type":"Point","coordinates":[411763.79959999956,2922356.1928000003]},"properties":{"OBJECTID":2241,"Zone":"ZONE K","STRCTDPTH":6.113999999999999,"ELEV_GND":8.1929999999999996,"ELEV_INV":2.0790000000000002,"LABEL":"K-MH-62","Inastallation_Status":1,"X":411763.79959999956,"Y":2922356.1928000003,"Depth_Class":"6 - 7 m","District":"Al Shifa (Abdullah Al Fouad)"}},{"type":"Feature","id":2242,"geometry":{"type":"Point","coordinates":[411704.63489999995,2922252.8249999993]},"properties":{"OBJECTID":2242,"Zone":"ZONE K","STRCTDPTH":6.6870000000000012,"ELEV_GND":9.2420000000000009,"ELEV_INV":2.5550000000000002,"LABEL":"K-MH-63","Inastallation_Status":1,"X":411704.63489999995,"Y":2922252.8249999993,"Depth_Class":"6 - 7 m","District":"Al Shifa (Abdullah Al Fouad)"}},{"type":"Feature","id":2243,"geometry":{"type":"Point","coordinates":[411643.96300000045,2922148.4379999992]},"properties":{"OBJECTID":2243,"Zone":"ZONE K","STRCTDPTH":6.5310000000000006,"ELEV_GND":9.5690000000000008,"ELEV_INV":3.0379999999999998,"LABEL":"K-MH-64","Inastallation_Status":4,"X":411643.96300000045,"Y":2922148.4379999992,"Depth_Class":"6 - 7 m","District":"Al Shifa (Abdullah Al Fouad)"}},{"type":"Feature","id":2244,"geometry":{"type":"Point","coordinates":[411597.10199999996,2922175.8389999997]},"properties":{"OBJECTID":2244,"Zone":"ZONE K","STRCTDPTH":6.2829999999999995,"ELEV_GND":9.5549999999999997,"ELEV_INV":3.2719999999999998,"LABEL":"K-MH-64-1","Inastallation_Status":1,"X":411597.10199999996,"Y":2922175.8389999997,"Depth_Class":"6 - 7 m","District":"Al Shifa (Abdullah Al Fouad)"}},{"type":"Feature","id":2245,"geometry":{"type":"Point","coordinates":[411300.4589999998,2922347.1940000001]},"properties":{"OBJECTID":2245,"Zone":"ZONE K","STRCTDPTH":2.7530000000000001,"ELEV_GND":7.8979999999999997,"ELEV_INV":5.1449999999999996,"LABEL":"K-MH-64-10","Inastallation_Status":4,"X":411300.4589999998,"Y":2922347.1940000001,"Depth_Class":"2 - 3 m","District":"Madinat Al Aamal (Business City)"}},{"type":"Feature","id":2246,"geometry":{"type":"Point","coordinates":[411271.69400000013,2922364.023]},"properties":{"OBJECTID":2246,"Zone":"ZONE K","STRCTDPTH":2.532,"ELEV_GND":7.7350000000000003,"ELEV_INV":5.2030000000000003,"LABEL":"K-MH-64-11","Inastallation_Status":4,"X":411271.69400000013,"Y":2922364.023,"Depth_Class":"2 - 3 m","District":"Madinat Al Aamal (Business City)"}},{"type":"Feature","id":2247,"geometry":{"type":"Point","coordinates":[411242.79899999965,2922380.682]},"properties":{"OBJECTID":2247,"Zone":"ZONE K","STRCTDPTH":2.524,"ELEV_GND":7.7859999999999996,"ELEV_INV":5.2619999999999996,"LABEL":"K-MH-64-12","Inastallation_Status":4,"X":411242.79899999965,"Y":2922380.682,"Depth_Class":"2 - 3 m","District":"Madinat Al Aamal (Business City)"}},{"type":"Feature","id":2248,"geometry":{"type":"Point","coordinates":[411213.08000000007,2922398.0639999993]},"properties":{"OBJECTID":2248,"Zone":"ZONE K","STRCTDPTH":2.6260000000000003,"ELEV_GND":7.9480000000000004,"ELEV_INV":5.3220000000000001,"LABEL":"K-MH-64-13","Inastallation_Status":4,"X":411213.08000000007,"Y":2922398.0639999993,"Depth_Class":"2 - 3 m","District":"Madinat Al Aamal (Business City)"}},{"type":"Feature","id":2249,"geometry":{"type":"Point","coordinates":[411185.88100000005,2922413.3770000003]},"properties":{"OBJECTID":2249,"Zone":"ZONE K","STRCTDPTH":2.774,"ELEV_GND":8.1500000000000004,"ELEV_INV":5.3760000000000003,"LABEL":"K-MH-64-14","Inastallation_Status":4,"X":411185.88100000005,"Y":2922413.3770000003,"Depth_Class":"2 - 3 m","District":"Madinat Al Aamal (Business City)"}},{"type":"Feature","id":2250,"geometry":{"type":"Point","coordinates":[411170.06799999997,2922421.4159999993]},"properties":{"OBJECTID":2250,"Zone":"ZONE K","STRCTDPTH":2.6620000000000008,"ELEV_GND":8.0690000000000008,"ELEV_INV":5.407,"LABEL":"K-MH-64-15","Inastallation_Status":4,"X":411170.06799999997,"Y":2922421.4159999993,"Depth_Class":"2 - 3 m","District":"Madinat Al Aamal (Business City)"}},{"type":"Feature","id":2251,"geometry":{"type":"Point","coordinates":[411100.35900000017,2922424.5960000008]},"properties":{"OBJECTID":2251,"Zone":"ZONE K","STRCTDPTH":2.4289999999999994,"ELEV_GND":7.9589999999999996,"ELEV_INV":5.5300000000000002,"LABEL":"K-MH-64-16","Inastallation_Status":4,"X":411100.35900000017,"Y":2922424.5960000008,"Depth_Class":"2 - 3 m","District":"Madinat Al Aamal (Business City)"}},{"type":"Feature","id":2252,"geometry":{"type":"Point","coordinates":[411098.76699999999,2922384.7540000007]},"properties":{"OBJECTID":2252,"Zone":"ZONE K","STRCTDPTH":2.4320000000000004,"ELEV_GND":8.0310000000000006,"ELEV_INV":5.5990000000000002,"LABEL":"K-MH-64-17","Inastallation_Status":4,"X":411098.76699999999,"Y":2922384.7540000007,"Depth_Class":"2 - 3 m","District":"Madinat Al Aamal (Business City)"}},{"type":"Feature","id":2253,"geometry":{"type":"Point","coordinates":[411096.98300000001,2922340.3210000005]},"properties":{"OBJECTID":2253,"Zone":"ZONE K","STRCTDPTH":2.5560000000000009,"ELEV_GND":8.2330000000000005,"ELEV_INV":5.6769999999999996,"LABEL":"K-MH-64-18","Inastallation_Status":4,"X":411096.98300000001,"Y":2922340.3210000005,"Depth_Class":"2 - 3 m","District":"Madinat Al Aamal (Business City)"}},{"type":"Feature","id":2254,"geometry":{"type":"Point","coordinates":[411160.89699999988,2922330.5720000006]},"properties":{"OBJECTID":2254,"Zone":"ZONE K","STRCTDPTH":2.2640000000000002,"ELEV_GND":8.2460000000000004,"ELEV_INV":5.9820000000000002,"LABEL":"K-MH-64-18-1","Inastallation_Status":4,"X":411160.89699999988,"Y":2922330.5720000006,"Depth_Class":"2 - 3 m","District":"Madinat Al Aamal (Business City)"}},{"type":"Feature","id":2255,"geometry":{"type":"Point","coordinates":[411214.35199999996,2922306.3890000004]},"properties":{"OBJECTID":2255,"Zone":"ZONE K","STRCTDPTH":2.8279999999999994,"ELEV_GND":8.9979999999999993,"ELEV_INV":6.1699999999999999,"LABEL":"K-MH-64-18-2","Inastallation_Status":4,"X":411214.35199999996,"Y":2922306.3890000004,"Depth_Class":"2 - 3 m","District":"Madinat Al Aamal (Business City)"}},{"type":"Feature","id":2256,"geometry":{"type":"Point","coordinates":[411264.94900000002,2922277.8680000007]},"properties":{"OBJECTID":2256,"Zone":"ZONE K","STRCTDPTH":2.1999999999999993,"ELEV_GND":8.5559999999999992,"ELEV_INV":6.3559999999999999,"LABEL":"K-MH-64-18-3","Inastallation_Status":4,"X":411264.94900000002,"Y":2922277.8680000007,"Depth_Class":"2 - 3 m","District":"Madinat Al Aamal (Business City)"}},{"type":"Feature","id":2257,"geometry":{"type":"Point","coordinates":[411094.54800000042,2922276.4039999992]},"properties":{"OBJECTID":2257,"Zone":"ZONE K","STRCTDPTH":2.2499999999999991,"ELEV_GND":8.8149999999999995,"ELEV_INV":6.5650000000000004,"LABEL":"K-MH-64-19","Inastallation_Status":4,"X":411094.54800000042,"Y":2922276.4039999992,"Depth_Class":"2 - 3 m","District":"Madinat Al Aamal (Business City)"}},{"type":"Feature","id":2258,"geometry":{"type":"Point","coordinates":[411146.09100000001,2922259.4440000001]},"properties":{"OBJECTID":2258,"Zone":"ZONE K","STRCTDPTH":2.0040000000000004,"ELEV_GND":8.8580000000000005,"ELEV_INV":6.8540000000000001,"LABEL":"K-MH-64-19-1","Inastallation_Status":4,"X":411146.09100000001,"Y":2922259.4440000001,"Depth_Class":"2 - 3 m","District":"Madinat Al Aamal (Business City)"}},{"type":"Feature","id":2259,"geometry":{"type":"Point","coordinates":[411198.14499999955,2922242.9079999998]},"properties":{"OBJECTID":2259,"Zone":"ZONE K","STRCTDPTH":1.7650000000000006,"ELEV_GND":8.7940000000000005,"ELEV_INV":7.0289999999999999,"LABEL":"K-MH-64-19-2","Inastallation_Status":4,"X":411198.14499999955,"Y":2922242.9079999998,"Depth_Class":"1 - 2 m","District":"Madinat Al Aamal (Business City)"}},{"type":"Feature","id":2260,"geometry":{"type":"Point","coordinates":[411183.17870000005,2922213.7190000005]},"properties":{"OBJECTID":2260,"Zone":"ZONE K","STRCTDPTH":2.129999999999999,"ELEV_GND":9.2639999999999993,"ELEV_INV":7.1340000000000003,"LABEL":"K-MH-64-19-2-1","Inastallation_Status":4,"X":411183.17870000005,"Y":2922213.7190000005,"Depth_Class":"2 - 3 m","District":"Madinat Al Aamal (Business City)"}},{"type":"Feature","id":2261,"geometry":{"type":"Point","coordinates":[411160.64099999983,2922175.6940000001]},"properties":{"OBJECTID":2261,"Zone":"ZONE K","STRCTDPTH":2.1960000000000006,"ELEV_GND":9.8360000000000003,"ELEV_INV":7.6399999999999997,"LABEL":"K-MH-64-19-2-2","Inastallation_Status":4,"X":411160.64099999983,"Y":2922175.6940000001,"Depth_Class":"2 - 3 m","District":"Madinat Al Aamal (Business City)"}},{"type":"Feature","id":2262,"geometry":{"type":"Point","coordinates":[411130.82699999958,2922123.932]},"properties":{"OBJECTID":2262,"Zone":"ZONE K","STRCTDPTH":2.7469999999999999,"ELEV_GND":11.009,"ELEV_INV":8.2620000000000005,"LABEL":"K-MH-64-19-2-3","Inastallation_Status":4,"X":411130.82699999958,"Y":2922123.932,"Depth_Class":"2 - 3 m","District":"Madinat Al Aamal (Business City)"}},{"type":"Feature","id":2263,"geometry":{"type":"Point","coordinates":[411226.97520000022,2922224.6195999999]},"properties":{"OBJECTID":2263,"Zone":"ZONE K","STRCTDPTH":2.3480000000000008,"ELEV_GND":9.4860000000000007,"ELEV_INV":7.1379999999999999,"LABEL":"K-MH-64-19-3","Inastallation_Status":4,"X":411226.97520000022,"Y":2922224.6195999999,"Depth_Class":"2 - 3 m","District":"Madinat Al Aamal (Business City)"}},{"type":"Feature","id":2264,"geometry":{"type":"Point","coordinates":[411256.5120000001,2922207.1659999993]},"properties":{"OBJECTID":2264,"Zone":"ZONE K","STRCTDPTH":2.3129999999999997,"ELEV_GND":10.144,"ELEV_INV":7.8310000000000004,"LABEL":"K-MH-64-19-4","Inastallation_Status":4,"X":411256.5120000001,"Y":2922207.1659999993,"Depth_Class":"2 - 3 m","District":"Madinat Al Aamal (Business City)"}},{"type":"Feature","id":2265,"geometry":{"type":"Point","coordinates":[411236.08829999994,2922172.4061999992]},"properties":{"OBJECTID":2265,"Zone":"ZONE K","STRCTDPTH":2.3560000000000016,"ELEV_GND":10.864000000000001,"ELEV_INV":8.5079999999999991,"LABEL":"K-MH-64-19-5","Inastallation_Status":4,"X":411236.08829999994,"Y":2922172.4061999992,"Depth_Class":"2 - 3 m","District":"Madinat Al Aamal (Business City)"}},{"type":"Feature","id":2266,"geometry":{"type":"Point","coordinates":[411211.32120000012,2922126.3298000004]},"properties":{"OBJECTID":2266,"Zone":"ZONE K","STRCTDPTH":2.5259999999999998,"ELEV_GND":11.792999999999999,"ELEV_INV":9.2669999999999995,"LABEL":"K-MH-64-19-6","Inastallation_Status":4,"X":411211.32120000012,"Y":2922126.3298000004,"Depth_Class":"2 - 3 m","District":"Madinat Al Aamal (Business City)"}},{"type":"Feature","id":2267,"geometry":{"type":"Point","coordinates":[411561.23199999984,2922196.6720000003]},"properties":{"OBJECTID":2267,"Zone":"ZONE K","STRCTDPTH":5.9199999999999999,"ELEV_GND":9.2959999999999994,"ELEV_INV":3.3759999999999999,"LABEL":"K-MH-64-2","Inastallation_Status":1,"X":411561.23199999984,"Y":2922196.6720000003,"Depth_Class":"5 - 6 m","District":"Al Shifa (Abdullah Al Fouad)"}},{"type":"Feature","id":2268,"geometry":{"type":"Point","coordinates":[411091.13360000029,2922253.8789000008]},"properties":{"OBJECTID":2268,"Zone":"ZONE K","STRCTDPTH":2.1420000000000003,"ELEV_GND":9.1880000000000006,"ELEV_INV":7.0460000000000003,"LABEL":"K-MH-64-20","Inastallation_Status":4,"X":411091.13360000029,"Y":2922253.8789000008,"Depth_Class":"2 - 3 m","District":"Madinat Al Aamal (Business City)"}},{"type":"Feature","id":2269,"geometry":{"type":"Point","coordinates":[411082.10080000013,2922215.9060999993]},"properties":{"OBJECTID":2269,"Zone":"ZONE K","STRCTDPTH":2.0899999999999999,"ELEV_GND":9.6379999999999999,"ELEV_INV":7.548,"LABEL":"K-MH-64-20-1","Inastallation_Status":4,"X":411082.10080000013,"Y":2922215.9060999993,"Depth_Class":"2 - 3 m","District":"Madinat Al Aamal (Business City)"}},{"type":"Feature","id":2270,"geometry":{"type":"Point","coordinates":[411142.56599999964,2922196.2970000003]},"properties":{"OBJECTID":2270,"Zone":"ZONE K","STRCTDPTH":1.7650000000000006,"ELEV_GND":9.6530000000000005,"ELEV_INV":7.8879999999999999,"LABEL":"K-MH-64-20-2","Inastallation_Status":4,"X":411142.56599999964,"Y":2922196.2970000003,"Depth_Class":"1 - 2 m","District":"Madinat Al Aamal (Business City)"}},{"type":"Feature","id":2271,"geometry":{"type":"Point","coordinates":[411064.05599999987,2922150.5659999996]},"properties":{"OBJECTID":2271,"Zone":"ZONE K","STRCTDPTH":3.3000000000000007,"ELEV_GND":11.390000000000001,"ELEV_INV":8.0899999999999999,"LABEL":"K-MH-64-20-3","Inastallation_Status":4,"X":411064.05599999987,"Y":2922150.5659999996,"Depth_Class":"3 - 4 m","District":"Madinat Al Aamal (Business City)"}},{"type":"Feature","id":2272,"geometry":{"type":"Point","coordinates":[411076.34350000042,2922253.8789000008]},"properties":{"OBJECTID":2272,"Zone":"ZONE K","STRCTDPTH":1.8019999999999996,"ELEV_GND":9.2729999999999997,"ELEV_INV":7.4710000000000001,"LABEL":"K-MH-64-21","Inastallation_Status":4,"X":411076.34350000042,"Y":2922253.8789000008,"Depth_Class":"1 - 2 m","District":"Al Moraykibat"}},{"type":"Feature","id":2273,"geometry":{"type":"Point","coordinates":[411063.15799999982,2922205.5150000006]},"properties":{"OBJECTID":2273,"Zone":"ZONE K","STRCTDPTH":2.4790000000000001,"ELEV_GND":10.148,"ELEV_INV":7.6689999999999996,"LABEL":"K-MH-64-21-1","Inastallation_Status":4,"X":411063.15799999982,"Y":2922205.5150000006,"Depth_Class":"2 - 3 m","District":"Al Moraykibat"}},{"type":"Feature","id":2274,"geometry":{"type":"Point","coordinates":[411051.0773,2922169.7346000001]},"properties":{"OBJECTID":2274,"Zone":"ZONE K","STRCTDPTH":2.5960000000000001,"ELEV_GND":11.1,"ELEV_INV":8.5039999999999996,"LABEL":"K-MH-64-21-2","Inastallation_Status":4,"X":411051.0773,"Y":2922169.7346000001,"Depth_Class":"2 - 3 m","District":"Al Moraykibat"}},{"type":"Feature","id":2275,"geometry":{"type":"Point","coordinates":[411011.69199999981,2922252.6889999993]},"properties":{"OBJECTID":2275,"Zone":"ZONE K","STRCTDPTH":2.6050000000000004,"ELEV_GND":10.32,"ELEV_INV":7.7149999999999999,"LABEL":"K-MH-64-22","Inastallation_Status":4,"X":411011.69199999981,"Y":2922252.6889999993,"Depth_Class":"2 - 3 m","District":"Al Moraykibat"}},{"type":"Feature","id":2276,"geometry":{"type":"Point","coordinates":[410982.83499999996,2922253.4124999996]},"properties":{"OBJECTID":2276,"Zone":"ZONE K","STRCTDPTH":2.2159999999999993,"ELEV_GND":10.863,"ELEV_INV":8.6470000000000002,"LABEL":"K-MH-64-22-1","Inastallation_Status":4,"X":410982.83499999996,"Y":2922253.4124999996,"Depth_Class":"2 - 3 m","District":"Al Moraykibat"}},{"type":"Feature","id":2277,"geometry":{"type":"Point","coordinates":[410915.39960000012,2922253.3462000005]},"properties":{"OBJECTID":2277,"Zone":"ZONE K","STRCTDPTH":2.8389999999999986,"ELEV_GND":12.151999999999999,"ELEV_INV":9.3130000000000006,"LABEL":"K-MH-64-22-2","Inastallation_Status":4,"X":410915.39960000012,"Y":2922253.3462000005,"Depth_Class":"2 - 3 m","District":"Al Moraykibat"}},{"type":"Feature","id":2278,"geometry":{"type":"Point","coordinates":[410997.74299999978,2922209.3570000008]},"properties":{"OBJECTID":2278,"Zone":"ZONE K","STRCTDPTH":2.5169999999999995,"ELEV_GND":11.218,"ELEV_INV":8.7010000000000005,"LABEL":"K-MH-64-23","Inastallation_Status":4,"X":410997.74299999978,"Y":2922209.3570000008,"Depth_Class":"2 - 3 m","District":"Al Moraykibat"}},{"type":"Feature","id":2279,"geometry":{"type":"Point","coordinates":[410985.15799999982,2922168.9189999998]},"properties":{"OBJECTID":2279,"Zone":"ZONE K","STRCTDPTH":2.4969999999999999,"ELEV_GND":12.086,"ELEV_INV":9.5890000000000004,"LABEL":"K-MH-64-24","Inastallation_Status":4,"X":410985.15799999982,"Y":2922168.9189999998,"Depth_Class":"2 - 3 m","District":"Al Moraykibat"}},{"type":"Feature","id":2280,"geometry":{"type":"Point","coordinates":[410948.07199999969,2922186.9619999994]},"properties":{"OBJECTID":2280,"Zone":"ZONE K","STRCTDPTH":2.136000000000001,"ELEV_GND":12.589,"ELEV_INV":10.452999999999999,"LABEL":"K-MH-64-25","Inastallation_Status":4,"X":410948.07199999969,"Y":2922186.9619999994,"Depth_Class":"2 - 3 m","District":"Al Moraykibat"}},{"type":"Feature","id":2281,"geometry":{"type":"Point","coordinates":[410900.89800000004,2922210.2420000006]},"properties":{"OBJECTID":2281,"Zone":"ZONE K","STRCTDPTH":2.3899999999999988,"ELEV_GND":13.382,"ELEV_INV":10.992000000000001,"LABEL":"K-MH-64-26","Inastallation_Status":4,"X":410900.89800000004,"Y":2922210.2420000006,"Depth_Class":"2 - 3 m","District":"Al Moraykibat"}},{"type":"Feature","id":2282,"geometry":{"type":"Point","coordinates":[410858.12600000016,2922232.2620000001]},"properties":{"OBJECTID":2282,"Zone":"ZONE K","STRCTDPTH":2.2799999999999994,"ELEV_GND":14.051,"ELEV_INV":11.771000000000001,"LABEL":"K-MH-64-27","Inastallation_Status":4,"X":410858.12600000016,"Y":2922232.2620000001,"Depth_Class":"2 - 3 m","District":"Al Moraykibat"}},{"type":"Feature","id":2283,"geometry":{"type":"Point","coordinates":[410816.69170000032,2922258.3599999994]},"properties":{"OBJECTID":2283,"Zone":"ZONE K","STRCTDPTH":2.359,"ELEV_GND":14.802,"ELEV_INV":12.443,"LABEL":"K-MH-64-28","Inastallation_Status":4,"X":410816.69170000032,"Y":2922258.3599999994,"Depth_Class":"2 - 3 m","District":"Al Moraykibat"}},{"type":"Feature","id":2284,"geometry":{"type":"Point","coordinates":[411525.16899999976,2922217.4360000007]},"properties":{"OBJECTID":2284,"Zone":"ZONE K","STRCTDPTH":5.5489999999999995,"ELEV_GND":9.0289999999999999,"ELEV_INV":3.48,"LABEL":"K-MH-64-3","Inastallation_Status":1,"X":411525.16899999976,"Y":2922217.4360000007,"Depth_Class":"5 - 6 m","District":"Al Shifa (Abdullah Al Fouad)"}},{"type":"Feature","id":2285,"geometry":{"type":"Point","coordinates":[411488.45500000007,2922238.7670000009]},"properties":{"OBJECTID":2285,"Zone":"ZONE K","STRCTDPTH":5.3149999999999995,"ELEV_GND":8.9009999999999998,"ELEV_INV":3.5859999999999999,"LABEL":"K-MH-64-4","Inastallation_Status":1,"X":411488.45500000007,"Y":2922238.7670000009,"Depth_Class":"5 - 6 m","District":"Al Shifa (Abdullah Al Fouad)"}},{"type":"Feature","id":2286,"geometry":{"type":"Point","coordinates":[411450.55399999954,2922260.7009999994]},"properties":{"OBJECTID":2286,"Zone":"ZONE K","STRCTDPTH":4.9050000000000011,"ELEV_GND":8.6010000000000009,"ELEV_INV":3.6960000000000002,"LABEL":"K-MH-64-5","Inastallation_Status":1,"X":411450.55399999954,"Y":2922260.7009999994,"Depth_Class":"4 - 5 m","District":"Al Shifa (Abdullah Al Fouad)"}},{"type":"Feature","id":2287,"geometry":{"type":"Point","coordinates":[411413.47699999996,2922282.1490000002]},"properties":{"OBJECTID":2287,"Zone":"ZONE K","STRCTDPTH":4.5379999999999994,"ELEV_GND":8.3409999999999993,"ELEV_INV":3.8029999999999999,"LABEL":"K-MH-64-6","Inastallation_Status":1,"X":411413.47699999996,"Y":2922282.1490000002,"Depth_Class":"4 - 5 m","District":"Al Shifa (Abdullah Al Fouad)"}},{"type":"Feature","id":2288,"geometry":{"type":"Point","coordinates":[411377.10800000001,2922303.2559999991]},"properties":{"OBJECTID":2288,"Zone":"ZONE K","STRCTDPTH":4.3010000000000002,"ELEV_GND":8.2089999999999996,"ELEV_INV":3.9079999999999999,"LABEL":"K-MH-64-7","Inastallation_Status":1,"X":411377.10800000001,"Y":2922303.2559999991,"Depth_Class":"4 - 5 m","District":"Al Shifa (Abdullah Al Fouad)"}},{"type":"Feature","id":2289,"geometry":{"type":"Point","coordinates":[411343.18699999992,2922323.1119999997]},"properties":{"OBJECTID":2289,"Zone":"ZONE K","STRCTDPTH":4.0440000000000005,"ELEV_GND":8.0500000000000007,"ELEV_INV":4.0060000000000002,"LABEL":"K-MH-64-8","Inastallation_Status":4,"X":411343.18699999992,"Y":2922323.1119999997,"Depth_Class":"4 - 5 m","District":"Al Shifa (Abdullah Al Fouad)"}},{"type":"Feature","id":2290,"geometry":{"type":"Point","coordinates":[411325.76009999961,2922332.0078999996]},"properties":{"OBJECTID":2290,"Zone":"ZONE K","STRCTDPTH":3.2910000000000004,"ELEV_GND":8.3840000000000003,"ELEV_INV":5.093,"LABEL":"K-MH-64-9","Inastallation_Status":4,"X":411325.76009999961,"Y":2922332.0078999996,"Depth_Class":"3 - 4 m","District":"Madinat Al Aamal (Business City)"}},{"type":"Feature","id":2291,"geometry":{"type":"Point","coordinates":[411674.53100000042,2922120.2530000005]},"properties":{"OBJECTID":2291,"Zone":"ZONE K","STRCTDPTH":4.5069999999999997,"ELEV_GND":9.9559999999999995,"ELEV_INV":5.4489999999999998,"LABEL":"K-MH-65","Inastallation_Status":4,"X":411674.53100000042,"Y":2922120.2530000005,"Depth_Class":"4 - 5 m","District":"Al Shifa (Abdullah Al Fouad)"}},{"type":"Feature","id":2292,"geometry":{"type":"Point","coordinates":[411713.47800000012,2922097.6219999995]},"properties":{"OBJECTID":2292,"Zone":"ZONE K","STRCTDPTH":4.1620000000000008,"ELEV_GND":9.8030000000000008,"ELEV_INV":5.641,"LABEL":"K-MH-66","Inastallation_Status":4,"X":411713.47800000012,"Y":2922097.6219999995,"Depth_Class":"4 - 5 m","District":"Al Shifa (Abdullah Al Fouad)"}},{"type":"Feature","id":2293,"geometry":{"type":"Point","coordinates":[411761.48199999984,2922070.0109999999]},"properties":{"OBJECTID":2293,"Zone":"ZONE K","STRCTDPTH":3.6639999999999988,"ELEV_GND":9.5399999999999991,"ELEV_INV":5.8760000000000003,"LABEL":"K-MH-67","Inastallation_Status":4,"X":411761.48199999984,"Y":2922070.0109999999,"Depth_Class":"3 - 4 m","District":"Al Shifa (Abdullah Al Fouad)"}},{"type":"Feature","id":2294,"geometry":{"type":"Point","coordinates":[411806.71300000045,2922043.6620000005]},"properties":{"OBJECTID":2294,"Zone":"ZONE K","STRCTDPTH":3.3729999999999993,"ELEV_GND":9.4719999999999995,"ELEV_INV":6.0990000000000002,"LABEL":"K-MH-68","Inastallation_Status":4,"X":411806.71300000045,"Y":2922043.6620000005,"Depth_Class":"3 - 4 m","District":"Al Shifa (Abdullah Al Fouad)"}},{"type":"Feature","id":2295,"geometry":{"type":"Point","coordinates":[411857.92300000042,2922014.0199999996]},"properties":{"OBJECTID":2295,"Zone":"ZONE K","STRCTDPTH":3.3689999999999998,"ELEV_GND":9.7189999999999994,"ELEV_INV":6.3499999999999996,"LABEL":"K-MH-69","Inastallation_Status":4,"X":411857.92300000042,"Y":2922014.0199999996,"Depth_Class":"3 - 4 m","District":"Al Shifa (Abdullah Al Fouad)"}},{"type":"Feature","id":2296,"geometry":{"type":"Point","coordinates":[411917.04800000042,2921979.9759999998]},"properties":{"OBJECTID":2296,"Zone":"ZONE K","STRCTDPTH":3.3020000000000005,"ELEV_GND":9.9420000000000002,"ELEV_INV":6.6399999999999997,"LABEL":"K-MH-70","Inastallation_Status":4,"X":411917.04800000042,"Y":2921979.9759999998,"Depth_Class":"3 - 4 m","District":"Al Shifa (Abdullah Al Fouad)"}},{"type":"Feature","id":2297,"geometry":{"type":"Point","coordinates":[411981.35099999979,2921942.5370000005]},"properties":{"OBJECTID":2297,"Zone":"ZONE K","STRCTDPTH":3.1439999999999992,"ELEV_GND":10.1,"ELEV_INV":6.9560000000000004,"LABEL":"K-MH-71","Inastallation_Status":4,"X":411981.35099999979,"Y":2921942.5370000005,"Depth_Class":"3 - 4 m","District":"Al Shifa (Abdullah Al Fouad)"}},{"type":"Feature","id":2298,"geometry":{"type":"Point","coordinates":[412037.27799999993,2921909.9140000008]},"properties":{"OBJECTID":2298,"Zone":"ZONE K","STRCTDPTH":3.0600000000000005,"ELEV_GND":10.291,"ELEV_INV":7.2309999999999999,"LABEL":"K-MH-72","Inastallation_Status":4,"X":412037.27799999993,"Y":2921909.9140000008,"Depth_Class":"3 - 4 m","District":"Al Shifa (Abdullah Al Fouad)"}},{"type":"Feature","id":2299,"geometry":{"type":"Point","coordinates":[412082.83499999996,2921883.0950000007]},"properties":{"OBJECTID":2299,"Zone":"ZONE K","STRCTDPTH":2.9569999999999999,"ELEV_GND":10.413,"ELEV_INV":7.4560000000000004,"LABEL":"K-MH-73","Inastallation_Status":4,"X":412082.83499999996,"Y":2921883.0950000007,"Depth_Class":"2 - 3 m","District":"Al Shifa (Abdullah Al Fouad)"}},{"type":"Feature","id":2300,"geometry":{"type":"Point","coordinates":[412136.40600000042,2921852.2019999996]},"properties":{"OBJECTID":2300,"Zone":"ZONE K","STRCTDPTH":2.8600000000000003,"ELEV_GND":10.579000000000001,"ELEV_INV":7.7190000000000003,"LABEL":"K-MH-74","Inastallation_Status":4,"X":412136.40600000042,"Y":2921852.2019999996,"Depth_Class":"2 - 3 m","District":"Al Shifa (Abdullah Al Fouad)"}},{"type":"Feature","id":2301,"geometry":{"type":"Point","coordinates":[412189.62700000033,2921821.466]},"properties":{"OBJECTID":2301,"Zone":"ZONE K","STRCTDPTH":2.8300000000000001,"ELEV_GND":10.81,"ELEV_INV":7.9800000000000004,"LABEL":"K-MH-75","Inastallation_Status":4,"X":412189.62700000033,"Y":2921821.466,"Depth_Class":"2 - 3 m","District":"Al Shifa (Abdullah Al Fouad)"}},{"type":"Feature","id":2302,"geometry":{"type":"Point","coordinates":[412244.75729999971,2921787.9456999991]},"properties":{"OBJECTID":2302,"Zone":"ZONE K","STRCTDPTH":2.6180000000000003,"ELEV_GND":10.872,"ELEV_INV":8.2539999999999996,"LABEL":"K-MH-76","Inastallation_Status":4,"X":412244.75729999971,"Y":2921787.9456999991,"Depth_Class":"2 - 3 m","District":"Al Shifa (Abdullah Al Fouad)"}},{"type":"Feature","id":2303,"geometry":{"type":"Point","coordinates":[412292.57100000046,2921761.7219999991]},"properties":{"OBJECTID":2303,"Zone":"ZONE K","STRCTDPTH":2.6359999999999992,"ELEV_GND":11.122,"ELEV_INV":8.4860000000000007,"LABEL":"K-MH-77","Inastallation_Status":4,"X":412292.57100000046,"Y":2921761.7219999991,"Depth_Class":"2 - 3 m","District":"Al Shifa (Abdullah Al Fouad)"}},{"type":"Feature","id":2304,"geometry":{"type":"Point","coordinates":[412320.45100000035,2921745.6469999999]},"properties":{"OBJECTID":2304,"Zone":"ZONE K","STRCTDPTH":2.6000000000000014,"ELEV_GND":11.223000000000001,"ELEV_INV":8.6229999999999993,"LABEL":"K-MH-78","Inastallation_Status":4,"X":412320.45100000035,"Y":2921745.6469999999,"Depth_Class":"2 - 3 m","District":"Al Shifa (Abdullah Al Fouad)"}},{"type":"Feature","id":2305,"geometry":{"type":"Point","coordinates":[412383.00700000022,2921709.4499999993]},"properties":{"OBJECTID":2305,"Zone":"ZONE K","STRCTDPTH":2.5300000000000011,"ELEV_GND":11.460000000000001,"ELEV_INV":8.9299999999999997,"LABEL":"K-MH-79","Inastallation_Status":4,"X":412383.00700000022,"Y":2921709.4499999993,"Depth_Class":"2 - 3 m","District":"Al Shifa (Abdullah Al Fouad)"}},{"type":"Feature","id":2306,"geometry":{"type":"Point","coordinates":[412366.84100000001,2921681.2290000003]},"properties":{"OBJECTID":2306,"Zone":"ZONE K","STRCTDPTH":2.3640000000000008,"ELEV_GND":11.474,"ELEV_INV":9.1099999999999994,"LABEL":"K-MH-80","Inastallation_Status":4,"X":412366.84100000001,"Y":2921681.2290000003,"Depth_Class":"2 - 3 m","District":"Al Shifa (Abdullah Al Fouad)"}},{"type":"Feature","id":2307,"geometry":{"type":"Point","coordinates":[412345.52010000031,2921642.2006999999]},"properties":{"OBJECTID":2307,"Zone":"ZONE K","STRCTDPTH":2.3249999999999993,"ELEV_GND":11.612,"ELEV_INV":9.2870000000000008,"LABEL":"K-MH-81","Inastallation_Status":4,"X":412345.52010000031,"Y":2921642.2006999999,"Depth_Class":"2 - 3 m","District":"Al Shifa (Abdullah Al Fouad)"}},{"type":"Feature","id":2308,"geometry":{"type":"Point","coordinates":[412323.33100000024,2921606.3389999997]},"properties":{"OBJECTID":2308,"Zone":"ZONE K","STRCTDPTH":2.2729999999999997,"ELEV_GND":11.728999999999999,"ELEV_INV":9.4559999999999995,"LABEL":"K-MH-82","Inastallation_Status":4,"X":412323.33100000024,"Y":2921606.3389999997,"Depth_Class":"2 - 3 m","District":"Al Shifa (Abdullah Al Fouad)"}},{"type":"Feature","id":2309,"geometry":{"type":"Point","coordinates":[412293.00600000005,2921554.4879999999]},"properties":{"OBJECTID":2309,"Zone":"ZONE K","STRCTDPTH":2.202,"ELEV_GND":11.898,"ELEV_INV":9.6959999999999997,"LABEL":"K-MH-83","Inastallation_Status":4,"X":412293.00600000005,"Y":2921554.4879999999,"Depth_Class":"2 - 3 m","District":"Al Shifa (Abdullah Al Fouad)"}},{"type":"Feature","id":2310,"geometry":{"type":"Point","coordinates":[412265.59900000039,2921506.7200000007]},"properties":{"OBJECTID":2310,"Zone":"ZONE K","STRCTDPTH":2.1850000000000005,"ELEV_GND":12.102,"ELEV_INV":9.9169999999999998,"LABEL":"K-MH-84","Inastallation_Status":4,"X":412265.59900000039,"Y":2921506.7200000007,"Depth_Class":"2 - 3 m","District":"Al Shifa (Abdullah Al Fouad)"}},{"type":"Feature","id":2311,"geometry":{"type":"Point","coordinates":[412239.85800000001,2921462.0009000003]},"properties":{"OBJECTID":2311,"Zone":"ZONE K","STRCTDPTH":2.1280000000000001,"ELEV_GND":12.250999999999999,"ELEV_INV":10.122999999999999,"LABEL":"K-MH-85","Inastallation_Status":4,"X":412239.85800000001,"Y":2921462.0009000003,"Depth_Class":"2 - 3 m","District":"Al Shifa (Abdullah Al Fouad)"}},{"type":"Feature","id":2312,"geometry":{"type":"Point","coordinates":[412204.58299999963,2921401.6579999998]},"properties":{"OBJECTID":2312,"Zone":"ZONE K","STRCTDPTH":2.0499999999999989,"ELEV_GND":12.452999999999999,"ELEV_INV":10.403,"LABEL":"K-MH-86","Inastallation_Status":4,"X":412204.58299999963,"Y":2921401.6579999998,"Depth_Class":"2 - 3 m","District":"Al Shifa (Abdullah Al Fouad)"}},{"type":"Feature","id":2313,"geometry":{"type":"Point","coordinates":[412185.69400000013,2921369.8200000003]},"properties":{"OBJECTID":2313,"Zone":"ZONE K","STRCTDPTH":1.9870000000000001,"ELEV_GND":12.538,"ELEV_INV":10.551,"LABEL":"K-MH-86-1","Inastallation_Status":4,"X":412185.69400000013,"Y":2921369.8200000003,"Depth_Class":"1 - 2 m","District":"Al Shifa (Abdullah Al Fouad)"}},{"type":"Feature","id":2314,"geometry":{"type":"Point","coordinates":[412155.62799999956,2921317.8570000008]},"properties":{"OBJECTID":2314,"Zone":"ZONE K","STRCTDPTH":1.9469999999999992,"ELEV_GND":12.738,"ELEV_INV":10.791,"LABEL":"K-MH-86-2","Inastallation_Status":4,"X":412155.62799999956,"Y":2921317.8570000008,"Depth_Class":"1 - 2 m","District":"Al Shifa (Abdullah Al Fouad)"}},{"type":"Feature","id":2315,"geometry":{"type":"Point","coordinates":[412126.23599999957,2921267.0989999995]},"properties":{"OBJECTID":2315,"Zone":"ZONE K","STRCTDPTH":1.9559999999999995,"ELEV_GND":12.981,"ELEV_INV":11.025,"LABEL":"K-MH-86-3","Inastallation_Status":4,"X":412126.23599999957,"Y":2921267.0989999995,"Depth_Class":"1 - 2 m","District":"Al Shifa (Abdullah Al Fouad)"}},{"type":"Feature","id":2316,"geometry":{"type":"Point","coordinates":[412088.26080000028,2921209.3718999997]},"properties":{"OBJECTID":2316,"Zone":"ZONE K","STRCTDPTH":2.1769999999999996,"ELEV_GND":13.487,"ELEV_INV":11.31,"LABEL":"K-MH-86-4","Inastallation_Status":4,"X":412088.26080000028,"Y":2921209.3718999997,"Depth_Class":"2 - 3 m","District":"Al Shifa (Abdullah Al Fouad)"}},{"type":"Feature","id":2317,"geometry":{"type":"Point","coordinates":[412061.58600000013,2921154.7939999998]},"properties":{"OBJECTID":2317,"Zone":"ZONE K","STRCTDPTH":2.2219999999999995,"ELEV_GND":14.004,"ELEV_INV":11.782,"LABEL":"K-MH-86-5","Inastallation_Status":4,"X":412061.58600000013,"Y":2921154.7939999998,"Depth_Class":"2 - 3 m","District":"Al Shifa (Abdullah Al Fouad)"}},{"type":"Feature","id":2318,"geometry":{"type":"Point","coordinates":[412025.7379999999,2921095.0094000008]},"properties":{"OBJECTID":2318,"Zone":"ZONE K","STRCTDPTH":2.0099999999999998,"ELEV_GND":14.395,"ELEV_INV":12.385,"LABEL":"K-MH-86-6","Inastallation_Status":4,"X":412025.7379999999,"Y":2921095.0094000008,"Depth_Class":"2 - 3 m","District":"Al Shifa (Abdullah Al Fouad)"}},{"type":"Feature","id":2319,"geometry":{"type":"Point","coordinates":[412266.87440000009,2921364.1062000003]},"properties":{"OBJECTID":2319,"Zone":"ZONE K","STRCTDPTH":2.2620000000000005,"ELEV_GND":12.893000000000001,"ELEV_INV":10.631,"LABEL":"K-MH-87","Inastallation_Status":4,"X":412266.87440000009,"Y":2921364.1062000003,"Depth_Class":"2 - 3 m","District":"Al Shifa (Abdullah Al Fouad)"}},{"type":"Feature","id":2320,"geometry":{"type":"Point","coordinates":[412236.40899999999,2921301.9949999992]},"properties":{"OBJECTID":2320,"Zone":"ZONE K","STRCTDPTH":2.1549999999999994,"ELEV_GND":13.282999999999999,"ELEV_INV":11.128,"LABEL":"K-MH-88","Inastallation_Status":4,"X":412236.40899999999,"Y":2921301.9949999992,"Depth_Class":"2 - 3 m","District":"Al Shifa (Abdullah Al Fouad)"}},{"type":"Feature","id":2321,"geometry":{"type":"Point","coordinates":[412290.37000000011,2921271.0700000003]},"properties":{"OBJECTID":2321,"Zone":"ZONE K","STRCTDPTH":2.161999999999999,"ELEV_GND":13.667999999999999,"ELEV_INV":11.506,"LABEL":"K-MH-89","Inastallation_Status":4,"X":412290.37000000011,"Y":2921271.0700000003,"Depth_Class":"2 - 3 m","District":"Al Shifa (Abdullah Al Fouad)"}},{"type":"Feature","id":2322,"geometry":{"type":"Point","coordinates":[412350.82699999958,2921235.8450000007]},"properties":{"OBJECTID":2322,"Zone":"ZONE K","STRCTDPTH":2.1270000000000007,"ELEV_GND":14.031000000000001,"ELEV_INV":11.904,"LABEL":"K-MH-90","Inastallation_Status":4,"X":412350.82699999958,"Y":2921235.8450000007,"Depth_Class":"2 - 3 m","District":"Al Shifa (Abdullah Al Fouad)"}},{"type":"Feature","id":2323,"geometry":{"type":"Point","coordinates":[412393.37729999982,2921209.4357999992]},"properties":{"OBJECTID":2323,"Zone":"ZONE K","STRCTDPTH":2.0240000000000009,"ELEV_GND":14.256,"ELEV_INV":12.231999999999999,"LABEL":"K-MH-91","Inastallation_Status":4,"X":412393.37729999982,"Y":2921209.4357999992,"Depth_Class":"2 - 3 m","District":"Al Shifa (Abdullah Al Fouad)"}},{"type":"Feature","id":2324,"geometry":{"type":"Point","coordinates":[412461.18499999959,2921171.9979999997]},"properties":{"OBJECTID":2324,"Zone":"ZONE K","STRCTDPTH":2.1479999999999997,"ELEV_GND":14.77,"ELEV_INV":12.622,"LABEL":"K-MH-92","Inastallation_Status":4,"X":412461.18499999959,"Y":2921171.9979999997,"Depth_Class":"2 - 3 m","District":"Al Shifa (Abdullah Al Fouad)"}},{"type":"Feature","id":2325,"geometry":{"type":"Point","coordinates":[412526.12100000028,2921134.5730000008]},"properties":{"OBJECTID":2325,"Zone":"ZONE K","STRCTDPTH":2.0589999999999993,"ELEV_GND":15.189,"ELEV_INV":13.130000000000001,"LABEL":"K-MH-93","Inastallation_Status":4,"X":412526.12100000028,"Y":2921134.5730000008,"Depth_Class":"2 - 3 m","District":"Al Shifa (Abdullah Al Fouad)"}},{"type":"Feature","id":2326,"geometry":{"type":"Point","coordinates":[412582.3459999999,2921102.1840000004]},"properties":{"OBJECTID":2326,"Zone":"ZONE K","STRCTDPTH":1.9660000000000011,"ELEV_GND":15.49,"ELEV_INV":13.523999999999999,"LABEL":"K-MH-94","Inastallation_Status":4,"X":412582.3459999999,"Y":2921102.1840000004,"Depth_Class":"1 - 2 m","District":"Al Shifa (Abdullah Al Fouad)"}},{"type":"Feature","id":2327,"geometry":{"type":"Point","coordinates":[412636.18159999978,2921070.9121000003]},"properties":{"OBJECTID":2327,"Zone":"ZONE K","STRCTDPTH":1.8499999999999996,"ELEV_GND":15.667999999999999,"ELEV_INV":13.818,"LABEL":"K-MH-95","Inastallation_Status":4,"X":412636.18159999978,"Y":2921070.9121000003,"Depth_Class":"1 - 2 m","District":"Al Shifa (Abdullah Al Fouad)"}},{"type":"Feature","id":2328,"geometry":{"type":"Point","coordinates":[411526.32799999975,2922684.4727999996]},"properties":{"OBJECTID":2328,"Zone":"ZONE K","STRCTDPTH":3.0909999999999997,"ELEV_GND":6.7939999999999996,"ELEV_INV":3.7029999999999998,"LABEL":"K-MH-96","Inastallation_Status":1,"X":411526.32799999975,"Y":2922684.4727999996,"Depth_Class":"3 - 4 m","District":"Madinat Al Aamal (Business City)"}},{"type":"Feature","id":2329,"geometry":{"type":"Point","coordinates":[411491.57400000002,2922618.6171000004]},"properties":{"OBJECTID":2329,"Zone":"ZONE K","STRCTDPTH":3.028,"ELEV_GND":6.915,"ELEV_INV":3.887,"LABEL":"K-MH-97","Inastallation_Status":1,"X":411491.57400000002,"Y":2922618.6171000004,"Depth_Class":"3 - 4 m","District":"Madinat Al Aamal (Business City)"}},{"type":"Feature","id":2330,"geometry":{"type":"Point","coordinates":[411462.89099999983,2922635.5850000009]},"properties":{"OBJECTID":2330,"Zone":"ZONE K","STRCTDPTH":2.9430000000000001,"ELEV_GND":6.9130000000000003,"ELEV_INV":3.9700000000000002,"LABEL":"K-MH-98","Inastallation_Status":1,"X":411462.89099999983,"Y":2922635.5850000009,"Depth_Class":"2 - 3 m","District":"Madinat Al Aamal (Business City)"}},{"type":"Feature","id":2331,"geometry":{"type":"Point","coordinates":[411479.17499999981,2922662.8949999996]},"properties":{"OBJECTID":2331,"Zone":"ZONE K","STRCTDPTH":1.8170000000000002,"ELEV_GND":7.0670000000000002,"ELEV_INV":5.25,"LABEL":"K-MH-98-1","Inastallation_Status":1,"X":411479.17499999981,"Y":2922662.8949999996,"Depth_Class":"1 - 2 m","District":"Madinat Al Aamal (Business City)"}},{"type":"Feature","id":2332,"geometry":{"type":"Point","coordinates":[411301.85099999979,2922488.4790000003]},"properties":{"OBJECTID":2332,"Zone":"ZONE K","STRCTDPTH":2.0369999999999999,"ELEV_GND":7.7809999999999997,"ELEV_INV":5.7439999999999998,"LABEL":"K-MH-98-10","Inastallation_Status":1,"X":411301.85099999979,"Y":2922488.4790000003,"Depth_Class":"2 - 3 m","District":"Madinat Al Aamal (Business City)"}},{"type":"Feature","id":2333,"geometry":{"type":"Point","coordinates":[411218.39800000004,2922473.6280000005]},"properties":{"OBJECTID":2333,"Zone":"ZONE K","STRCTDPTH":1.8439999999999994,"ELEV_GND":7.6239999999999997,"ELEV_INV":5.7800000000000002,"LABEL":"K-MH-98-11","Inastallation_Status":1,"X":411218.39800000004,"Y":2922473.6280000005,"Depth_Class":"1 - 2 m","District":"Madinat Al Aamal (Business City)"}},{"type":"Feature","id":2334,"geometry":{"type":"Point","coordinates":[411249.7620000001,2922528.3780000005]},"properties":{"OBJECTID":2334,"Zone":"ZONE K","STRCTDPTH":1.7650000000000006,"ELEV_GND":7.8040000000000003,"ELEV_INV":6.0389999999999997,"LABEL":"K-MH-98-12","Inastallation_Status":1,"X":411249.7620000001,"Y":2922528.3780000005,"Depth_Class":"1 - 2 m","District":"Madinat Al Aamal (Business City)"}},{"type":"Feature","id":2335,"geometry":{"type":"Point","coordinates":[411431.09370000008,2922580.8106999993]},"properties":{"OBJECTID":2335,"Zone":"ZONE K","STRCTDPTH":2.548,"ELEV_GND":7.0679999999999996,"ELEV_INV":4.5199999999999996,"LABEL":"K-MH-98-2","Inastallation_Status":1,"X":411431.09370000008,"Y":2922580.8106999993,"Depth_Class":"2 - 3 m","District":"Madinat Al Aamal (Business City)"}},{"type":"Feature","id":2336,"geometry":{"type":"Point","coordinates":[411399.37700000033,2922525.8149999995]},"properties":{"OBJECTID":2336,"Zone":"ZONE K","STRCTDPTH":2.5010000000000003,"ELEV_GND":7.2240000000000002,"ELEV_INV":4.7229999999999999,"LABEL":"K-MH-98-3","Inastallation_Status":1,"X":411399.37700000033,"Y":2922525.8149999995,"Depth_Class":"2 - 3 m","District":"Madinat Al Aamal (Business City)"}},{"type":"Feature","id":2337,"geometry":{"type":"Point","coordinates":[411353.41299999971,2922447.0309999995]},"properties":{"OBJECTID":2337,"Zone":"ZONE K","STRCTDPTH":2.6590000000000007,"ELEV_GND":7.6740000000000004,"ELEV_INV":5.0149999999999997,"LABEL":"K-MH-98-4","Inastallation_Status":1,"X":411353.41299999971,"Y":2922447.0309999995,"Depth_Class":"2 - 3 m","District":"Madinat Al Aamal (Business City)"}},{"type":"Feature","id":2338,"geometry":{"type":"Point","coordinates":[411331.85199999996,2922410.6740000006]},"properties":{"OBJECTID":2338,"Zone":"ZONE K","STRCTDPTH":2.71,"ELEV_GND":7.8609999999999998,"ELEV_INV":5.1509999999999998,"LABEL":"K-MH-98-5","Inastallation_Status":1,"X":411331.85199999996,"Y":2922410.6740000006,"Depth_Class":"2 - 3 m","District":"Madinat Al Aamal (Business City)"}},{"type":"Feature","id":2339,"geometry":{"type":"Point","coordinates":[411314.82799999975,2922380.9299999997]},"properties":{"OBJECTID":2339,"Zone":"ZONE K","STRCTDPTH":2.6500000000000004,"ELEV_GND":7.9100000000000001,"ELEV_INV":5.2599999999999998,"LABEL":"K-MH-98-6","Inastallation_Status":1,"X":411314.82799999975,"Y":2922380.9299999997,"Depth_Class":"2 - 3 m","District":"Madinat Al Aamal (Business City)"}},{"type":"Feature","id":2340,"geometry":{"type":"Point","coordinates":[411286.88999999966,2922396.5510000009]},"properties":{"OBJECTID":2340,"Zone":"ZONE K","STRCTDPTH":2.0869999999999997,"ELEV_GND":7.4500000000000002,"ELEV_INV":5.3630000000000004,"LABEL":"K-MH-98-7","Inastallation_Status":1,"X":411286.88999999966,"Y":2922396.5510000009,"Depth_Class":"2 - 3 m","District":"Madinat Al Aamal (Business City)"}},{"type":"Feature","id":2341,"geometry":{"type":"Point","coordinates":[411231.09300000034,2922428.8809999991]},"properties":{"OBJECTID":2341,"Zone":"ZONE K","STRCTDPTH":1.8979999999999997,"ELEV_GND":7.7889999999999997,"ELEV_INV":5.891,"LABEL":"K-MH-98-7-1","Inastallation_Status":1,"X":411231.09300000034,"Y":2922428.8809999991,"Depth_Class":"1 - 2 m","District":"Madinat Al Aamal (Business City)"}},{"type":"Feature","id":2342,"geometry":{"type":"Point","coordinates":[411174.85360000003,2922459.9827999994]},"properties":{"OBJECTID":2342,"Zone":"ZONE K","STRCTDPTH":1.9039999999999999,"ELEV_GND":8.1340000000000003,"ELEV_INV":6.2300000000000004,"LABEL":"K-MH-98-7-2","Inastallation_Status":1,"X":411174.85360000003,"Y":2922459.9827999994,"Depth_Class":"1 - 2 m","District":"Madinat Al Aamal (Business City)"}},{"type":"Feature","id":2343,"geometry":{"type":"Point","coordinates":[411303.14199999999,2922424.6469999999]},"properties":{"OBJECTID":2343,"Zone":"ZONE K","STRCTDPTH":1.9750000000000005,"ELEV_GND":7.4420000000000002,"ELEV_INV":5.4669999999999996,"LABEL":"K-MH-98-8","Inastallation_Status":1,"X":411303.14199999999,"Y":2922424.6469999999,"Depth_Class":"1 - 2 m","District":"Madinat Al Aamal (Business City)"}},{"type":"Feature","id":2344,"geometry":{"type":"Point","coordinates":[411275.21800000034,2922440.9890000001]},"properties":{"OBJECTID":2344,"Zone":"ZONE K","STRCTDPTH":1.7649999999999997,"ELEV_GND":7.335,"ELEV_INV":5.5700000000000003,"LABEL":"K-MH-98-9","Inastallation_Status":1,"X":411275.21800000034,"Y":2922440.9890000001,"Depth_Class":"1 - 2 m","District":"Madinat Al Aamal (Business City)"}},{"type":"Feature","id":2345,"geometry":{"type":"Point","coordinates":[411406.91199999955,2922668.0950000007]},"properties":{"OBJECTID":2345,"Zone":"ZONE K","STRCTDPTH":2.9210000000000003,"ELEV_GND":7.0510000000000002,"ELEV_INV":4.1299999999999999,"LABEL":"K-MH-99","Inastallation_Status":1,"X":411406.91199999955,"Y":2922668.0950000007,"Depth_Class":"2 - 3 m","District":"Madinat Al Aamal (Business City)"}},{"type":"Feature","id":2346,"geometry":{"type":"Point","coordinates":[411372.38520000037,2922609.1193000004]},"properties":{"OBJECTID":2346,"Zone":"ZONE K","STRCTDPTH":1.7770000000000001,"ELEV_GND":7.258,"ELEV_INV":5.4809999999999999,"LABEL":"K-MH-99-1","Inastallation_Status":1,"X":411372.38520000037,"Y":2922609.1193000004,"Depth_Class":"1 - 2 m","District":"Madinat Al Aamal (Business City)"}},{"type":"Feature","id":2347,"geometry":{"type":"Point","coordinates":[411337.93300000019,2922550.1870000008]},"properties":{"OBJECTID":2347,"Zone":"ZONE K","STRCTDPTH":1.7650000000000006,"ELEV_GND":7.4640000000000004,"ELEV_INV":5.6989999999999998,"LABEL":"K-MH-99-2","Inastallation_Status":1,"X":411337.93300000019,"Y":2922550.1870000008,"Depth_Class":"1 - 2 m","District":"Madinat Al Aamal (Business City)"}},{"type":"Feature","id":2348,"geometry":{"type":"Point","coordinates":[411346.00899999961,2922545.2559999991]},"properties":{"OBJECTID":2348,"Zone":"ZONE K","STRCTDPTH":2.0460000000000003,"ELEV_GND":7.7750000000000004,"ELEV_INV":5.7290000000000001,"LABEL":"K-MH-99-3","Inastallation_Status":1,"X":411346.00899999961,"Y":2922545.2559999991,"Depth_Class":"2 - 3 m","District":"Madinat Al Aamal (Business City)"}},{"type":"Feature","id":2349,"geometry":{"type":"Point","coordinates":[411329.12399999984,2922554.7249999996]},"properties":{"OBJECTID":2349,"Zone":"ZONE K","STRCTDPTH":1.851,"ELEV_GND":7.5819999999999999,"ELEV_INV":5.7309999999999999,"LABEL":"K-MH-99-4","Inastallation_Status":1,"X":411329.12399999984,"Y":2922554.7249999996,"Depth_Class":"1 - 2 m","District":"Madinat Al Aamal (Business City)"}},{"type":"Feature","id":2350,"geometry":{"type":"Point","coordinates":[411349.15299999993,2922701.0439999998]},"properties":{"OBJECTID":2350,"Zone":"ZONE K","STRCTDPTH":2.7409999999999997,"ELEV_GND":7.133,"ELEV_INV":4.3920000000000003,"LABEL":"K-MH-100","Inastallation_Status":1,"X":411349.15299999993,"Y":2922701.0439999998,"Depth_Class":"2 - 3 m","District":"Madinat Al Aamal (Business City)"}},{"type":"Feature","id":2351,"geometry":{"type":"Point","coordinates":[411314.77390000038,2922641.8651999999]},"properties":{"OBJECTID":2351,"Zone":"ZONE K","STRCTDPTH":1.8029999999999999,"ELEV_GND":7.3899999999999997,"ELEV_INV":5.5869999999999997,"LABEL":"K-MH-100-1","Inastallation_Status":1,"X":411314.77390000038,"Y":2922641.8651999999,"Depth_Class":"1 - 2 m","District":"Madinat Al Aamal (Business City)"}},{"type":"Feature","id":2352,"geometry":{"type":"Point","coordinates":[411280.65299999993,2922582.9169999994]},"properties":{"OBJECTID":2352,"Zone":"ZONE K","STRCTDPTH":1.8029999999999999,"ELEV_GND":7.6459999999999999,"ELEV_INV":5.843,"LABEL":"K-MH-100-2","Inastallation_Status":1,"X":411280.65299999993,"Y":2922582.9169999994,"Depth_Class":"1 - 2 m","District":"Madinat Al Aamal (Business City)"}},{"type":"Feature","id":2353,"geometry":{"type":"Point","coordinates":[411362.13540000003,2922728.1284999996]},"properties":{"OBJECTID":2353,"Zone":"ZONE K","STRCTDPTH":2.8079999999999998,"ELEV_GND":7.2960000000000003,"ELEV_INV":4.4880000000000004,"LABEL":"K-MH-101","Inastallation_Status":1,"X":411362.13540000003,"Y":2922728.1284999996,"Depth_Class":"2 - 3 m","District":"Madinat Al Aamal (Business City)"}},{"type":"Feature","id":2354,"geometry":{"type":"Point","coordinates":[411336.3618999999,2922745.3409000002]},"properties":{"OBJECTID":2354,"Zone":"ZONE K","STRCTDPTH":2.7760000000000007,"ELEV_GND":7.3630000000000004,"ELEV_INV":4.5869999999999997,"LABEL":"K-MH-102","Inastallation_Status":1,"X":411336.3618999999,"Y":2922745.3409000002,"Depth_Class":"2 - 3 m","District":"Madinat Al Aamal (Business City)"}},{"type":"Feature","id":2355,"geometry":{"type":"Point","coordinates":[411314.07100000046,2922756.5911999997]},"properties":{"OBJECTID":2355,"Zone":"ZONE K","STRCTDPTH":2.577,"ELEV_GND":7.2439999999999998,"ELEV_INV":4.6669999999999998,"LABEL":"K-MH-103","Inastallation_Status":1,"X":411314.07100000046,"Y":2922756.5911999997,"Depth_Class":"2 - 3 m","District":"Madinat Al Aamal (Business City)"}},{"type":"Feature","id":2356,"geometry":{"type":"Point","coordinates":[411292.05260000005,2922769.2115000002]},"properties":{"OBJECTID":2356,"Zone":"ZONE K","STRCTDPTH":2.4959999999999996,"ELEV_GND":7.2439999999999998,"ELEV_INV":4.7480000000000002,"LABEL":"K-MH-104","Inastallation_Status":1,"X":411292.05260000005,"Y":2922769.2115000002,"Depth_Class":"2 - 3 m","District":"Madinat Al Aamal (Business City)"}},{"type":"Feature","id":2357,"geometry":{"type":"Point","coordinates":[411282.2089999998,2922776.9405000005]},"properties":{"OBJECTID":2357,"Zone":"ZONE K","STRCTDPTH":2.4609999999999994,"ELEV_GND":7.2489999999999997,"ELEV_INV":4.7880000000000003,"LABEL":"K-MH-105","Inastallation_Status":1,"X":411282.2089999998,"Y":2922776.9405000005,"Depth_Class":"2 - 3 m","District":"Madinat Al Aamal (Business City)"}},{"type":"Feature","id":2358,"geometry":{"type":"Point","coordinates":[411256.12600000016,2922791.9700000007]},"properties":{"OBJECTID":2358,"Zone":"ZONE K","STRCTDPTH":2.3959999999999999,"ELEV_GND":7.2800000000000002,"ELEV_INV":4.8840000000000003,"LABEL":"K-MH-106","Inastallation_Status":1,"X":411256.12600000016,"Y":2922791.9700000007,"Depth_Class":"2 - 3 m","District":"Madinat Al Aamal (Business City)"}},{"type":"Feature","id":2359,"geometry":{"type":"Point","coordinates":[411238.61639999971,2922763.7175999992]},"properties":{"OBJECTID":2359,"Zone":"ZONE K","STRCTDPTH":2.0760000000000005,"ELEV_GND":7.0670000000000002,"ELEV_INV":4.9909999999999997,"LABEL":"K-MH-107","Inastallation_Status":1,"X":411238.61639999971,"Y":2922763.7175999992,"Depth_Class":"2 - 3 m","District":"Madinat Al Aamal (Business City)"}},{"type":"Feature","id":2360,"geometry":{"type":"Point","coordinates":[411202.12359999958,2922699.9024]},"properties":{"OBJECTID":2360,"Zone":"ZONE K","STRCTDPTH":1.8710000000000004,"ELEV_GND":7.4080000000000004,"ELEV_INV":5.5369999999999999,"LABEL":"K-MH-107-1","Inastallation_Status":1,"X":411202.12359999958,"Y":2922699.9024,"Depth_Class":"1 - 2 m","District":"Madinat Al Aamal (Business City)"}},{"type":"Feature","id":2361,"geometry":{"type":"Point","coordinates":[411165.99199999962,2922636.0749999993]},"properties":{"OBJECTID":2361,"Zone":"ZONE K","STRCTDPTH":1.8700000000000001,"ELEV_GND":7.7480000000000002,"ELEV_INV":5.8780000000000001,"LABEL":"K-MH-107-2","Inastallation_Status":1,"X":411165.99199999962,"Y":2922636.0749999993,"Depth_Class":"1 - 2 m","District":"Madinat Al Aamal (Business City)"}},{"type":"Feature","id":2362,"geometry":{"type":"Point","coordinates":[411213.02550000045,2922781.0690000001]},"properties":{"OBJECTID":2362,"Zone":"ZONE K","STRCTDPTH":1.8040000000000003,"ELEV_GND":6.8940000000000001,"ELEV_INV":5.0899999999999999,"LABEL":"K-MH-107-3","Inastallation_Status":1,"X":411213.02550000045,"Y":2922781.0690000001,"Depth_Class":"1 - 2 m","District":"Madinat Al Aamal (Business City)"}},{"type":"Feature","id":2363,"geometry":{"type":"Point","coordinates":[411177.94240000006,2922719.9849999994]},"properties":{"OBJECTID":2363,"Zone":"ZONE K","STRCTDPTH":1.782,"ELEV_GND":7.0970000000000004,"ELEV_INV":5.3150000000000004,"LABEL":"K-MH-107-3-1","Inastallation_Status":1,"X":411177.94240000006,"Y":2922719.9849999994,"Depth_Class":"1 - 2 m","District":"Madinat Al Aamal (Business City)"}},{"type":"Feature","id":2364,"geometry":{"type":"Point","coordinates":[411149.49710000027,2922670.8750999998]},"properties":{"OBJECTID":2364,"Zone":"ZONE K","STRCTDPTH":1.7649999999999997,"ELEV_GND":7.2619999999999996,"ELEV_INV":5.4969999999999999,"LABEL":"K-MH-107-3-2","Inastallation_Status":1,"X":411149.49710000027,"Y":2922670.8750999998,"Depth_Class":"1 - 2 m","District":"Madinat Al Aamal (Business City)"}},{"type":"Feature","id":2365,"geometry":{"type":"Point","coordinates":[411227.0932,2922805.3736000005]},"properties":{"OBJECTID":2365,"Zone":"ZONE K","STRCTDPTH":1.8230000000000004,"ELEV_GND":7.0410000000000004,"ELEV_INV":5.218,"LABEL":"K-MH-107-4","Inastallation_Status":1,"X":411227.0932,"Y":2922805.3736000005,"Depth_Class":"1 - 2 m","District":"Madinat Al Aamal (Business City)"}},{"type":"Feature","id":2366,"geometry":{"type":"Point","coordinates":[411169.00320000015,2922806.4655000009]},"properties":{"OBJECTID":2366,"Zone":"ZONE K","STRCTDPTH":1.7700000000000005,"ELEV_GND":7.2210000000000001,"ELEV_INV":5.4509999999999996,"LABEL":"K-MH-107-5","Inastallation_Status":1,"X":411169.00320000015,"Y":2922806.4655000009,"Depth_Class":"1 - 2 m","District":"Madinat Al Aamal (Business City)"}},{"type":"Feature","id":2367,"geometry":{"type":"Point","coordinates":[411110.85599999968,2922807.6260000002]},"properties":{"OBJECTID":2367,"Zone":"ZONE K","STRCTDPTH":1.7650000000000006,"ELEV_GND":7.4020000000000001,"ELEV_INV":5.6369999999999996,"LABEL":"K-MH-107-6","Inastallation_Status":1,"X":411110.85599999968,"Y":2922807.6260000002,"Depth_Class":"1 - 2 m","District":"Madinat Al Aamal (Business City)"}},{"type":"Feature","id":2368,"geometry":{"type":"Point","coordinates":[411108.61199999973,2922713.1109999996]},"properties":{"OBJECTID":2368,"Zone":"ZONE K","STRCTDPTH":1.8279999999999994,"ELEV_GND":7.7679999999999998,"ELEV_INV":5.9400000000000004,"LABEL":"K-MH-107-7","Inastallation_Status":1,"X":411108.61199999973,"Y":2922713.1109999996,"Depth_Class":"1 - 2 m","District":"Madinat Al Aamal (Business City)"}},{"type":"Feature","id":2369,"geometry":{"type":"Point","coordinates":[411293.37679999974,2922731.3653999995]},"properties":{"OBJECTID":2369,"Zone":"ZONE K","STRCTDPTH":1.7649999999999997,"ELEV_GND":7.2039999999999997,"ELEV_INV":5.4390000000000001,"LABEL":"K-MH-108","Inastallation_Status":1,"X":411293.37679999974,"Y":2922731.3653999995,"Depth_Class":"1 - 2 m","District":"Madinat Al Aamal (Business City)"}},{"type":"Feature","id":2370,"geometry":{"type":"Point","coordinates":[411265.99120000005,2922681.4397]},"properties":{"OBJECTID":2370,"Zone":"ZONE K","STRCTDPTH":1.8699999999999992,"ELEV_GND":7.4909999999999997,"ELEV_INV":5.6210000000000004,"LABEL":"K-MH-109","Inastallation_Status":1,"X":411265.99120000005,"Y":2922681.4397,"Depth_Class":"1 - 2 m","District":"Madinat Al Aamal (Business City)"}},{"type":"Feature","id":2371,"geometry":{"type":"Point","coordinates":[411238.61600000039,2922631.8589999992]},"properties":{"OBJECTID":2371,"Zone":"ZONE K","STRCTDPTH":1.8689999999999998,"ELEV_GND":7.7770000000000001,"ELEV_INV":5.9080000000000004,"LABEL":"K-MH-110","Inastallation_Status":1,"X":411238.61600000039,"Y":2922631.8589999992,"Depth_Class":"1 - 2 m","District":"Madinat Al Aamal (Business City)"}},{"type":"Feature","id":2372,"geometry":{"type":"Point","coordinates":[411209.46549999993,2922586.4871999994]},"properties":{"OBJECTID":2372,"Zone":"ZONE K","STRCTDPTH":1.7650000000000006,"ELEV_GND":7.8570000000000002,"ELEV_INV":6.0919999999999996,"LABEL":"K-MH-111","Inastallation_Status":1,"X":411209.46549999993,"Y":2922586.4871999994,"Depth_Class":"1 - 2 m","District":"Madinat Al Aamal (Business City)"}},{"type":"Feature","id":2373,"geometry":{"type":"Point","coordinates":[411163.29739999957,2922507.1399000008]},"properties":{"OBJECTID":2373,"Zone":"ZONE K","STRCTDPTH":1.7669999999999995,"ELEV_GND":8.1519999999999992,"ELEV_INV":6.3849999999999998,"LABEL":"K-MH-112","Inastallation_Status":1,"X":411163.29739999957,"Y":2922507.1399000008,"Depth_Class":"1 - 2 m","District":"Madinat Al Aamal (Business City)"}},{"type":"Feature","id":2374,"geometry":{"type":"Point","coordinates":[411155.20969999954,2922709.8570000008]},"properties":{"OBJECTID":2374,"Zone":"ZONE K","STRCTDPTH":3.2319999999999998,"ELEV_GND":7.2119999999999997,"ELEV_INV":3.98,"LABEL":"K-MH-113","Inastallation_Status":1,"X":411155.20969999954,"Y":2922709.8570000008,"Depth_Class":"3 - 4 m","District":"Madinat Al Aamal (Business City)"}},{"type":"Feature","id":2375,"geometry":{"type":"Point","coordinates":[411138.06400000025,2922681.5]},"properties":{"OBJECTID":2375,"Zone":"ZONE K","STRCTDPTH":2.2969999999999997,"ELEV_GND":7.2809999999999997,"ELEV_INV":4.984,"LABEL":"K-MH-114","Inastallation_Status":1,"X":411138.06400000025,"Y":2922681.5,"Depth_Class":"2 - 3 m","District":"Madinat Al Aamal (Business City)"}},{"type":"Feature","id":2376,"geometry":{"type":"Point","coordinates":[411104.15199999977,2922693.1089999992]},"properties":{"OBJECTID":2376,"Zone":"ZONE K","STRCTDPTH":2.3770000000000007,"ELEV_GND":7.4240000000000004,"ELEV_INV":5.0469999999999997,"LABEL":"K-MH-115","Inastallation_Status":1,"X":411104.15199999977,"Y":2922693.1089999992,"Depth_Class":"2 - 3 m","District":"Madinat Al Aamal (Business City)"}},{"type":"Feature","id":2377,"geometry":{"type":"Point","coordinates":[411096.97699999996,2922679.4000000004]},"properties":{"OBJECTID":2377,"Zone":"ZONE K","STRCTDPTH":1.9010000000000007,"ELEV_GND":7.6100000000000003,"ELEV_INV":5.7089999999999996,"LABEL":"K-MH-115-1","Inastallation_Status":1,"X":411096.97699999996,"Y":2922679.4000000004,"Depth_Class":"1 - 2 m","District":"Madinat Al Aamal (Business City)"}},{"type":"Feature","id":2378,"geometry":{"type":"Point","coordinates":[411079.96899999958,2922652.1160000004]},"properties":{"OBJECTID":2378,"Zone":"ZONE K","STRCTDPTH":1.7649999999999997,"ELEV_GND":7.6109999999999998,"ELEV_INV":5.8460000000000001,"LABEL":"K-MH-115-2","Inastallation_Status":1,"X":411079.96899999958,"Y":2922652.1160000004,"Depth_Class":"1 - 2 m","District":"Madinat Al Aamal (Business City)"}},{"type":"Feature","id":2379,"geometry":{"type":"Point","coordinates":[411056.04399999976,2922611.3739999998]},"properties":{"OBJECTID":2379,"Zone":"ZONE K","STRCTDPTH":2.0950000000000006,"ELEV_GND":8.0920000000000005,"ELEV_INV":5.9969999999999999,"LABEL":"K-MH-115-3","Inastallation_Status":1,"X":411056.04399999976,"Y":2922611.3739999998,"Depth_Class":"2 - 3 m","District":"Madinat Al Aamal (Business City)"}},{"type":"Feature","id":2380,"geometry":{"type":"Point","coordinates":[410995.50600000005,2922611.9519999996]},"properties":{"OBJECTID":2380,"Zone":"ZONE K","STRCTDPTH":2.1410000000000009,"ELEV_GND":8.6620000000000008,"ELEV_INV":6.5209999999999999,"LABEL":"K-MH-115-4","Inastallation_Status":1,"X":410995.50600000005,"Y":2922611.9519999996,"Depth_Class":"2 - 3 m","District":"Madinat Al Aamal (Business City)"}},{"type":"Feature","id":2381,"geometry":{"type":"Point","coordinates":[410942.2790000001,2922611.1751000006]},"properties":{"OBJECTID":2381,"Zone":"ZONE K","STRCTDPTH":1.8540000000000001,"ELEV_GND":8.8780000000000001,"ELEV_INV":7.024,"LABEL":"K-MH-115-5","Inastallation_Status":1,"X":410942.2790000001,"Y":2922611.1751000006,"Depth_Class":"1 - 2 m","District":"Madinat Al Aamal (Business City)"}},{"type":"Feature","id":2382,"geometry":{"type":"Point","coordinates":[410879.60769999959,2922611.6995000001]},"properties":{"OBJECTID":2382,"Zone":"ZONE K","STRCTDPTH":1.8729999999999993,"ELEV_GND":9.0969999999999995,"ELEV_INV":7.2240000000000002,"LABEL":"K-MH-115-6","Inastallation_Status":1,"X":410879.60769999959,"Y":2922611.6995000001,"Depth_Class":"1 - 2 m","District":"Madinat Al Aamal (Business City)"}},{"type":"Feature","id":2383,"geometry":{"type":"Point","coordinates":[410817.51599999983,2922612.4440000001]},"properties":{"OBJECTID":2383,"Zone":"ZONE K","STRCTDPTH":1.8889999999999993,"ELEV_GND":9.3119999999999994,"ELEV_INV":7.423,"LABEL":"K-MH-115-7","Inastallation_Status":1,"X":410817.51599999983,"Y":2922612.4440000001,"Depth_Class":"1 - 2 m","District":"Madinat Al Aamal (Business City)"}},{"type":"Feature","id":2384,"geometry":{"type":"Point","coordinates":[410761.55099999998,2922612.9360000007]},"properties":{"OBJECTID":2384,"Zone":"ZONE K","STRCTDPTH":1.7650000000000006,"ELEV_GND":9.3670000000000009,"ELEV_INV":7.6020000000000003,"LABEL":"K-MH-115-8","Inastallation_Status":1,"X":410761.55099999998,"Y":2922612.9360000007,"Depth_Class":"1 - 2 m","District":"Madinat Al Aamal (Business City)"}},{"type":"Feature","id":2385,"geometry":{"type":"Point","coordinates":[411075.46399999969,2922707.2239999995]},"properties":{"OBJECTID":2385,"Zone":"ZONE K","STRCTDPTH":2.282,"ELEV_GND":7.5300000000000002,"ELEV_INV":5.2480000000000002,"LABEL":"K-MH-116","Inastallation_Status":1,"X":411075.46399999969,"Y":2922707.2239999995,"Depth_Class":"2 - 3 m","District":"Madinat Al Aamal (Business City)"}},{"type":"Feature","id":2386,"geometry":{"type":"Point","coordinates":[411056.10699999984,2922672.8934000004]},"properties":{"OBJECTID":2386,"Zone":"ZONE K","STRCTDPTH":1.7750000000000004,"ELEV_GND":7.6660000000000004,"ELEV_INV":5.891,"LABEL":"K-MH-116-1","Inastallation_Status":1,"X":411056.10699999984,"Y":2922672.8934000004,"Depth_Class":"1 - 2 m","District":"Madinat Al Aamal (Business City)"}},{"type":"Feature","id":2387,"geometry":{"type":"Point","coordinates":[410991.82100000046,2922673.0109999999]},"properties":{"OBJECTID":2387,"Zone":"ZONE K","STRCTDPTH":2.165,"ELEV_GND":8.2720000000000002,"ELEV_INV":6.1070000000000002,"LABEL":"K-MH-116-2","Inastallation_Status":1,"X":410991.82100000046,"Y":2922673.0109999999,"Depth_Class":"2 - 3 m","District":"Madinat Al Aamal (Business City)"}},{"type":"Feature","id":2388,"geometry":{"type":"Point","coordinates":[410930.60599999968,2922673.2100000009]},"properties":{"OBJECTID":2388,"Zone":"ZONE K","STRCTDPTH":1.7650000000000006,"ELEV_GND":8.3350000000000009,"ELEV_INV":6.5700000000000003,"LABEL":"K-MH-116-3","Inastallation_Status":1,"X":410930.60599999968,"Y":2922673.2100000009,"Depth_Class":"1 - 2 m","District":"Madinat Al Aamal (Business City)"}},{"type":"Feature","id":2389,"geometry":{"type":"Point","coordinates":[410868.45199999958,2922677.5950000007]},"properties":{"OBJECTID":2389,"Zone":"ZONE K","STRCTDPTH":2.238999999999999,"ELEV_GND":9.0079999999999991,"ELEV_INV":6.7690000000000001,"LABEL":"K-MH-116-4","Inastallation_Status":1,"X":410868.45199999958,"Y":2922677.5950000007,"Depth_Class":"2 - 3 m","District":"Madinat Al Aamal (Business City)"}},{"type":"Feature","id":2390,"geometry":{"type":"Point","coordinates":[410823.68900000025,2922673.5789999999]},"properties":{"OBJECTID":2390,"Zone":"ZONE K","STRCTDPTH":1.8630000000000004,"ELEV_GND":9.0540000000000003,"ELEV_INV":7.1909999999999998,"LABEL":"K-MH-116-5","Inastallation_Status":1,"X":410823.68900000025,"Y":2922673.5789999999,"Depth_Class":"1 - 2 m","District":"Madinat Al Aamal (Business City)"}},{"type":"Feature","id":2391,"geometry":{"type":"Point","coordinates":[410793.90199999977,2922673.6699999999]},"properties":{"OBJECTID":2391,"Zone":"ZONE K","STRCTDPTH":1.7650000000000006,"ELEV_GND":9.0510000000000002,"ELEV_INV":7.2859999999999996,"LABEL":"K-MH-116-6","Inastallation_Status":1,"X":410793.90199999977,"Y":2922673.6699999999,"Depth_Class":"1 - 2 m","District":"Madinat Al Aamal (Business City)"}},{"type":"Feature","id":2392,"geometry":{"type":"Point","coordinates":[410767.50329999998,2922675.2229999993]},"properties":{"OBJECTID":2392,"Zone":"ZONE K","STRCTDPTH":1.8200000000000003,"ELEV_GND":9.1910000000000007,"ELEV_INV":7.3710000000000004,"LABEL":"K-MH-116-7","Inastallation_Status":1,"X":410767.50329999998,"Y":2922675.2229999993,"Depth_Class":"1 - 2 m","District":"Madinat Al Aamal (Business City)"}},{"type":"Feature","id":2393,"geometry":{"type":"Point","coordinates":[411026.53399999999,2922709.307]},"properties":{"OBJECTID":2393,"Zone":"ZONE K","STRCTDPTH":2.2629999999999999,"ELEV_GND":7.6669999999999998,"ELEV_INV":5.4039999999999999,"LABEL":"K-MH-117","Inastallation_Status":1,"X":411026.53399999999,"Y":2922709.307,"Depth_Class":"2 - 3 m","District":"Madinat Al Aamal (Business City)"}},{"type":"Feature","id":2394,"geometry":{"type":"Point","coordinates":[411027.40259999968,2922801.023]},"properties":{"OBJECTID":2394,"Zone":"ZONE K","STRCTDPTH":1.7649999999999997,"ELEV_GND":7.8159999999999998,"ELEV_INV":6.0510000000000002,"LABEL":"K-MH-117-1","Inastallation_Status":1,"X":411027.40259999968,"Y":2922801.023,"Depth_Class":"1 - 2 m","District":"Madinat Al Aamal (Business City)"}},{"type":"Feature","id":2395,"geometry":{"type":"Point","coordinates":[410963.95739999972,2922709.0374999996]},"properties":{"OBJECTID":2395,"Zone":"ZONE K","STRCTDPTH":2.2719999999999994,"ELEV_GND":7.8769999999999998,"ELEV_INV":5.6050000000000004,"LABEL":"K-MH-118","Inastallation_Status":1,"X":410963.95739999972,"Y":2922709.0374999996,"Depth_Class":"2 - 3 m","District":"Madinat Al Aamal (Business City)"}},{"type":"Feature","id":2396,"geometry":{"type":"Point","coordinates":[410899.76099999994,2922709.7880000006]},"properties":{"OBJECTID":2396,"Zone":"ZONE K","STRCTDPTH":2.3370000000000006,"ELEV_GND":8.1470000000000002,"ELEV_INV":5.8099999999999996,"LABEL":"K-MH-119","Inastallation_Status":1,"X":410899.76099999994,"Y":2922709.7880000006,"Depth_Class":"2 - 3 m","District":"Madinat Al Aamal (Business City)"}},{"type":"Feature","id":2397,"geometry":{"type":"Point","coordinates":[410899.82400000002,2922809.4120000005]},"properties":{"OBJECTID":2397,"Zone":"ZONE K","STRCTDPTH":1.7649999999999997,"ELEV_GND":7.9699999999999998,"ELEV_INV":6.2050000000000001,"LABEL":"K-MH-119-1","Inastallation_Status":1,"X":410899.82400000002,"Y":2922809.4120000005,"Depth_Class":"1 - 2 m","District":"Madinat Al Aamal (Business City)"}},{"type":"Feature","id":2398,"geometry":{"type":"Point","coordinates":[410831.9450000003,2922710.5999999996]},"properties":{"OBJECTID":2398,"Zone":"ZONE K","STRCTDPTH":2.2570000000000006,"ELEV_GND":8.2840000000000007,"ELEV_INV":6.0270000000000001,"LABEL":"K-MH-120","Inastallation_Status":1,"X":410831.9450000003,"Y":2922710.5999999996,"Depth_Class":"2 - 3 m","District":"Madinat Al Aamal (Business City)"}},{"type":"Feature","id":2399,"geometry":{"type":"Point","coordinates":[410831.81500000041,2922794.9519999996]},"properties":{"OBJECTID":2399,"Zone":"ZONE K","STRCTDPTH":1.7649999999999997,"ELEV_GND":8.0619999999999994,"ELEV_INV":6.2969999999999997,"LABEL":"K-MH-120-1","Inastallation_Status":1,"X":410831.81500000041,"Y":2922794.9519999996,"Depth_Class":"1 - 2 m","District":"Madinat Al Aamal (Business City)"}},{"type":"Feature","id":2400,"geometry":{"type":"Point","coordinates":[410754.55840000045,2922708.3066000007]},"properties":{"OBJECTID":2400,"Zone":"ZONE K","STRCTDPTH":1.7849999999999993,"ELEV_GND":8.5519999999999996,"ELEV_INV":6.7670000000000003,"LABEL":"K-MH-121","Inastallation_Status":1,"X":410754.55840000045,"Y":2922708.3066000007,"Depth_Class":"1 - 2 m","District":"Madinat Al Aamal (Business City)"}},{"type":"Feature","id":2401,"geometry":{"type":"Point","coordinates":[411432.95600000024,2923199.591]},"properties":{"OBJECTID":2401,"Zone":"ZONE K","STRCTDPTH":3.7200000000000002,"ELEV_GND":5.6680000000000001,"ELEV_INV":1.948,"LABEL":"K-MH-122","Inastallation_Status":1,"X":411432.95600000024,"Y":2923199.591,"Depth_Class":"3 - 4 m","District":"Madinat Al Aamal (Business City)"}},{"type":"Feature","id":2402,"geometry":{"type":"Point","coordinates":[411357.98500000034,2923245.0460000001]},"properties":{"OBJECTID":2402,"Zone":"ZONE K","STRCTDPTH":3.3820000000000006,"ELEV_GND":6.3840000000000003,"ELEV_INV":3.0019999999999998,"LABEL":"K-MH-122-1","Inastallation_Status":1,"X":411357.98500000034,"Y":2923245.0460000001,"Depth_Class":"3 - 4 m","District":"Madinat Al Aamal (Business City)"}},{"type":"Feature","id":2403,"geometry":{"type":"Point","coordinates":[411281.9179999996,2923286.2300000004]},"properties":{"OBJECTID":2403,"Zone":"ZONE K","STRCTDPTH":2.9570000000000003,"ELEV_GND":6.2350000000000003,"ELEV_INV":3.278,"LABEL":"K-MH-122-2","Inastallation_Status":1,"X":411281.9179999996,"Y":2923286.2300000004,"Depth_Class":"2 - 3 m","District":"Madinat Al Aamal (Business City)"}},{"type":"Feature","id":2404,"geometry":{"type":"Point","coordinates":[411239.57899999991,2923310.1309999991]},"properties":{"OBJECTID":2404,"Zone":"ZONE K","STRCTDPTH":2.657,"ELEV_GND":6.0910000000000002,"ELEV_INV":3.4340000000000002,"LABEL":"K-MH-122-3","Inastallation_Status":1,"X":411239.57899999991,"Y":2923310.1309999991,"Depth_Class":"2 - 3 m","District":"Madinat Al Aamal (Business City)"}},{"type":"Feature","id":2405,"geometry":{"type":"Point","coordinates":[411193.53899999987,2923337.3900000006]},"properties":{"OBJECTID":2405,"Zone":"ZONE K","STRCTDPTH":2.3880000000000003,"ELEV_GND":5.9930000000000003,"ELEV_INV":3.605,"LABEL":"K-MH-122-4","Inastallation_Status":1,"X":411193.53899999987,"Y":2923337.3900000006,"Depth_Class":"2 - 3 m","District":"Madinat Al Aamal (Business City)"}},{"type":"Feature","id":2406,"geometry":{"type":"Point","coordinates":[411155.87700000033,2923358.7569999993]},"properties":{"OBJECTID":2406,"Zone":"ZONE K","STRCTDPTH":2.3530000000000002,"ELEV_GND":6.0970000000000004,"ELEV_INV":3.7440000000000002,"LABEL":"K-MH-122-5","Inastallation_Status":1,"X":411155.87700000033,"Y":2923358.7569999993,"Depth_Class":"2 - 3 m","District":"Madinat Al Aamal (Business City)"}},{"type":"Feature","id":2407,"geometry":{"type":"Point","coordinates":[411119.33000000007,2923381.6390000004]},"properties":{"OBJECTID":2407,"Zone":"ZONE K","STRCTDPTH":1.9060000000000001,"ELEV_GND":5.7880000000000003,"ELEV_INV":3.8820000000000001,"LABEL":"K-MH-122-6","Inastallation_Status":1,"X":411119.33000000007,"Y":2923381.6390000004,"Depth_Class":"1 - 2 m","District":"Madinat Al Aamal (Business City)"}},{"type":"Feature","id":2408,"geometry":{"type":"Point","coordinates":[411086.92009999976,2923395.5687000006]},"properties":{"OBJECTID":2408,"Zone":"ZONE K","STRCTDPTH":1.7930000000000001,"ELEV_GND":5.7880000000000003,"ELEV_INV":3.9950000000000001,"LABEL":"K-MH-122-7","Inastallation_Status":1,"X":411086.92009999976,"Y":2923395.5687000006,"Depth_Class":"1 - 2 m","District":"Madinat Al Aamal (Business City)"}},{"type":"Feature","id":2409,"geometry":{"type":"Point","coordinates":[411055.78799999971,2923399.5419999994]},"properties":{"OBJECTID":2409,"Zone":"ZONE K","STRCTDPTH":1.7650000000000006,"ELEV_GND":5.8600000000000003,"ELEV_INV":4.0949999999999998,"LABEL":"K-MH-122-8","Inastallation_Status":1,"X":411055.78799999971,"Y":2923399.5419999994,"Depth_Class":"1 - 2 m","District":"Madinat Al Aamal (Business City)"}},{"type":"Feature","id":2410,"geometry":{"type":"Point","coordinates":[411421.55800000019,2923170.1799999997]},"properties":{"OBJECTID":2410,"Zone":"ZONE K","STRCTDPTH":3.8629999999999995,"ELEV_GND":5.8479999999999999,"ELEV_INV":1.9850000000000001,"LABEL":"K-MH-123","Inastallation_Status":1,"X":411421.55800000019,"Y":2923170.1799999997,"Depth_Class":"3 - 4 m","District":"Madinat Al Aamal (Business City)"}},{"type":"Feature","id":2411,"geometry":{"type":"Point","coordinates":[411389.60900000017,2923114.9010000005]},"properties":{"OBJECTID":2411,"Zone":"ZONE K","STRCTDPTH":3.5299999999999998,"ELEV_GND":5.9539999999999997,"ELEV_INV":2.4239999999999999,"LABEL":"K-MH-123-1","Inastallation_Status":1,"X":411389.60900000017,"Y":2923114.9010000005,"Depth_Class":"3 - 4 m","District":"Madinat Al Aamal (Business City)"}},{"type":"Feature","id":2412,"geometry":{"type":"Point","coordinates":[411629.6286000004,2923049.3114]},"properties":{"OBJECTID":2412,"Zone":"ZONE K","STRCTDPTH":2.1769999999999996,"ELEV_GND":5.9249999999999998,"ELEV_INV":3.7480000000000002,"LABEL":"K-MH-123-10","Inastallation_Status":1,"X":411629.6286000004,"Y":2923049.3114,"Depth_Class":"2 - 3 m","District":"Madinat Al Aamal (Business City)"}},{"type":"Feature","id":2413,"geometry":{"type":"Point","coordinates":[411594.04800000042,2922986.5099999998]},"properties":{"OBJECTID":2413,"Zone":"ZONE K","STRCTDPTH":2.3250000000000002,"ELEV_GND":6.4729999999999999,"ELEV_INV":4.1479999999999997,"LABEL":"K-MH-123-10-1","Inastallation_Status":1,"X":411594.04800000042,"Y":2922986.5099999998,"Depth_Class":"2 - 3 m","District":"Madinat Al Aamal (Business City)"}},{"type":"Feature","id":2414,"geometry":{"type":"Point","coordinates":[411570.54899999965,2922944.6510000005]},"properties":{"OBJECTID":2414,"Zone":"ZONE K","STRCTDPTH":2.4050000000000002,"ELEV_GND":6.7069999999999999,"ELEV_INV":4.3019999999999996,"LABEL":"K-MH-123-10-2","Inastallation_Status":1,"X":411570.54899999965,"Y":2922944.6510000005,"Depth_Class":"2 - 3 m","District":"Madinat Al Aamal (Business City)"}},{"type":"Feature","id":2415,"geometry":{"type":"Point","coordinates":[411544.87100000028,2922901.5620000008]},"properties":{"OBJECTID":2415,"Zone":"ZONE K","STRCTDPTH":1.7650000000000006,"ELEV_GND":6.2270000000000003,"ELEV_INV":4.4619999999999997,"LABEL":"K-MH-123-10-3","Inastallation_Status":1,"X":411544.87100000028,"Y":2922901.5620000008,"Depth_Class":"1 - 2 m","District":"Madinat Al Aamal (Business City)"}},{"type":"Feature","id":2416,"geometry":{"type":"Point","coordinates":[411685.79349999968,2923016.1359999999]},"properties":{"OBJECTID":2416,"Zone":"ZONE K","STRCTDPTH":1.7650000000000006,"ELEV_GND":5.7220000000000004,"ELEV_INV":3.9569999999999999,"LABEL":"K-MH-123-11","Inastallation_Status":1,"X":411685.79349999968,"Y":2923016.1359999999,"Depth_Class":"1 - 2 m","District":"Madinat Al Aamal (Business City)"}},{"type":"Feature","id":2417,"geometry":{"type":"Point","coordinates":[411652.31400000025,2922958.1830000002]},"properties":{"OBJECTID":2417,"Zone":"ZONE K","STRCTDPTH":2.1600000000000001,"ELEV_GND":6.3310000000000004,"ELEV_INV":4.1710000000000003,"LABEL":"K-MH-123-12","Inastallation_Status":1,"X":411652.31400000025,"Y":2922958.1830000002,"Depth_Class":"2 - 3 m","District":"Madinat Al Aamal (Business City)"}},{"type":"Feature","id":2418,"geometry":{"type":"Point","coordinates":[411625.49100000039,2922912.2336999997]},"properties":{"OBJECTID":2418,"Zone":"ZONE K","STRCTDPTH":1.9560000000000004,"ELEV_GND":6.3090000000000002,"ELEV_INV":4.3529999999999998,"LABEL":"K-MH-123-13","Inastallation_Status":1,"X":411625.49100000039,"Y":2922912.2336999997,"Depth_Class":"1 - 2 m","District":"Madinat Al Aamal (Business City)"}},{"type":"Feature","id":2419,"geometry":{"type":"Point","coordinates":[411598.52450000029,2922866.7368000001]},"properties":{"OBJECTID":2419,"Zone":"ZONE K","STRCTDPTH":1.7649999999999997,"ELEV_GND":6.2869999999999999,"ELEV_INV":4.5220000000000002,"LABEL":"K-MH-123-14","Inastallation_Status":1,"X":411598.52450000029,"Y":2922866.7368000001,"Depth_Class":"1 - 2 m","District":"Madinat Al Aamal (Business City)"}},{"type":"Feature","id":2420,"geometry":{"type":"Point","coordinates":[411357.87600000016,2923059.6439999994]},"properties":{"OBJECTID":2420,"Zone":"ZONE K","STRCTDPTH":3.3549999999999995,"ELEV_GND":5.9829999999999997,"ELEV_INV":2.6280000000000001,"LABEL":"K-MH-123-2","Inastallation_Status":1,"X":411357.87600000016,"Y":2923059.6439999994,"Depth_Class":"3 - 4 m","District":"Madinat Al Aamal (Business City)"}},{"type":"Feature","id":2421,"geometry":{"type":"Point","coordinates":[411330.35800000001,2923012.1730000004]},"properties":{"OBJECTID":2421,"Zone":"ZONE K","STRCTDPTH":3.1880000000000002,"ELEV_GND":5.992,"ELEV_INV":2.8039999999999998,"LABEL":"K-MH-123-3","Inastallation_Status":1,"X":411330.35800000001,"Y":2923012.1730000004,"Depth_Class":"3 - 4 m","District":"Madinat Al Aamal (Business City)"}},{"type":"Feature","id":2422,"geometry":{"type":"Point","coordinates":[411314.39599999972,2922984.3719999995]},"properties":{"OBJECTID":2422,"Zone":"ZONE K","STRCTDPTH":3.0950000000000002,"ELEV_GND":6.0010000000000003,"ELEV_INV":2.9060000000000001,"LABEL":"K-MH-123-4","Inastallation_Status":1,"X":411314.39599999972,"Y":2922984.3719999995,"Depth_Class":"3 - 4 m","District":"Madinat Al Aamal (Business City)"}},{"type":"Feature","id":2423,"geometry":{"type":"Point","coordinates":[411281.39699999988,2922928.1270000003]},"properties":{"OBJECTID":2423,"Zone":"ZONE K","STRCTDPTH":3.1499999999999995,"ELEV_GND":6.2649999999999997,"ELEV_INV":3.1150000000000002,"LABEL":"K-MH-123-5","Inastallation_Status":1,"X":411281.39699999988,"Y":2922928.1270000003,"Depth_Class":"3 - 4 m","District":"Madinat Al Aamal (Business City)"}},{"type":"Feature","id":2424,"geometry":{"type":"Point","coordinates":[411461.31699999981,2923147.0130000003]},"properties":{"OBJECTID":2424,"Zone":"ZONE K","STRCTDPTH":2.7020000000000004,"ELEV_GND":5.7080000000000002,"ELEV_INV":3.0059999999999998,"LABEL":"K-MH-123-6","Inastallation_Status":1,"X":411461.31699999981,"Y":2923147.0130000003,"Depth_Class":"2 - 3 m","District":"Madinat Al Aamal (Business City)"}},{"type":"Feature","id":2425,"geometry":{"type":"Point","coordinates":[411446.61899999995,2923120.0240000002]},"properties":{"OBJECTID":2425,"Zone":"ZONE K","STRCTDPTH":2.843,"ELEV_GND":6.54,"ELEV_INV":3.6970000000000001,"LABEL":"K-MH-123-6-1","Inastallation_Status":1,"X":411446.61899999995,"Y":2923120.0240000002,"Depth_Class":"2 - 3 m","District":"Madinat Al Aamal (Business City)"}},{"type":"Feature","id":2426,"geometry":{"type":"Point","coordinates":[411426.68800000008,2923086.4049999993]},"properties":{"OBJECTID":2426,"Zone":"ZONE K","STRCTDPTH":2.6539999999999999,"ELEV_GND":6.476,"ELEV_INV":3.8220000000000001,"LABEL":"K-MH-123-6-2","Inastallation_Status":1,"X":411426.68800000008,"Y":2923086.4049999993,"Depth_Class":"2 - 3 m","District":"Madinat Al Aamal (Business City)"}},{"type":"Feature","id":2427,"geometry":{"type":"Point","coordinates":[411402.33299999963,2923042.9299999997]},"properties":{"OBJECTID":2427,"Zone":"ZONE K","STRCTDPTH":2.3769999999999998,"ELEV_GND":6.3579999999999997,"ELEV_INV":3.9809999999999999,"LABEL":"K-MH-123-6-3","Inastallation_Status":1,"X":411402.33299999963,"Y":2923042.9299999997,"Depth_Class":"2 - 3 m","District":"Madinat Al Aamal (Business City)"}},{"type":"Feature","id":2428,"geometry":{"type":"Point","coordinates":[411366.02500000037,2922985.8670000006]},"properties":{"OBJECTID":2428,"Zone":"ZONE K","STRCTDPTH":1.9130000000000003,"ELEV_GND":6.1340000000000003,"ELEV_INV":4.2210000000000001,"LABEL":"K-MH-123-6-3-1","Inastallation_Status":1,"X":411366.02500000037,"Y":2922985.8670000006,"Depth_Class":"1 - 2 m","District":"Madinat Al Aamal (Business City)"}},{"type":"Feature","id":2429,"geometry":{"type":"Point","coordinates":[411347.80080000032,2922949.6085000001]},"properties":{"OBJECTID":2429,"Zone":"ZONE K","STRCTDPTH":1.7650000000000006,"ELEV_GND":6.1150000000000002,"ELEV_INV":4.3499999999999996,"LABEL":"K-MH-123-6-3-2","Inastallation_Status":1,"X":411347.80080000032,"Y":2922949.6085000001,"Depth_Class":"1 - 2 m","District":"Madinat Al Aamal (Business City)"}},{"type":"Feature","id":2430,"geometry":{"type":"Point","coordinates":[411423.8953999998,2923022.6894000005]},"properties":{"OBJECTID":2430,"Zone":"ZONE K","STRCTDPTH":1.9020000000000001,"ELEV_GND":5.9779999999999998,"ELEV_INV":4.0759999999999996,"LABEL":"K-MH-123-6-4","Inastallation_Status":1,"X":411423.8953999998,"Y":2923022.6894000005,"Depth_Class":"1 - 2 m","District":"Madinat Al Aamal (Business City)"}},{"type":"Feature","id":2431,"geometry":{"type":"Point","coordinates":[411405.86369999964,2922990.1952]},"properties":{"OBJECTID":2431,"Zone":"ZONE K","STRCTDPTH":1.891,"ELEV_GND":6.0860000000000003,"ELEV_INV":4.1950000000000003,"LABEL":"K-MH-123-6-5","Inastallation_Status":1,"X":411405.86369999964,"Y":2922990.1952,"Depth_Class":"1 - 2 m","District":"Madinat Al Aamal (Business City)"}},{"type":"Feature","id":2432,"geometry":{"type":"Point","coordinates":[411455.3713999996,2922962.2946000006]},"properties":{"OBJECTID":2432,"Zone":"ZONE K","STRCTDPTH":1.9380000000000006,"ELEV_GND":6.3150000000000004,"ELEV_INV":4.3769999999999998,"LABEL":"K-MH-123-6-6","Inastallation_Status":1,"X":411455.3713999996,"Y":2922962.2946000006,"Depth_Class":"1 - 2 m","District":"Madinat Al Aamal (Business City)"}},{"type":"Feature","id":2433,"geometry":{"type":"Point","coordinates":[411507.03529999964,2922935.7502999995]},"properties":{"OBJECTID":2433,"Zone":"ZONE K","STRCTDPTH":1.7650000000000006,"ELEV_GND":6.3280000000000003,"ELEV_INV":4.5629999999999997,"LABEL":"K-MH-123-6-7","Inastallation_Status":1,"X":411507.03529999964,"Y":2922935.7502999995,"Depth_Class":"1 - 2 m","District":"Madinat Al Aamal (Business City)"}},{"type":"Feature","id":2434,"geometry":{"type":"Point","coordinates":[411476.85059999954,2923175.5254999995]},"properties":{"OBJECTID":2434,"Zone":"ZONE K","STRCTDPTH":2.8159999999999998,"ELEV_GND":5.9749999999999996,"ELEV_INV":3.1589999999999998,"LABEL":"K-MH-123-6-7-1","Inastallation_Status":1,"X":411476.85059999954,"Y":2923175.5254999995,"Depth_Class":"2 - 3 m","District":"Madinat Al Aamal (Business City)"}},{"type":"Feature","id":2435,"geometry":{"type":"Point","coordinates":[411519.25200000033,2923147.1660999991]},"properties":{"OBJECTID":2435,"Zone":"ZONE K","STRCTDPTH":2.5309999999999997,"ELEV_GND":5.8529999999999998,"ELEV_INV":3.3220000000000001,"LABEL":"K-MH-123-6-7-2","Inastallation_Status":1,"X":411519.25200000033,"Y":2923147.1660999991,"Depth_Class":"2 - 3 m","District":"Madinat Al Aamal (Business City)"}},{"type":"Feature","id":2436,"geometry":{"type":"Point","coordinates":[411564.56419999991,2923121.7829]},"properties":{"OBJECTID":2436,"Zone":"ZONE K","STRCTDPTH":2.347,"ELEV_GND":5.835,"ELEV_INV":3.488,"LABEL":"K-MH-123-6-7-3","Inastallation_Status":1,"X":411564.56419999991,"Y":2923121.7829,"Depth_Class":"2 - 3 m","District":"Madinat Al Aamal (Business City)"}},{"type":"Feature","id":2437,"geometry":{"type":"Point","coordinates":[411580.53699999955,2923112.9800000004]},"properties":{"OBJECTID":2437,"Zone":"ZONE K","STRCTDPTH":2.4519999999999995,"ELEV_GND":5.9989999999999997,"ELEV_INV":3.5470000000000002,"LABEL":"K-MH-123-6-7-4","Inastallation_Status":1,"X":411580.53699999955,"Y":2923112.9800000004,"Depth_Class":"2 - 3 m","District":"Madinat Al Aamal (Business City)"}},{"type":"Feature","id":2438,"geometry":{"type":"Point","coordinates":[411624.56080000009,2923087.5890999995]},"properties":{"OBJECTID":2438,"Zone":"ZONE K","STRCTDPTH":2.2689999999999997,"ELEV_GND":5.9779999999999998,"ELEV_INV":3.7090000000000001,"LABEL":"K-MH-123-6-7-5","Inastallation_Status":1,"X":411624.56080000009,"Y":2923087.5890999995,"Depth_Class":"2 - 3 m","District":"Madinat Al Aamal (Business City)"}},{"type":"Feature","id":2439,"geometry":{"type":"Point","coordinates":[411693.57780000009,2923047.9409999996]},"properties":{"OBJECTID":2439,"Zone":"ZONE K","STRCTDPTH":2.052,"ELEV_GND":6.016,"ELEV_INV":3.964,"LABEL":"K-MH-123-6-7-6","Inastallation_Status":1,"X":411693.57780000009,"Y":2923047.9409999996,"Depth_Class":"2 - 3 m","District":"Madinat Al Aamal (Business City)"}},{"type":"Feature","id":2440,"geometry":{"type":"Point","coordinates":[411685.85800000001,2923030.5855999999]},"properties":{"OBJECTID":2440,"Zone":"ZONE K","STRCTDPTH":1.7649999999999997,"ELEV_GND":5.79,"ELEV_INV":4.0250000000000004,"LABEL":"K-MH-123-6-7-7","Inastallation_Status":1,"X":411685.85800000001,"Y":2923030.5855999999,"Depth_Class":"1 - 2 m","District":"Madinat Al Aamal (Business City)"}},{"type":"Feature","id":2441,"geometry":{"type":"Point","coordinates":[411488.37899999972,2923131.2740000002]},"properties":{"OBJECTID":2441,"Zone":"ZONE K","STRCTDPTH":2.6059999999999999,"ELEV_GND":5.8319999999999999,"ELEV_INV":3.226,"LABEL":"K-MH-123-7","Inastallation_Status":1,"X":411488.37899999972,"Y":2923131.2740000002,"Depth_Class":"2 - 3 m","District":"Madinat Al Aamal (Business City)"}},{"type":"Feature","id":2442,"geometry":{"type":"Point","coordinates":[411472.13499999978,2923102.8279999997]},"properties":{"OBJECTID":2442,"Zone":"ZONE K","STRCTDPTH":1.8700000000000001,"ELEV_GND":5.827,"ELEV_INV":3.9569999999999999,"LABEL":"K-MH-123-7-1","Inastallation_Status":1,"X":411472.13499999978,"Y":2923102.8279999997,"Depth_Class":"1 - 2 m","District":"Madinat Al Aamal (Business City)"}},{"type":"Feature","id":2443,"geometry":{"type":"Point","coordinates":[411519.1540000001,2923075.9010000005]},"properties":{"OBJECTID":2443,"Zone":"ZONE K","STRCTDPTH":2.0779999999999994,"ELEV_GND":6.3129999999999997,"ELEV_INV":4.2350000000000003,"LABEL":"K-MH-123-7-1-1","Inastallation_Status":1,"X":411519.1540000001,"Y":2923075.9010000005,"Depth_Class":"2 - 3 m","District":"Madinat Al Aamal (Business City)"}},{"type":"Feature","id":2444,"geometry":{"type":"Point","coordinates":[411565.15699999966,2923048.9179999996]},"properties":{"OBJECTID":2444,"Zone":"ZONE K","STRCTDPTH":1.7649999999999997,"ELEV_GND":6.391,"ELEV_INV":4.6260000000000003,"LABEL":"K-MH-123-7-1-2","Inastallation_Status":1,"X":411565.15699999966,"Y":2923048.9179999996,"Depth_Class":"1 - 2 m","District":"Madinat Al Aamal (Business City)"}},{"type":"Feature","id":2445,"geometry":{"type":"Point","coordinates":[411442.36510000005,2923049.2609000001]},"properties":{"OBJECTID":2445,"Zone":"ZONE K","STRCTDPTH":1.7650000000000006,"ELEV_GND":5.9180000000000001,"ELEV_INV":4.1529999999999996,"LABEL":"K-MH-123-7-2","Inastallation_Status":1,"X":411442.36510000005,"Y":2923049.2609000001,"Depth_Class":"1 - 2 m","District":"Madinat Al Aamal (Business City)"}},{"type":"Feature","id":2446,"geometry":{"type":"Point","coordinates":[411485.72800000012,2923021.6750000007]},"properties":{"OBJECTID":2446,"Zone":"ZONE K","STRCTDPTH":2.1239999999999997,"ELEV_GND":6.4409999999999998,"ELEV_INV":4.3170000000000002,"LABEL":"K-MH-123-7-3","Inastallation_Status":1,"X":411485.72800000012,"Y":2923021.6750000007,"Depth_Class":"2 - 3 m","District":"Madinat Al Aamal (Business City)"}},{"type":"Feature","id":2447,"geometry":{"type":"Point","coordinates":[411533.6660000002,2922994.932]},"properties":{"OBJECTID":2447,"Zone":"ZONE K","STRCTDPTH":1.7649999999999997,"ELEV_GND":6.4109999999999996,"ELEV_INV":4.6459999999999999,"LABEL":"K-MH-123-7-4","Inastallation_Status":1,"X":411533.6660000002,"Y":2922994.932,"Depth_Class":"1 - 2 m","District":"Madinat Al Aamal (Business City)"}},{"type":"Feature","id":2448,"geometry":{"type":"Point","coordinates":[411549.01800000016,2923095.0125999991]},"properties":{"OBJECTID":2448,"Zone":"ZONE K","STRCTDPTH":2.5330000000000004,"ELEV_GND":5.9850000000000003,"ELEV_INV":3.452,"LABEL":"K-MH-123-8","Inastallation_Status":1,"X":411549.01800000016,"Y":2923095.0125999991,"Depth_Class":"2 - 3 m","District":"Madinat Al Aamal (Business City)"}},{"type":"Feature","id":2449,"geometry":{"type":"Point","coordinates":[411603.77010000031,2923062.4969999995]},"properties":{"OBJECTID":2449,"Zone":"ZONE K","STRCTDPTH":2.339,"ELEV_GND":5.9939999999999998,"ELEV_INV":3.6549999999999998,"LABEL":"K-MH-123-9","Inastallation_Status":1,"X":411603.77010000031,"Y":2923062.4969999995,"Depth_Class":"2 - 3 m","District":"Madinat Al Aamal (Business City)"}},{"type":"Feature","id":2450,"geometry":{"type":"Point","coordinates":[411390.75399999972,2923188.5810000002]},"properties":{"OBJECTID":2450,"Zone":"ZONE K","STRCTDPTH":3.3180000000000005,"ELEV_GND":5.8840000000000003,"ELEV_INV":2.5659999999999998,"LABEL":"K-MH-124","Inastallation_Status":1,"X":411390.75399999972,"Y":2923188.5810000002,"Depth_Class":"3 - 4 m","District":"Madinat Al Aamal (Business City)"}},{"type":"Feature","id":2451,"geometry":{"type":"Point","coordinates":[411378.57299999986,2923166.1559999995]},"properties":{"OBJECTID":2451,"Zone":"ZONE K","STRCTDPTH":2.1079999999999997,"ELEV_GND":6.1159999999999997,"ELEV_INV":4.008,"LABEL":"K-MH-124-1","Inastallation_Status":1,"X":411378.57299999986,"Y":2923166.1559999995,"Depth_Class":"2 - 3 m","District":"Madinat Al Aamal (Business City)"}},{"type":"Feature","id":2452,"geometry":{"type":"Point","coordinates":[411357.01300000027,2923128.9930000007]},"properties":{"OBJECTID":2452,"Zone":"ZONE K","STRCTDPTH":2.2630000000000008,"ELEV_GND":6.4080000000000004,"ELEV_INV":4.1449999999999996,"LABEL":"K-MH-124-2","Inastallation_Status":1,"X":411357.01300000027,"Y":2923128.9930000007,"Depth_Class":"2 - 3 m","District":"Madinat Al Aamal (Business City)"}},{"type":"Feature","id":2453,"geometry":{"type":"Point","coordinates":[411335.35500000045,2923091.3870000001]},"properties":{"OBJECTID":2453,"Zone":"ZONE K","STRCTDPTH":2.0570000000000004,"ELEV_GND":6.3410000000000002,"ELEV_INV":4.2839999999999998,"LABEL":"K-MH-124-3","Inastallation_Status":1,"X":411335.35500000045,"Y":2923091.3870000001,"Depth_Class":"2 - 3 m","District":"Madinat Al Aamal (Business City)"}},{"type":"Feature","id":2454,"geometry":{"type":"Point","coordinates":[411315.70199999958,2923060.1730000004]},"properties":{"OBJECTID":2454,"Zone":"ZONE K","STRCTDPTH":2.4059999999999997,"ELEV_GND":6.8079999999999998,"ELEV_INV":4.4020000000000001,"LABEL":"K-MH-124-4","Inastallation_Status":1,"X":411315.70199999958,"Y":2923060.1730000004,"Depth_Class":"2 - 3 m","District":"Madinat Al Aamal (Business City)"}},{"type":"Feature","id":2455,"geometry":{"type":"Point","coordinates":[411267.75499999989,2923086.2819999997]},"properties":{"OBJECTID":2455,"Zone":"ZONE K","STRCTDPTH":1.7649999999999997,"ELEV_GND":6.3419999999999996,"ELEV_INV":4.577,"LABEL":"K-MH-124-5","Inastallation_Status":1,"X":411267.75499999989,"Y":2923086.2819999997,"Depth_Class":"1 - 2 m","District":"Madinat Al Aamal (Business City)"}},{"type":"Feature","id":2456,"geometry":{"type":"Point","coordinates":[411236.97599999979,2923103.8000000007]},"properties":{"OBJECTID":2456,"Zone":"ZONE K","STRCTDPTH":2.008,"ELEV_GND":6.6980000000000004,"ELEV_INV":4.6900000000000004,"LABEL":"K-MH-124-6","Inastallation_Status":1,"X":411236.97599999979,"Y":2923103.8000000007,"Depth_Class":"2 - 3 m","District":"Madinat Al Aamal (Business City)"}},{"type":"Feature","id":2457,"geometry":{"type":"Point","coordinates":[411209.25100000016,2923120.8100000005]},"properties":{"OBJECTID":2457,"Zone":"ZONE K","STRCTDPTH":1.7649999999999997,"ELEV_GND":6.7210000000000001,"ELEV_INV":4.9560000000000004,"LABEL":"K-MH-124-7","Inastallation_Status":1,"X":411209.25100000016,"Y":2923120.8100000005,"Depth_Class":"1 - 2 m","District":"Madinat Al Aamal (Business City)"}},{"type":"Feature","id":2458,"geometry":{"type":"Point","coordinates":[411336.04250000045,2923217.6945999991]},"properties":{"OBJECTID":2458,"Zone":"ZONE K","STRCTDPTH":3.5239999999999996,"ELEV_GND":6.1849999999999996,"ELEV_INV":2.661,"LABEL":"K-MH-125","Inastallation_Status":1,"X":411336.04250000045,"Y":2923217.6945999991,"Depth_Class":"3 - 4 m","District":"Madinat Al Aamal (Business City)"}},{"type":"Feature","id":2459,"geometry":{"type":"Point","coordinates":[411235.61670000013,2923275.7771000005]},"properties":{"OBJECTID":2459,"Zone":"ZONE K","STRCTDPTH":3.21,"ELEV_GND":6.048,"ELEV_INV":2.8380000000000001,"LABEL":"K-MH-126","Inastallation_Status":1,"X":411235.61670000013,"Y":2923275.7771000005,"Depth_Class":"3 - 4 m","District":"Madinat Al Aamal (Business City)"}},{"type":"Feature","id":2460,"geometry":{"type":"Point","coordinates":[411211.34100000001,2923228.7310000006]},"properties":{"OBJECTID":2460,"Zone":"ZONE K","STRCTDPTH":2.2450000000000001,"ELEV_GND":6.6970000000000001,"ELEV_INV":4.452,"LABEL":"K-MH-126-1","Inastallation_Status":1,"X":411211.34100000001,"Y":2923228.7310000006,"Depth_Class":"2 - 3 m","District":"Madinat Al Aamal (Business City)"}},{"type":"Feature","id":2461,"geometry":{"type":"Point","coordinates":[411185.06699999981,2923184.9900000002]},"properties":{"OBJECTID":2461,"Zone":"ZONE K","STRCTDPTH":1.766,"ELEV_GND":6.4649999999999999,"ELEV_INV":4.6989999999999998,"LABEL":"K-MH-126-2","Inastallation_Status":1,"X":411185.06699999981,"Y":2923184.9900000002,"Depth_Class":"1 - 2 m","District":"Madinat Al Aamal (Business City)"}},{"type":"Feature","id":2462,"geometry":{"type":"Point","coordinates":[411165.61899999995,2923151.4210000001]},"properties":{"OBJECTID":2462,"Zone":"ZONE K","STRCTDPTH":2.2039999999999997,"ELEV_GND":7.0270000000000001,"ELEV_INV":4.8230000000000004,"LABEL":"K-MH-126-3","Inastallation_Status":1,"X":411165.61899999995,"Y":2923151.4210000001,"Depth_Class":"2 - 3 m","District":"Madinat Al Aamal (Business City)"}},{"type":"Feature","id":2463,"geometry":{"type":"Point","coordinates":[411144.26900000032,2923114.6870000008]},"properties":{"OBJECTID":2463,"Zone":"ZONE K","STRCTDPTH":1.7650000000000006,"ELEV_GND":6.7240000000000002,"ELEV_INV":4.9589999999999996,"LABEL":"K-MH-126-4","Inastallation_Status":1,"X":411144.26900000032,"Y":2923114.6870000008,"Depth_Class":"1 - 2 m","District":"Madinat Al Aamal (Business City)"}},{"type":"Feature","id":2464,"geometry":{"type":"Point","coordinates":[411183.5549999997,2923299.1070000008]},"properties":{"OBJECTID":2464,"Zone":"ZONE K","STRCTDPTH":3.1509999999999998,"ELEV_GND":6.0759999999999996,"ELEV_INV":2.9249999999999998,"LABEL":"K-MH-127","Inastallation_Status":1,"X":411183.5549999997,"Y":2923299.1070000008,"Depth_Class":"3 - 4 m","District":"Madinat Al Aamal (Business City)"}},{"type":"Feature","id":2465,"geometry":{"type":"Point","coordinates":[411156.50420000032,2923252.5145999994]},"properties":{"OBJECTID":2465,"Zone":"ZONE K","STRCTDPTH":1.7970000000000006,"ELEV_GND":6.2800000000000002,"ELEV_INV":4.4829999999999997,"LABEL":"K-MH-127-1","Inastallation_Status":1,"X":411156.50420000032,"Y":2923252.5145999994,"Depth_Class":"1 - 2 m","District":"Madinat Al Aamal (Business City)"}},{"type":"Feature","id":2466,"geometry":{"type":"Point","coordinates":[411129.13100000005,2923205.9020000007]},"properties":{"OBJECTID":2466,"Zone":"ZONE K","STRCTDPTH":1.7970000000000006,"ELEV_GND":6.4850000000000003,"ELEV_INV":4.6879999999999997,"LABEL":"K-MH-127-2","Inastallation_Status":1,"X":411129.13100000005,"Y":2923205.9020000007,"Depth_Class":"1 - 2 m","District":"Madinat Al Aamal (Business City)"}},{"type":"Feature","id":2467,"geometry":{"type":"Point","coordinates":[411102.81599999964,2923165.9480000008]},"properties":{"OBJECTID":2467,"Zone":"ZONE K","STRCTDPTH":1.8659999999999997,"ELEV_GND":6.7389999999999999,"ELEV_INV":4.8730000000000002,"LABEL":"K-MH-127-3","Inastallation_Status":1,"X":411102.81599999964,"Y":2923165.9480000008,"Depth_Class":"1 - 2 m","District":"Madinat Al Aamal (Business City)"}},{"type":"Feature","id":2468,"geometry":{"type":"Point","coordinates":[411088.3041000003,2923137.6696000006]},"properties":{"OBJECTID":2468,"Zone":"ZONE K","STRCTDPTH":1.8039999999999994,"ELEV_GND":6.8419999999999996,"ELEV_INV":5.0380000000000003,"LABEL":"K-MH-127-4","Inastallation_Status":1,"X":411088.3041000003,"Y":2923137.6696000006,"Depth_Class":"1 - 2 m","District":"Madinat Al Aamal (Business City)"}},{"type":"Feature","id":2469,"geometry":{"type":"Point","coordinates":[411058.42800000031,2923135.4309999999]},"properties":{"OBJECTID":2469,"Zone":"ZONE K","STRCTDPTH":1.7649999999999997,"ELEV_GND":6.899,"ELEV_INV":5.1340000000000003,"LABEL":"K-MH-127-5","Inastallation_Status":1,"X":411058.42800000031,"Y":2923135.4309999999,"Depth_Class":"1 - 2 m","District":"Madinat Al Aamal (Business City)"}},{"type":"Feature","id":2470,"geometry":{"type":"Point","coordinates":[411133.92599999998,2923337.3019999992]},"properties":{"OBJECTID":2470,"Zone":"ZONE K","STRCTDPTH":2.8759999999999999,"ELEV_GND":5.8959999999999999,"ELEV_INV":3.02,"LABEL":"K-MH-128","Inastallation_Status":1,"X":411133.92599999998,"Y":2923337.3019999992,"Depth_Class":"2 - 3 m","District":"Madinat Al Aamal (Business City)"}},{"type":"Feature","id":2471,"geometry":{"type":"Point","coordinates":[411111.39499999955,2923298.2809999995]},"properties":{"OBJECTID":2471,"Zone":"ZONE K","STRCTDPTH":1.8759999999999994,"ELEV_GND":6.1509999999999998,"ELEV_INV":4.2750000000000004,"LABEL":"K-MH-128-1","Inastallation_Status":1,"X":411111.39499999955,"Y":2923298.2809999995,"Depth_Class":"1 - 2 m","District":"Madinat Al Aamal (Business City)"}},{"type":"Feature","id":2472,"geometry":{"type":"Point","coordinates":[411093.83100000024,2923262.6600000001]},"properties":{"OBJECTID":2472,"Zone":"ZONE K","STRCTDPTH":2.0229999999999997,"ELEV_GND":6.5359999999999996,"ELEV_INV":4.5129999999999999,"LABEL":"K-MH-128-2","Inastallation_Status":1,"X":411093.83100000024,"Y":2923262.6600000001,"Depth_Class":"2 - 3 m","District":"Madinat Al Aamal (Business City)"}},{"type":"Feature","id":2473,"geometry":{"type":"Point","coordinates":[411050.74799999967,2923195.1799999997]},"properties":{"OBJECTID":2473,"Zone":"ZONE K","STRCTDPTH":1.7649999999999997,"ELEV_GND":6.7279999999999998,"ELEV_INV":4.9630000000000001,"LABEL":"K-MH-128-3","Inastallation_Status":1,"X":411050.74799999967,"Y":2923195.1799999997,"Depth_Class":"1 - 2 m","District":"Madinat Al Aamal (Business City)"}},{"type":"Feature","id":2474,"geometry":{"type":"Point","coordinates":[411103.9291000003,2923350.1446000002]},"properties":{"OBJECTID":2474,"Zone":"ZONE K","STRCTDPTH":2.8069999999999999,"ELEV_GND":5.8769999999999998,"ELEV_INV":3.0699999999999998,"LABEL":"K-MH-129","Inastallation_Status":1,"X":411103.9291000003,"Y":2923350.1446000002,"Depth_Class":"2 - 3 m","District":"Madinat Al Aamal (Business City)"}},{"type":"Feature","id":2475,"geometry":{"type":"Point","coordinates":[411087.05080000032,2923359.8978000004]},"properties":{"OBJECTID":2475,"Zone":"ZONE K","STRCTDPTH":1.8210000000000006,"ELEV_GND":5.8570000000000002,"ELEV_INV":4.0359999999999996,"LABEL":"K-MH-129-1","Inastallation_Status":1,"X":411087.05080000032,"Y":2923359.8978000004,"Depth_Class":"1 - 2 m","District":"Madinat Al Aamal (Business City)"}},{"type":"Feature","id":2476,"geometry":{"type":"Point","coordinates":[411058.25100000016,2923366.8010000009]},"properties":{"OBJECTID":2476,"Zone":"ZONE K","STRCTDPTH":1.7649999999999997,"ELEV_GND":5.8959999999999999,"ELEV_INV":4.1310000000000002,"LABEL":"K-MH-129-2","Inastallation_Status":1,"X":411058.25100000016,"Y":2923366.8010000009,"Depth_Class":"1 - 2 m","District":"Madinat Al Aamal (Business City)"}},{"type":"Feature","id":2477,"geometry":{"type":"Point","coordinates":[411056.84999999963,2923289.1669999994]},"properties":{"OBJECTID":2477,"Zone":"ZONE K","STRCTDPTH":1.9850000000000003,"ELEV_GND":6.3650000000000002,"ELEV_INV":4.3799999999999999,"LABEL":"K-MH-129-3","Inastallation_Status":1,"X":411056.84999999963,"Y":2923289.1669999994,"Depth_Class":"1 - 2 m","District":"Madinat Al Aamal (Business City)"}},{"type":"Feature","id":2478,"geometry":{"type":"Point","coordinates":[411071.28720000014,2923296.5394000001]},"properties":{"OBJECTID":2478,"Zone":"ZONE K","STRCTDPTH":2.8999999999999999,"ELEV_GND":6.0659999999999998,"ELEV_INV":3.1659999999999999,"LABEL":"K-MH-130","Inastallation_Status":1,"X":411071.28720000014,"Y":2923296.5394000001,"Depth_Class":"2 - 3 m","District":"Madinat Al Aamal (Business City)"}},{"type":"Feature","id":2479,"geometry":{"type":"Point","coordinates":[411032.94759999961,2923230.6084000003]},"properties":{"OBJECTID":2479,"Zone":"ZONE K","STRCTDPTH":2.984,"ELEV_GND":6.266,"ELEV_INV":3.282,"LABEL":"K-MH-131","Inastallation_Status":1,"X":411032.94759999961,"Y":2923230.6084000003,"Depth_Class":"2 - 3 m","District":"Madinat Al Aamal (Business City)"}},{"type":"Feature","id":2480,"geometry":{"type":"Point","coordinates":[410971.15629999992,2923230.3311000001]},"properties":{"OBJECTID":2480,"Zone":"ZONE K","STRCTDPTH":2.9289999999999998,"ELEV_GND":6.3049999999999997,"ELEV_INV":3.3759999999999999,"LABEL":"K-MH-132","Inastallation_Status":1,"X":410971.15629999992,"Y":2923230.3311000001,"Depth_Class":"2 - 3 m","District":"Madinat Al Aamal (Business City)"}},{"type":"Feature","id":2481,"geometry":{"type":"Point","coordinates":[410970.38300000038,2923290.5872000009]},"properties":{"OBJECTID":2481,"Zone":"ZONE K","STRCTDPTH":2.5550000000000002,"ELEV_GND":6.2770000000000001,"ELEV_INV":3.722,"LABEL":"K-MH-132-1","Inastallation_Status":1,"X":410970.38300000038,"Y":2923290.5872000009,"Depth_Class":"2 - 3 m","District":"Madinat Al Aamal (Business City)"}},{"type":"Feature","id":2482,"geometry":{"type":"Point","coordinates":[410971.26599999983,2923358.3715000004]},"properties":{"OBJECTID":2482,"Zone":"ZONE K","STRCTDPTH":1.9850000000000003,"ELEV_GND":5.9240000000000004,"ELEV_INV":3.9390000000000001,"LABEL":"K-MH-132-2","Inastallation_Status":1,"X":410971.26599999983,"Y":2923358.3715000004,"Depth_Class":"1 - 2 m","District":"Madinat Al Aamal (Business City)"}},{"type":"Feature","id":2483,"geometry":{"type":"Point","coordinates":[410971.26599999983,2923423.3618999999]},"properties":{"OBJECTID":2483,"Zone":"ZONE K","STRCTDPTH":1.7119999999999997,"ELEV_GND":5.859,"ELEV_INV":4.1470000000000002,"LABEL":"K-MH-132-3","Inastallation_Status":1,"X":410971.26599999983,"Y":2923423.3618999999,"Depth_Class":"1 - 2 m","District":"Madinat Al Aamal (Business City)"}},{"type":"Feature","id":2484,"geometry":{"type":"Point","coordinates":[410971.26599999983,2923167.4669000003]},"properties":{"OBJECTID":2484,"Zone":"ZONE K","STRCTDPTH":1.9570000000000007,"ELEV_GND":6.6980000000000004,"ELEV_INV":4.7409999999999997,"LABEL":"K-MH-132-4","Inastallation_Status":1,"X":410971.26599999983,"Y":2923167.4669000003,"Depth_Class":"1 - 2 m","District":"Madinat Al Aamal (Business City)"}},{"type":"Feature","id":2485,"geometry":{"type":"Point","coordinates":[410971.06419999991,2923108.1575000007]},"properties":{"OBJECTID":2485,"Zone":"ZONE K","STRCTDPTH":2.2210000000000001,"ELEV_GND":7.21,"ELEV_INV":4.9889999999999999,"LABEL":"K-MH-132-5","Inastallation_Status":1,"X":410971.06419999991,"Y":2923108.1575000007,"Depth_Class":"2 - 3 m","District":"Madinat Al Aamal (Business City)"}},{"type":"Feature","id":2486,"geometry":{"type":"Point","coordinates":[410971.13599999994,2923038.4860999994]},"properties":{"OBJECTID":2486,"Zone":"ZONE K","STRCTDPTH":1.827,"ELEV_GND":7.0389999999999997,"ELEV_INV":5.2119999999999997,"LABEL":"K-MH-132-6","Inastallation_Status":1,"X":410971.13599999994,"Y":2923038.4860999994,"Depth_Class":"1 - 2 m","District":"Madinat Al Aamal (Business City)"}},{"type":"Feature","id":2487,"geometry":{"type":"Point","coordinates":[410971.26599999983,2922985.8066000007]},"properties":{"OBJECTID":2487,"Zone":"ZONE K","STRCTDPTH":1.7649999999999997,"ELEV_GND":7.1449999999999996,"ELEV_INV":5.3799999999999999,"LABEL":"K-MH-132-7","Inastallation_Status":1,"X":410971.26599999983,"Y":2922985.8066000007,"Depth_Class":"1 - 2 m","District":"Madinat Al Aamal (Business City)"}},{"type":"Feature","id":2488,"geometry":{"type":"Point","coordinates":[410971.26599999983,2922925.9887000006]},"properties":{"OBJECTID":2488,"Zone":"ZONE K","STRCTDPTH":1.8789999999999996,"ELEV_GND":7.4509999999999996,"ELEV_INV":5.5720000000000001,"LABEL":"K-MH-132-8","Inastallation_Status":1,"X":410971.26599999983,"Y":2922925.9887000006,"Depth_Class":"1 - 2 m","District":"Madinat Al Aamal (Business City)"}},{"type":"Feature","id":2489,"geometry":{"type":"Point","coordinates":[410971.26599999983,2922862.4465999994]},"properties":{"OBJECTID":2489,"Zone":"ZONE K","STRCTDPTH":1.8049999999999997,"ELEV_GND":7.694,"ELEV_INV":5.8890000000000002,"LABEL":"K-MH-132-9","Inastallation_Status":1,"X":410971.26599999983,"Y":2922862.4465999994,"Depth_Class":"1 - 2 m","District":"Madinat Al Aamal (Business City)"}},{"type":"Feature","id":2490,"geometry":{"type":"Point","coordinates":[410900.97979999986,2923231.6057999991]},"properties":{"OBJECTID":2490,"Zone":"ZONE K","STRCTDPTH":2.9250000000000003,"ELEV_GND":6.5300000000000002,"ELEV_INV":3.605,"LABEL":"K-MH-133","Inastallation_Status":1,"X":410900.97979999986,"Y":2923231.6057999991,"Depth_Class":"2 - 3 m","District":"Madinat Al Aamal (Business City)"}},{"type":"Feature","id":2491,"geometry":{"type":"Point","coordinates":[410899.96690000035,2923289.1417999994]},"properties":{"OBJECTID":2491,"Zone":"ZONE K","STRCTDPTH":2.5110000000000001,"ELEV_GND":6.399,"ELEV_INV":3.8879999999999999,"LABEL":"K-MH-133-1","Inastallation_Status":1,"X":410899.96690000035,"Y":2923289.1417999994,"Depth_Class":"2 - 3 m","District":"Madinat Al Aamal (Business City)"}},{"type":"Feature","id":2492,"geometry":{"type":"Point","coordinates":[410901.10209999979,2923358.5934999995]},"properties":{"OBJECTID":2492,"Zone":"ZONE K","STRCTDPTH":2.0880000000000001,"ELEV_GND":6.1980000000000004,"ELEV_INV":4.1100000000000003,"LABEL":"K-MH-133-2","Inastallation_Status":1,"X":410901.10209999979,"Y":2923358.5934999995,"Depth_Class":"2 - 3 m","District":"Madinat Al Aamal (Business City)"}},{"type":"Feature","id":2493,"geometry":{"type":"Point","coordinates":[410901.22819999978,2923424.7191000003]},"properties":{"OBJECTID":2493,"Zone":"ZONE K","STRCTDPTH":1.7119999999999997,"ELEV_GND":6.0339999999999998,"ELEV_INV":4.3220000000000001,"LABEL":"K-MH-133-3","Inastallation_Status":1,"X":410901.22819999978,"Y":2923424.7191000003,"Depth_Class":"1 - 2 m","District":"Madinat Al Aamal (Business City)"}},{"type":"Feature","id":2494,"geometry":{"type":"Point","coordinates":[410901.22819999978,2923168.8241000008]},"properties":{"OBJECTID":2494,"Zone":"ZONE K","STRCTDPTH":1.8499999999999996,"ELEV_GND":6.8159999999999998,"ELEV_INV":4.9660000000000002,"LABEL":"K-MH-133-4","Inastallation_Status":1,"X":410901.22819999978,"Y":2923168.8241000008,"Depth_Class":"1 - 2 m","District":"Madinat Al Aamal (Business City)"}},{"type":"Feature","id":2495,"geometry":{"type":"Point","coordinates":[410901.22819999978,2923108.8903999999]},"properties":{"OBJECTID":2495,"Zone":"ZONE K","STRCTDPTH":2.1440000000000001,"ELEV_GND":7.3120000000000003,"ELEV_INV":5.1680000000000001,"LABEL":"K-MH-133-5","Inastallation_Status":1,"X":410901.22819999978,"Y":2923108.8903999999,"Depth_Class":"2 - 3 m","District":"Madinat Al Aamal (Business City)"}},{"type":"Feature","id":2496,"geometry":{"type":"Point","coordinates":[410901.2145999996,2923039.1228999998]},"properties":{"OBJECTID":2496,"Zone":"ZONE K","STRCTDPTH":1.8419999999999996,"ELEV_GND":7.2329999999999997,"ELEV_INV":5.391,"LABEL":"K-MH-133-6","Inastallation_Status":1,"X":410901.2145999996,"Y":2923039.1228999998,"Depth_Class":"1 - 2 m","District":"Madinat Al Aamal (Business City)"}},{"type":"Feature","id":2497,"geometry":{"type":"Point","coordinates":[410901.22819999978,2922986.5330999997]},"properties":{"OBJECTID":2497,"Zone":"ZONE K","STRCTDPTH":1.7640000000000002,"ELEV_GND":7.3239999999999998,"ELEV_INV":5.5599999999999996,"LABEL":"K-MH-133-7","Inastallation_Status":1,"X":410901.22819999978,"Y":2922986.5330999997,"Depth_Class":"1 - 2 m","District":"Madinat Al Aamal (Business City)"}},{"type":"Feature","id":2498,"geometry":{"type":"Point","coordinates":[410900.28220000025,2922927.6612999998]},"properties":{"OBJECTID":2498,"Zone":"ZONE K","STRCTDPTH":1.9079999999999995,"ELEV_GND":7.6559999999999997,"ELEV_INV":5.7480000000000002,"LABEL":"K-MH-133-8","Inastallation_Status":1,"X":410900.28220000025,"Y":2922927.6612999998,"Depth_Class":"1 - 2 m","District":"Madinat Al Aamal (Business City)"}},{"type":"Feature","id":2499,"geometry":{"type":"Point","coordinates":[410900.64659999963,2922862.9313999992]},"properties":{"OBJECTID":2499,"Zone":"ZONE K","STRCTDPTH":1.782,"ELEV_GND":7.8799999999999999,"ELEV_INV":6.0979999999999999,"LABEL":"K-MH-133-9","Inastallation_Status":1,"X":410900.64659999963,"Y":2922862.9313999992,"Depth_Class":"1 - 2 m","District":"Madinat Al Aamal (Business City)"}},{"type":"Feature","id":2500,"geometry":{"type":"Point","coordinates":[410835.23680000007,2923231.5171000008]},"properties":{"OBJECTID":2500,"Zone":"ZONE K","STRCTDPTH":2.9269999999999996,"ELEV_GND":6.7649999999999997,"ELEV_INV":3.8380000000000001,"LABEL":"K-MH-134","Inastallation_Status":1,"X":410835.23680000007,"Y":2923231.5171000008,"Depth_Class":"2 - 3 m","District":"Madinat Al Aamal (Business City)"}},{"type":"Feature","id":2501,"geometry":{"type":"Point","coordinates":[410836.55030000024,2923288.7382999994]},"properties":{"OBJECTID":2501,"Zone":"ZONE K","STRCTDPTH":2.4409999999999998,"ELEV_GND":6.5110000000000001,"ELEV_INV":4.0700000000000003,"LABEL":"K-MH-134-1","Inastallation_Status":1,"X":410836.55030000024,"Y":2923288.7382999994,"Depth_Class":"2 - 3 m","District":"Madinat Al Aamal (Business City)"}},{"type":"Feature","id":2502,"geometry":{"type":"Point","coordinates":[410836.11429999955,2923357.4298]},"properties":{"OBJECTID":2502,"Zone":"ZONE K","STRCTDPTH":1.992,"ELEV_GND":6.282,"ELEV_INV":4.29,"LABEL":"K-MH-134-2","Inastallation_Status":1,"X":410836.11429999955,"Y":2923357.4298,"Depth_Class":"1 - 2 m","District":"Madinat Al Aamal (Business City)"}},{"type":"Feature","id":2503,"geometry":{"type":"Point","coordinates":[410835.52940000035,2923425.1355000008]},"properties":{"OBJECTID":2503,"Zone":"ZONE K","STRCTDPTH":1.7119999999999997,"ELEV_GND":6.218,"ELEV_INV":4.5060000000000002,"LABEL":"K-MH-134-3","Inastallation_Status":1,"X":410835.52940000035,"Y":2923425.1355000008,"Depth_Class":"1 - 2 m","District":"Madinat Al Aamal (Business City)"}},{"type":"Feature","id":2504,"geometry":{"type":"Point","coordinates":[410833.88960000034,2923166.8556999993]},"properties":{"OBJECTID":2504,"Zone":"ZONE K","STRCTDPTH":1.9569999999999999,"ELEV_GND":7.0620000000000003,"ELEV_INV":5.1050000000000004,"LABEL":"K-MH-134-4","Inastallation_Status":1,"X":410833.88960000034,"Y":2923166.8556999993,"Depth_Class":"1 - 2 m","District":"Madinat Al Aamal (Business City)"}},{"type":"Feature","id":2505,"geometry":{"type":"Point","coordinates":[410834.29320000019,2923109.2311000004]},"properties":{"OBJECTID":2505,"Zone":"ZONE K","STRCTDPTH":2.0880000000000001,"ELEV_GND":7.3769999999999998,"ELEV_INV":5.2889999999999997,"LABEL":"K-MH-134-5","Inastallation_Status":1,"X":410834.29320000019,"Y":2923109.2311000004,"Depth_Class":"2 - 3 m","District":"Madinat Al Aamal (Business City)"}},{"type":"Feature","id":2506,"geometry":{"type":"Point","coordinates":[410833.99980000034,2923039.7915000003]},"properties":{"OBJECTID":2506,"Zone":"ZONE K","STRCTDPTH":1.9059999999999997,"ELEV_GND":7.4169999999999998,"ELEV_INV":5.5110000000000001,"LABEL":"K-MH-134-6","Inastallation_Status":1,"X":410833.99980000034,"Y":2923039.7915000003,"Depth_Class":"1 - 2 m","District":"Madinat Al Aamal (Business City)"}},{"type":"Feature","id":2507,"geometry":{"type":"Point","coordinates":[410833.88960000034,2922986.3188000005]},"properties":{"OBJECTID":2507,"Zone":"ZONE K","STRCTDPTH":1.7649999999999997,"ELEV_GND":7.4470000000000001,"ELEV_INV":5.6820000000000004,"LABEL":"K-MH-134-7","Inastallation_Status":1,"X":410833.88960000034,"Y":2922986.3188000005,"Depth_Class":"1 - 2 m","District":"Madinat Al Aamal (Business City)"}},{"type":"Feature","id":2508,"geometry":{"type":"Point","coordinates":[410834.20490000024,2922929.0237000007]},"properties":{"OBJECTID":2508,"Zone":"ZONE K","STRCTDPTH":1.835,"ELEV_GND":7.7009999999999996,"ELEV_INV":5.8659999999999997,"LABEL":"K-MH-134-8","Inastallation_Status":1,"X":410834.20490000024,"Y":2922929.0237000007,"Depth_Class":"1 - 2 m","District":"Madinat Al Aamal (Business City)"}},{"type":"Feature","id":2509,"geometry":{"type":"Point","coordinates":[410833.88960000034,2922863.4912999999]},"properties":{"OBJECTID":2509,"Zone":"ZONE K","STRCTDPTH":1.7640000000000002,"ELEV_GND":7.8470000000000004,"ELEV_INV":6.0830000000000002,"LABEL":"K-MH-134-9","Inastallation_Status":1,"X":410833.88960000034,"Y":2922863.4912999999,"Depth_Class":"1 - 2 m","District":"Madinat Al Aamal (Business City)"}},{"type":"Feature","id":2510,"geometry":{"type":"Point","coordinates":[410783.07629999984,2923232.0996000003]},"properties":{"OBJECTID":2510,"Zone":"ZONE K","STRCTDPTH":2.7480000000000002,"ELEV_GND":6.8479999999999999,"ELEV_INV":4.0999999999999996,"LABEL":"K-MH-135","Inastallation_Status":1,"X":410783.07629999984,"Y":2923232.0996000003,"Depth_Class":"2 - 3 m","District":"Madinat Al Aamal (Business City)"}},{"type":"Feature","id":2511,"geometry":{"type":"Point","coordinates":[410782.24189999979,2923288.0616999995]},"properties":{"OBJECTID":2511,"Zone":"ZONE K","STRCTDPTH":2.4089999999999998,"ELEV_GND":6.6879999999999997,"ELEV_INV":4.2789999999999999,"LABEL":"K-MH-135-1","Inastallation_Status":1,"X":410782.24189999979,"Y":2923288.0616999995,"Depth_Class":"2 - 3 m","District":"Madinat Al Aamal (Business City)"}},{"type":"Feature","id":2512,"geometry":{"type":"Point","coordinates":[410782.55730000045,2923356.2558999993]},"properties":{"OBJECTID":2512,"Zone":"ZONE K","STRCTDPTH":1.9729999999999999,"ELEV_GND":6.4699999999999998,"ELEV_INV":4.4969999999999999,"LABEL":"K-MH-135-2","Inastallation_Status":1,"X":410782.55730000045,"Y":2923356.2558999993,"Depth_Class":"1 - 2 m","District":"Madinat Al Aamal (Business City)"}},{"type":"Feature","id":2513,"geometry":{"type":"Point","coordinates":[410783.34559999965,2923425.4639999997]},"properties":{"OBJECTID":2513,"Zone":"ZONE K","STRCTDPTH":1.7119999999999997,"ELEV_GND":6.4299999999999997,"ELEV_INV":4.718,"LABEL":"K-MH-135-3","Inastallation_Status":1,"X":410783.34559999965,"Y":2923425.4639999997,"Depth_Class":"1 - 2 m","District":"Madinat Al Aamal (Business City)"}},{"type":"Feature","id":2514,"geometry":{"type":"Point","coordinates":[410783.34559999965,2923168.5835999995]},"properties":{"OBJECTID":2514,"Zone":"ZONE K","STRCTDPTH":1.9020000000000001,"ELEV_GND":7.1669999999999998,"ELEV_INV":5.2649999999999997,"LABEL":"K-MH-135-4","Inastallation_Status":1,"X":410783.34559999965,"Y":2923168.5835999995,"Depth_Class":"1 - 2 m","District":"Madinat Al Aamal (Business City)"}},{"type":"Feature","id":2515,"geometry":{"type":"Point","coordinates":[410782.36490000039,2923109.4334999993]},"properties":{"OBJECTID":2515,"Zone":"ZONE K","STRCTDPTH":2.0460000000000003,"ELEV_GND":7.5,"ELEV_INV":5.4539999999999997,"LABEL":"K-MH-135-5","Inastallation_Status":1,"X":410782.36490000039,"Y":2923109.4334999993,"Depth_Class":"2 - 3 m","District":"Madinat Al Aamal (Business City)"}},{"type":"Feature","id":2516,"geometry":{"type":"Point","coordinates":[410782.42009999976,2923040.1680999994]},"properties":{"OBJECTID":2516,"Zone":"ZONE K","STRCTDPTH":1.8940000000000001,"ELEV_GND":7.5700000000000003,"ELEV_INV":5.6760000000000002,"LABEL":"K-MH-135-6","Inastallation_Status":1,"X":410782.42009999976,"Y":2923040.1680999994,"Depth_Class":"1 - 2 m","District":"Madinat Al Aamal (Business City)"}},{"type":"Feature","id":2517,"geometry":{"type":"Point","coordinates":[410782.39960000012,2922987.5933999997]},"properties":{"OBJECTID":2517,"Zone":"ZONE K","STRCTDPTH":1.7779999999999996,"ELEV_GND":7.6219999999999999,"ELEV_INV":5.8440000000000003,"LABEL":"K-MH-135-7","Inastallation_Status":1,"X":410782.39960000012,"Y":2922987.5933999997,"Depth_Class":"1 - 2 m","District":"Madinat Al Aamal (Business City)"}},{"type":"Feature","id":2518,"geometry":{"type":"Point","coordinates":[410781.76889999956,2922926.8295000009]},"properties":{"OBJECTID":2518,"Zone":"ZONE K","STRCTDPTH":1.8119999999999994,"ELEV_GND":7.8499999999999996,"ELEV_INV":6.0380000000000003,"LABEL":"K-MH-135-8","Inastallation_Status":1,"X":410781.76889999956,"Y":2922926.8295000009,"Depth_Class":"1 - 2 m","District":"Madinat Al Aamal (Business City)"}},{"type":"Feature","id":2519,"geometry":{"type":"Point","coordinates":[410782.18240000028,2922866.5844000001]},"properties":{"OBJECTID":2519,"Zone":"ZONE K","STRCTDPTH":1.7650000000000006,"ELEV_GND":7.9960000000000004,"ELEV_INV":6.2309999999999999,"LABEL":"K-MH-135-9","Inastallation_Status":1,"X":410782.18240000028,"Y":2922866.5844000001,"Depth_Class":"1 - 2 m","District":"Madinat Al Aamal (Business City)"}},{"type":"Feature","id":2520,"geometry":{"type":"Point","coordinates":[410721.07100000046,2923232.1374999993]},"properties":{"OBJECTID":2520,"Zone":"ZONE K","STRCTDPTH":2.6160000000000005,"ELEV_GND":6.9690000000000003,"ELEV_INV":4.3529999999999998,"LABEL":"K-MH-136","Inastallation_Status":1,"X":410721.07100000046,"Y":2923232.1374999993,"Depth_Class":"2 - 3 m","District":"Madinat Al Aamal (Business City)"}},{"type":"Feature","id":2521,"geometry":{"type":"Point","coordinates":[410720.8535000002,2923287.6126000006]},"properties":{"OBJECTID":2521,"Zone":"ZONE K","STRCTDPTH":2.3550000000000004,"ELEV_GND":6.8860000000000001,"ELEV_INV":4.5309999999999997,"LABEL":"K-MH-136-1","Inastallation_Status":1,"X":410720.8535000002,"Y":2923287.6126000006,"Depth_Class":"2 - 3 m","District":"Madinat Al Aamal (Business City)"}},{"type":"Feature","id":2522,"geometry":{"type":"Point","coordinates":[410721.18240000028,2923357.1421000008]},"properties":{"OBJECTID":2522,"Zone":"ZONE K","STRCTDPTH":1.9790000000000001,"ELEV_GND":6.7320000000000002,"ELEV_INV":4.7530000000000001,"LABEL":"K-MH-136-2","Inastallation_Status":1,"X":410721.18240000028,"Y":2923357.1421000008,"Depth_Class":"1 - 2 m","District":"Madinat Al Aamal (Business City)"}},{"type":"Feature","id":2523,"geometry":{"type":"Point","coordinates":[410721.2276999997,2923425.4639999997]},"properties":{"OBJECTID":2523,"Zone":"ZONE K","STRCTDPTH":1.7119999999999997,"ELEV_GND":6.6840000000000002,"ELEV_INV":4.9720000000000004,"LABEL":"K-MH-136-3","Inastallation_Status":1,"X":410721.2276999997,"Y":2923425.4639999997,"Depth_Class":"1 - 2 m","District":"Madinat Al Aamal (Business City)"}},{"type":"Feature","id":2524,"geometry":{"type":"Point","coordinates":[410722.21310000028,2923167.5980999991]},"properties":{"OBJECTID":2524,"Zone":"ZONE K","STRCTDPTH":1.8920000000000003,"ELEV_GND":7.3029999999999999,"ELEV_INV":5.4109999999999996,"LABEL":"K-MH-137","Inastallation_Status":1,"X":410722.21310000028,"Y":2923167.5980999991,"Depth_Class":"1 - 2 m","District":"Madinat Al Aamal (Business City)"}},{"type":"Feature","id":2525,"geometry":{"type":"Point","coordinates":[410721.62179999985,2923110.2313000001]},"properties":{"OBJECTID":2525,"Zone":"ZONE K","STRCTDPTH":2.048,"ELEV_GND":7.6470000000000002,"ELEV_INV":5.5990000000000002,"LABEL":"K-MH-138","Inastallation_Status":1,"X":410721.62179999985,"Y":2923110.2313000001,"Depth_Class":"2 - 3 m","District":"Madinat Al Aamal (Business City)"}},{"type":"Feature","id":2526,"geometry":{"type":"Point","coordinates":[410721.0075000003,2923040.6744999997]},"properties":{"OBJECTID":2526,"Zone":"ZONE K","STRCTDPTH":1.923,"ELEV_GND":7.7450000000000001,"ELEV_INV":5.8220000000000001,"LABEL":"K-MH-139","Inastallation_Status":1,"X":410721.0075000003,"Y":2923040.6744999997,"Depth_Class":"1 - 2 m","District":"Madinat Al Aamal (Business City)"}},{"type":"Feature","id":2527,"geometry":{"type":"Point","coordinates":[410720.59700000007,2922984.4398999996]},"properties":{"OBJECTID":2527,"Zone":"ZONE K","STRCTDPTH":1.8220000000000001,"ELEV_GND":7.8239999999999998,"ELEV_INV":6.0019999999999998,"LABEL":"K-MH-140","Inastallation_Status":1,"X":410720.59700000007,"Y":2922984.4398999996,"Depth_Class":"1 - 2 m","District":"Madinat Al Aamal (Business City)"}},{"type":"Feature","id":2528,"geometry":{"type":"Point","coordinates":[410719.79719999991,2922925.8834000006]},"properties":{"OBJECTID":2528,"Zone":"ZONE K","STRCTDPTH":1.8349999999999991,"ELEV_GND":8.0239999999999991,"ELEV_INV":6.1890000000000001,"LABEL":"K-MH-141","Inastallation_Status":1,"X":410719.79719999991,"Y":2922925.8834000006,"Depth_Class":"1 - 2 m","District":"Madinat Al Aamal (Business City)"}},{"type":"Feature","id":2529,"geometry":{"type":"Point","coordinates":[410718.7293999996,2922868.0384]},"properties":{"OBJECTID":2529,"Zone":"ZONE K","STRCTDPTH":1.7639999999999993,"ELEV_GND":8.1389999999999993,"ELEV_INV":6.375,"LABEL":"K-MH-142","Inastallation_Status":1,"X":410718.7293999996,"Y":2922868.0384,"Depth_Class":"1 - 2 m","District":"Madinat Al Aamal (Business City)"}},{"type":"Feature","id":2530,"geometry":{"type":"Point","coordinates":[405696.41029999964,2919256.1844999995]},"properties":{"OBJECTID":2530,"Zone":"Zone D","STRCTDPTH":1.4269999999999996,"ELEV_GND":19.376999999999999,"ELEV_INV":17.949999999999999,"LABEL":"D-MH-1","Inastallation_Status":3,"X":405696.41029999964,"Y":2919256.1844999995,"Depth_Class":"1 - 2 m","District":"Al Faisaliyah"}},{"type":"Feature","id":2531,"geometry":{"type":"Point","coordinates":[405716.04430000018,2919234.1504999995]},"properties":{"OBJECTID":2531,"Zone":"Zone D","STRCTDPTH":1.2050000000000018,"ELEV_GND":19.550000000000001,"ELEV_INV":18.344999999999999,"LABEL":"D-MH-2","Inastallation_Status":3,"X":405716.04430000018,"Y":2919234.1504999995,"Depth_Class":"1 - 2 m","District":"Al Faisaliyah"}},{"type":"Feature","id":2532,"geometry":{"type":"Point","coordinates":[405735.25349999964,2919212.7256000005]},"properties":{"OBJECTID":2532,"Zone":"Zone D","STRCTDPTH":1.1560000000000024,"ELEV_GND":19.670000000000002,"ELEV_INV":18.513999999999999,"LABEL":"D-MH-3","Inastallation_Status":3,"X":405735.25349999964,"Y":2919212.7256000005,"Depth_Class":"1 - 2 m","District":"Al Faisaliyah"}},{"type":"Feature","id":2533,"geometry":{"type":"Point","coordinates":[406073.27500000037,2920676.1740000006]},"properties":{"OBJECTID":2533,"Zone":"Zone D","STRCTDPTH":2.6499999999999986,"ELEV_GND":15.529999999999999,"ELEV_INV":12.880000000000001,"LABEL":"D-MH-61-1","Inastallation_Status":1,"X":406073.27500000037,"Y":2920676.1740000006,"Depth_Class":"2 - 3 m","District":"Al Faisaliyah"}},{"type":"Feature","id":2534,"geometry":{"type":"Point","coordinates":[410777.66899999976,2918697.1170000006]},"properties":{"OBJECTID":2534,"Zone":"Zone G","STRCTDPTH":2.7219999999999978,"ELEV_GND":32.073999999999998,"ELEV_INV":29.352,"LABEL":"G-MH-268-1","Inastallation_Status":2,"X":410777.66899999976,"Y":2918697.1170000006,"Depth_Class":"2 - 3 m","District":"Al Nuzha"}},{"type":"Feature","id":2535,"geometry":{"type":"Point","coordinates":[410862.71899999958,2918771.1490000002]},"properties":{"OBJECTID":2535,"Zone":"Zone G","STRCTDPTH":1.985000000000003,"ELEV_GND":30.670000000000002,"ELEV_INV":28.684999999999999,"LABEL":"G-MH-266-1","Inastallation_Status":2,"X":410862.71899999958,"Y":2918771.1490000002,"Depth_Class":"1 - 2 m","District":"Al Nuzha"}}]}